mtllib materials.mtl
v 0.03876543 -0.3180444 0.9420068
v 0.03876543 -0.3180444 0.6620067
v 0.03876567 -0.3180444 0.3820067
v 0.0241034 -0.3230445 0.3820069
v -0.0005595684 0.281956 0.9520069
v -0.0005595684 0.2819562 0.392007
v 0.03876567 0.2519557 0.3820068
v 0.03876543 0.2519555 0.9420068
v -0.001234293 -0.3280447 0.9520066
v 0.03876519 -0.264169 1.022639
v 0.009440899 -0.3280447 -0.1779929
v 0.03876591 -0.3180442 -0.1779932
v 0.03876615 -0.03304434 -0.1779931
v 0.03876591 0.2519557 -0.1779931
v 0.01876616 -0.03304434 -0.1779931
v -0.0005595684 -0.03304434 1.102007
v -0.0005595684 -0.1042943 1.102007
v 0.03876543 -0.2467945 0.8982567
v 0.03876543 -0.228982 0.8873192
v 0.03876543 -0.2111695 0.8763818
v 0.03876543 -0.193357 0.8654441
v -0.00055933 0.281956 -0.1679929
v 0.03876519 -0.03304434 1.082007
v 0.03876543 0.002580643 1.082007
v 0.03876543 0.002580643 1.045366
v 0.03876543 -0.01523185 1.043999
v 0.03876543 -0.03304434 1.042632
v 0.03876519 0.03820562 1.082007
v 0.03876543 0.02039313 1.082007
v -0.0005595684 0.1368303 1.092639
v 0.03876519 0.1980803 1.022639
v 0.03876543 0.1802676 1.035139
v 0.03876543 0.1624551 1.047639
v 0.03876543 0.1446426 1.060139
v 0.03876519 0.1268301 1.072639
v -0.001234531 -0.192919 1.082639
v 0.03876519 -0.1042945 1.082007
v 0.03876543 -0.1153727 1.080836
v 0.03876543 -0.1264505 1.079665
v 0.03876543 -0.1486068 1.077323
v 0.03876543 -0.1707628 1.074981
v 0.03876543 -0.1818409 1.07381
v 0.03876519 -0.192919 1.072639
v -0.0005595684 0.03820586 1.102007
v 0.03876543 0.08251786 1.077323
v 0.03876543 0.06036186 1.079665
v 0.03876543 -0.06866956 1.082007
v 0.03876543 -0.08648205 1.082007
v -0.0005595684 -0.274169 1.032639
v 0.03876543 -0.2107315 1.060139
v 0.03876543 -0.228544 1.047639
v 0.03876543 -0.2463565 1.035139
v -0.001234531 0.2180803 1.042639
v 0.03876543 0.20453 1.012986
v 0.004103422 -0.3280449 0.3870068
v 0.03876567 -0.03304434 0.4520067
v 0.03876567 -0.03304434 0.6095067
v 0.03876543 0.1628931 0.8873192
v 0.03876543 0.1807055 0.8982567
v 0.03876543 -0.2619972 1.007091
v 0.03876543 -0.2598255 0.9915434
v 0.03876543 -0.2576535 0.9759957
v 0.03876543 -0.2554817 0.9604479
v 0.03876543 -0.25331 0.9449002
v 0.03876543 -0.251138 0.9293524
v 0.03876543 -0.2489662 0.9138049
v 0.03876543 0.1424708 1.035802
v 0.03876543 0.1246583 1.045372
v 0.03876543 0.1945553 0.9974042
v 0.03876543 0.1959083 1.007091
v 0.03876543 0.05818987 0.9506794
v 0.03876543 0.03820562 0.9463817
v 0.03876543 -0.1666381 0.8490378
v 0.03876543 -0.1755443 0.8545066
v 0.03876543 -0.1777163 0.8817734
v 0.03876543 -0.179888 0.9090396
v 0.03876543 -0.1842318 0.9635726
v 0.03876543 -0.1864035 0.9908394
v 0.03876543 -0.1885753 1.018106
v 0.03876543 -0.1907473 1.045372
v 0.03876567 -0.08648181 0.7998191
v 0.03876567 -0.1042943 0.8107566
v 0.03876543 0.02039313 0.7998189
v 0.03876543 0.002580643 0.7888814
v 0.03876543 0.002580643 0.8255218
v 0.03876543 0.002580643 0.8438421
v 0.03876543 0.002580643 0.8621627
v 0.03876543 0.002580643 0.8804828
v 0.03876543 0.002580643 0.8988034
v 0.03876543 0.002580643 0.935444
v 0.03876543 0.002580643 0.9720846
v 0.03876543 0.002580643 1.008725
v 0.03876543 -0.05085707 1.043999
v 0.03876543 -0.06866956 1.045366
v 0.03876543 0.1780958 1.016661
v 0.03876543 0.1602833 1.026231
v 0.03876543 0.1715803 0.961229
v 0.03876543 0.1672368 0.9242743
v 0.03876543 0.1494241 0.9191958
v 0.03876543 0.1505148 0.9299453
v 0.03876543 0.1705556 0.9612738
v 0.03876543 0.1537678 0.96201
v 0.03876543 0.1506023 0.9308099
v 0.03876543 0.1416042 0.9169666
v 0.03876543 0.1403332 0.9166042
v 0.03876543 0.1316118 0.9141179
v 0.03876543 0.1338959 0.9397134
v 0.03876543 0.1477551 0.962274
v 0.03876543 0.1893928 0.9604477
v 0.03876543 0.1850493 0.9293524
v 0.03876543 0.1359553 0.9627916
v 0.03876543 0.1339669 0.9405094
v 0.03876543 0.11569 0.9095787
v 0.03876543 0.1137993 0.9090396
v 0.03876543 0.1181428 0.9635726
v 0.03876543 0.1937366 0.9915432
v 0.03876543 0.1929214 0.9918472
v 0.03876543 0.1759241 0.9981841
v 0.03876543 0.1548455 0.9726316
v 0.03876543 0.1700501 1.000374
v 0.03876543 0.1581116 1.004825
v 0.03876543 0.1549692 0.9738525
v 0.03876543 0.1402991 1.011465
v 0.03876543 0.1224866 1.018105
v 0.03876543 0.1828775 0.9138049
v 0.03876543 0.1650648 0.9057966
v 0.03876543 0.1659327 0.9131807
v 0.03876543 0.1472523 0.8977886
v 0.03876543 0.140101 0.8945736
v 0.03876543 0.1340046 0.8979067
v 0.03876543 0.1341279 0.9055592
v 0.03876543 0.1302285 0.8986186
v 0.03876543 0.1294398 0.8897811
v 0.03876543 0.1116273 0.8817734
v 0.03876543 0.1571922 0.9022573
v 0.03876543 0.1450806 0.8763818
v 0.03876543 0.1272681 0.8654441
v 0.03876543 0.1339061 0.8917888
v 0.03876543 0.1094556 0.8545066
v 0.03876567 -0.03304434 0.7670065
v 0.03876543 0.03820562 0.8107566
v 0.03876543 0.05601811 0.8216943
v 0.03876543 0.0738306 0.8326317
v 0.03876543 0.0916431 0.8435692
v 0.03876543 0.0981586 0.9592746
v 0.03876543 0.07817435 0.9549769
v 0.03876543 0.07708836 0.9243904
v 0.03876543 0.05764699 0.9184328
v 0.03876543 0.0749166 0.8632177
v 0.03876543 0.07600236 0.8938042
v 0.03876543 0.03820562 0.9124755
v 0.03876543 0.03820562 0.8785692
v 0.03876543 0.03820562 0.8446628
v 0.03876543 0.05656123 0.8539408
v 0.03876543 0.05710411 0.8861867
v 0.03876543 -0.01449776 0.8922492
v 0.03876543 -0.03304434 0.8914195
v 0.03876543 -0.03304434 0.8919474
v 0.03876543 -0.03304434 0.9245065
v 0.03876543 -0.05033183 0.891766
v 0.03876543 -0.05085683 0.8919674
v 0.03876543 -0.06866932 0.8988036
v 0.03876543 -0.06866932 0.935444
v 0.03876543 -0.01523185 0.8349556
v 0.03876543 -0.01523185 0.8539597
v 0.03876543 -0.03304434 0.8457566
v 0.03876543 -0.03304434 0.826069
v 0.03876543 -0.05085683 0.8349556
v 0.03876543 -0.05085683 0.8539597
v 0.03876543 -0.01523185 0.9679834
v 0.03876543 -0.01523185 0.9869872
v 0.03876543 -0.01523185 1.005991
v 0.03876543 -0.03304434 1.003256
v 0.03876543 -0.03304434 0.9835695
v 0.03876543 -0.05085683 0.9869875
v 0.03876543 -0.05085683 1.005991
v 0.03876543 -0.03304434 0.9638819
v 0.03876543 -0.06866956 0.9720846
v 0.03876543 -0.05085683 0.9679834
v 0.03876543 -0.03304434 1.022944
v 0.03876543 -0.05085707 1.024995
v 0.03876543 -0.01523185 1.024995
v 0.03876543 -0.06866956 1.008725
v 0.03876543 -0.01523185 0.8729633
v 0.03876543 -0.01523185 0.8919674
v 0.03876543 -0.03304434 0.8851315
v 0.03876543 -0.03304434 0.8654438
v 0.03876543 -0.05085683 0.8729635
v 0.03876543 -0.03304434 0.8063816
v 0.03876567 -0.06866932 0.7888817
v 0.03876567 -0.06866932 0.8255218
v 0.03876543 -0.03304434 0.8530279
v 0.03876567 -0.06866932 0.8438421
v 0.03876567 -0.06866932 0.8621627
v 0.03876543 -0.06866932 0.8804833
v 0.03876543 -0.1259077 1.047418
v 0.03876543 -0.1475208 1.046736
v 0.03876543 -0.1151011 1.047759
v 0.03876543 -0.1691341 1.046054
v 0.03876543 -0.1242788 0.9506794
v 0.03876543 -0.1231928 0.8861867
v 0.03876543 -0.1420913 0.8938044
v 0.03876543 -0.144263 0.9549774
v 0.03876543 -0.1609898 0.9014217
v 0.03876543 -0.1642473 0.9592746
v 0.03876543 -0.1253648 1.015172
v 0.03876543 -0.1464348 1.01615
v 0.03876543 -0.1675053 1.017128
v 0.03876543 -0.1226497 0.8539406
v 0.03876543 -0.1410053 0.8632182
v 0.03876543 -0.1593609 0.8724953
v 0.03876567 -0.1221068 0.821694
v 0.03876567 -0.1399193 0.8326315
v 0.03876543 -0.1577318 0.8435692
v 0.03876543 -0.2085598 1.035802
v 0.03876543 -0.2174659 1.031017
v 0.03876543 -0.2263722 1.026232
v 0.03876543 -0.2352786 1.021447
v 0.03876543 -0.2441847 1.016661
v 0.03876543 -0.2198567 0.9620105
v 0.03876543 -0.215513 0.9191962
v 0.03876543 -0.2333255 0.9242741
v 0.03876543 -0.2354975 0.9427515
v 0.03876543 -0.2376692 0.961229
v 0.03876543 -0.2020442 0.9627916
v 0.03876543 -0.1977005 0.9141179
v 0.03876543 -0.2109506 0.962401
v 0.03876543 -0.2064972 0.9625963
v 0.03876543 -0.2242002 1.004825
v 0.03876543 -0.2220285 0.9834176
v 0.03876543 -0.2309349 0.981562
v 0.03876543 -0.240927 0.9889449
v 0.03876543 -0.2420127 0.9981838
v 0.03876543 -0.206388 1.011465
v 0.03876543 -0.205302 0.9992968
v 0.03876543 -0.2131224 0.985273
v 0.03876543 -0.2430987 1.007423
v 0.03876543 -0.2074738 1.023634
v 0.03876543 -0.204216 0.9871284
v 0.03876543 -0.20313 0.97496
v 0.03876543 -0.239841 0.9797064
v 0.03876543 -0.2025871 0.9688758
v 0.03876543 -0.2133412 0.8977894
v 0.03876543 -0.2222474 0.9017929
v 0.03876543 -0.2322397 0.9150354
v 0.03876543 -0.1966145 0.9019495
v 0.03876543 -0.2044349 0.8937854
v 0.03876543 -0.1955287 0.8897814
v 0.03876543 -0.2311537 0.9057964
v 0.03876567 -0.1132007 0.8162252
v 0.03876567 -0.113472 0.8493015
v 0.03876567 -0.1137435 0.8823775
v 0.03876543 -0.1142864 0.9485303
v 0.03876543 -0.1148295 1.014683
v 0.01716805 0.3742797 -0.4432129
v 0.02057958 0.3592424 -0.4158659
v 0.02228522 0.3517237 -0.4021924
v 0.02399111 0.3442049 -0.3885189
v 0.03081417 0.3141301 -0.333825
v -0.0005590916 0.2819562 -0.1679923
v 0.03876591 0.251956 -0.1779925
v 0.03876615 -0.3180444 -0.1779925
v -0.008277893 -0.1043026 -0.7560215
v 0.0316875 -0.09084034 -0.7431488
v -0.007637501 -0.09084058 -0.7431488
v 0.01423144 -0.05241513 -0.5683345
v 0.01309514 0.0696218 -0.4900354
v 0.01195884 0.1916587 -0.4117366
v 0.01791644 0.1453538 -0.2951526
v 0.01706696 0.0387516 -0.4123129
v 0.03479004 0.2730432 -0.2559089
v 0.03791428 0.1454625 -0.2952494
v 0.0116694 -0.07824755 -0.7295012
v 0.01161695 -0.05219245 -0.702981
v 0.01151156 -8.201599E-05 -0.6499399
v 0.03002214 0.279278 -0.4137774
v 0.0305903 0.2182598 -0.4529267
v 0.03195047 0.1920934 -0.4121238
v 0.03535962 -0.1740174 -0.6470203
v -0.004631996 -0.1844521 -0.6566331
v 0.007737875 -0.316031 -0.4325068
v 0.03706288 -0.306031 -0.4225067
v 0.009441137 -0.3280444 -0.1779923
v 0.03706264 0.03896904 -0.4125065
v 0.02479005 0.2830431 -0.2559089
v 0.0001275539 0.2930431 -0.2559089
v 0.03748846 0.09221578 -0.3538779
v -0.02453494 0.2830434 -0.2559089
v 0.03308702 0.0700562 -0.4904226
v 0.03422332 -0.05198073 -0.5687217
v 0.01076245 0.1145024 -0.5600199
v 0.01019406 0.1755209 -0.5208706
v 0.00923872 0.2439916 -0.4933423
v 0.03075409 0.1149371 -0.5604075
v 0.03132248 0.05391836 -0.5995573
v 0.03150344 0.0003523827 -0.6503276
v 0.03286338 -0.02581406 -0.6095247
v 0.03192067 0.09249663 -0.5254149
v 0.0301857 0.1759555 -0.5212578
v 0.0113306 0.05348396 -0.5991691
v 0.03160858 -0.05175781 -0.7033682
v 0.03166127 -0.07781291 -0.7298884
v 0.03260565 -0.1116347 -0.7191166
v -0.002823353 0.3638451 -0.4528259
v 0.02923036 0.2444263 -0.4937295
v 0.001489162 0.3441303 -0.333825
v -0.00566721 0.3739877 -0.4333254
v 0.03352356 -0.1324289 -0.6950846
v 0.0330646 -0.1220317 -0.7071007
v 0.02982402 0.270565 -0.4337654
v 0.02962613 0.2618523 -0.4537534
v 0.009441137 -0.3280447 -0.1779923
v 0.007737875 -0.3160312 -0.4325068
v -0.03225803 -0.3062484 -0.4223131
v -0.03850245 0.3136954 -0.3334378
v -0.03032541 0.3387702 -0.3881317
v 0.001489162 0.3441303 -0.333825
v -0.03055906 0.251956 -0.1779925
v -0.0005590916 0.281956 -0.1679923
v -0.0274725 -0.09762263 -0.7489091
v -0.008277893 -0.1043029 -0.7560215
v -0.007637501 -0.09084058 -0.7431488
v -0.03762913 -0.09127522 -0.7427616
v -0.033957 -0.1744521 -0.6466331
v -0.03509355 -0.05241513 -0.5683345
v -0.03622985 0.0696218 -0.4900354
v -0.03736615 0.1916587 -0.4117366
v -0.03453088 0.2728257 -0.2557153
v -0.03140855 0.1453538 -0.2951526
v -0.03183317 0.0920527 -0.3537327
v -0.03225803 0.0387516 -0.4123129
v -0.02453494 0.2830431 -0.2559089
v -0.01141071 0.1454625 -0.2952494
v -0.03579307 -0.1328635 -0.6946974
v -0.03645349 -0.02624846 -0.6091372
v -0.002823353 0.3638449 -0.4528259
v -0.02009463 0.2444263 -0.4937295
v -0.01737452 0.1920934 -0.4121238
v -0.004631996 -0.1844523 -0.6566331
v -0.03055882 -0.3180444 -0.1779925
v -0.01226234 0.03896904 -0.4125065
v -0.01623797 0.0700562 -0.4904226
v -0.01510167 -0.05198073 -0.5687217
v -0.03856254 0.1145024 -0.5600199
v -0.03913093 0.1755209 -0.5208706
v -0.04008627 0.2439916 -0.4933423
v -0.03872609 0.2178252 -0.4525395
v -0.03739619 0.092062 -0.5250275
v -0.0185709 0.1149371 -0.5604075
v -0.01800251 0.05391836 -0.5995573
v -0.01782155 0.0003523827 -0.6503276
v -0.01913929 0.1759555 -0.5212578
v -0.03781343 -8.201599E-05 -0.6499399
v -0.03799438 0.05348396 -0.5991691
v -0.01771641 -0.05175757 -0.7033682
v -0.01766372 -0.07781291 -0.7298884
v -0.03969026 0.2614176 -0.4533661
v -0.03949237 0.2701304 -0.4333781
v -0.02214837 0.3638449 -0.4428257
v -0.03770804 -0.05219245 -0.702981
v -0.03765535 -0.07824755 -0.7295012
v -0.02623701 0.3513074 -0.4154787
v -0.00566721 0.3739877 -0.4333254
v -0.03671098 -0.1120694 -0.7187294
v -0.02828121 0.3450389 -0.4018052
v -0.03929448 0.2788434 -0.41339
v -0.03055954 -0.3180444 0.9420069
v -0.001234293 -0.3280447 0.9520067
v -0.0158968 -0.3230448 0.3870068
v -0.0305593 -0.3180444 0.3820071
v -0.03055954 0.2519555 0.9420071
v -0.0305593 0.2519557 0.3820071
v -0.01555943 0.2669559 0.387007
v -0.0005595684 0.281956 0.9520069
v -0.03055954 -0.2641692 1.022639
v -0.03055906 -0.3180442 -0.177993
v 0.009440899 -0.3280447 -0.1779928
v -0.01055884 -0.03304434 -0.1779929
v -0.03055906 0.2519557 -0.177993
v -0.03055882 -0.03304434 -0.1779929
v -0.03055954 -0.2467945 0.9001321
v -0.03055954 -0.2554817 0.9613856
v -0.0305593 -0.2598255 0.9920126
v -0.0305593 -0.2619972 1.007326
v -0.0005595684 -0.1042943 1.102007
v -0.0005595684 -0.03304434 1.102007
v -0.0305593 0.2519557 0.1020071
v -0.03055906 -0.03304434 0.139507
v -0.00055933 0.2819562 0.392007
v -0.00055933 0.281956 -0.1679928
v -0.03055954 -0.03304434 1.092007
v -0.03055954 -0.01523185 1.089507
v -0.03055954 0.002580643 1.087007
v -0.03055954 0.02039313 1.084507
v -0.03055978 0.03820562 1.082007
v -0.03055978 0.1268301 1.072639
v -0.03055954 0.1446426 1.060139
v -0.03055954 0.1624551 1.047639
v -0.03055954 0.1802676 1.035139
v -0.03055978 0.1980803 1.022639
v -0.0005595684 0.1368303 1.092639
v -0.03055978 -0.192919 1.072639
v -0.03055954 -0.1707628 1.074981
v -0.03055954 -0.1486068 1.077323
v -0.03055954 -0.1264505 1.079665
v -0.03055978 -0.1042945 1.082007
v -0.001234531 -0.192919 1.082639
v -0.03055954 0.06036186 1.079665
v -0.03055954 0.07143974 1.078494
v -0.03055954 0.08251786 1.077323
v -0.03055954 0.09359598 1.076152
v -0.03055954 0.1046741 1.074981
v -0.0005595684 0.03820586 1.102007
v -0.03055954 -0.08648205 1.084507
v -0.03055954 -0.06866932 1.087007
v -0.03055954 -0.05085707 1.089507
v -0.03055954 -0.2463565 1.035139
v -0.03055954 -0.228544 1.047639
v -0.03055954 -0.2107315 1.060139
v -0.0005595684 -0.274169 1.032639
v -0.001234531 0.2180803 1.042639
v 0.004103422 -0.3280449 0.387007
v -0.0305593 -0.3180442 0.1020071
v -0.0305593 -0.03304434 0.457007
v -0.03055954 0.1807055 0.9001321
v -0.03055954 0.1628931 0.8896633
v -0.03055954 0.1450806 0.8791946
v -0.03055954 0.1272681 0.8687257
v -0.03055954 0.1094556 0.8582569
v -0.03055954 0.0916431 0.8477882
v -0.03055954 0.08273673 0.8425537
v -0.03055954 0.0738306 0.8373195
v -0.03055954 0.06492424 0.8320853
v -0.03055954 0.05601811 0.8268508
v -0.03055954 0.03820562 0.8163821
v -0.03055954 0.02039289 0.8059133
v -0.03055954 0.002580643 0.7954446
v -0.03055954 -0.01523185 0.7849759
v -0.03055954 -0.03304434 0.7745072
v -0.03055954 -0.05085707 0.7849759
v -0.03055954 -0.06866932 0.7954446
v -0.03055954 -0.08648181 0.8059133
v -0.03055954 -0.1042943 0.8163821
v -0.03055954 -0.122107 0.8268508
v -0.03055954 -0.1399193 0.8373195
v -0.03055954 -0.1577318 0.8477882
v -0.03055954 -0.1755443 0.8582569
v -0.03055954 -0.193357 0.8687257
v -0.03055954 -0.2111692 0.8791944
v -0.03055954 -0.2289817 0.8896631
v -0.03055954 0.1959083 1.007326
v -0.03055954 0.1937366 0.9920124
v -0.03055954 0.1915648 0.976699
v -0.03055954 0.1893928 0.9613854
v -0.03055954 0.1872211 0.9460717
v -0.03055954 0.1850491 0.9307584
v -0.03055954 0.1828773 0.915445
v -0.03055954 -0.1777163 0.8850547
v -0.03055954 -0.08648181 0.8407375
v -0.03055954 -0.08648181 0.8755618
v -0.03055954 -0.08648205 0.9452101
v -0.03055954 -0.08648205 1.014858
v -0.03055954 -0.08648205 1.049683
v -0.03055954 -0.1042945 1.048804
v -0.03055954 -0.1042945 1.015601
v -0.03055954 -0.1042943 0.9823974
v -0.03055954 -0.1042943 0.9491946
v -0.03055954 -0.1042943 0.9159914
v -0.03055954 -0.1042943 0.8827881
v -0.03055954 -0.1042943 0.8495852
v -0.03055954 0.1116273 0.8850547
v -0.03055954 0.1137991 0.9118522
v -0.03055954 0.1181428 0.965448
v -0.03055954 0.1224866 1.019044
v -0.03055954 0.1246583 1.045841
v -0.03055954 0.03820562 1.048804
v -0.03055954 -0.2311537 0.9078475
v -0.03055954 -0.2333255 0.9260322
v -0.03055954 -0.2376692 0.962401
v -0.03055954 -0.1955287 0.8926522
v -0.03055954 -0.2133412 0.9002503
v -0.03055954 -0.179888 0.9118527
v -0.03055954 -0.1820598 0.9386503
v -0.03055954 -0.1842315 0.965448
v -0.03055954 -0.2020442 0.9644324
v -0.03055954 -0.1977005 0.9165789
v -0.03055954 -0.2198567 0.9634167
v -0.03055954 -0.2242002 1.005528
v -0.03055954 -0.242013 0.9987701
v -0.03055954 -0.206388 1.012286
v -0.03055954 -0.2263722 1.026584
v -0.03055954 -0.2352784 1.021769
v -0.03055954 -0.2441847 1.016955
v -0.03055954 -0.2085598 1.036213
v -0.03055954 -0.215513 0.9213055
v -0.03055954 -0.1226499 0.8584524
v -0.03055954 -0.1318276 0.8628863
v -0.03055954 -0.1410053 0.8673202
v -0.03055954 -0.150183 0.8717538
v -0.03055954 -0.1593606 0.8761874
v -0.03055954 -0.144263 0.9573213
v -0.03055954 -0.1500735 0.9725367
v -0.03055954 -0.155884 0.9877523
v -0.03055954 -0.167505 1.018183
v -0.03055954 -0.1642473 0.9613847
v -0.03055954 -0.1242788 0.9532577
v -0.03055954 -0.1253648 1.016461
v -0.03055954 -0.1348138 0.9868914
v -0.03055954 -0.1395385 0.9721063
v -0.03055954 -0.1464348 1.017322
v -0.03055954 -0.1475208 1.047323
v -0.03055954 -0.1583273 1.046952
v -0.03055954 -0.1683195 1.032382
v -0.03055954 -0.1256361 1.032262
v -0.03055954 -0.1367142 1.047693
v -0.03055954 -0.1691339 1.046582
v -0.03055954 -0.1259077 1.048063
v -0.03055954 -0.1420913 0.8973204
v -0.03055954 -0.1431773 0.9273211
v -0.03055954 -0.1526263 0.9309541
v -0.03055954 -0.1609895 0.9045867
v -0.03055954 -0.1231928 0.8900543
v -0.03055954 -0.133728 0.9236881
v -0.03055954 -0.1601751 0.8903874
v -0.03055954 -0.1229215 0.8742534
v -0.03055954 -0.1864035 0.9922456
v -0.03055954 -0.190747 1.045841
v -0.03055954 -0.1885753 1.019044
v -0.03055954 -0.1448061 0.9723219
v -0.03055954 -0.145349 0.987322
v -0.03055954 -0.1484447 0.9441377
v -0.03055954 -0.1389956 0.9405047
v -0.03055954 -0.1437201 0.9423212
v -0.03055954 -0.05085707 0.823042
v -0.03055954 -0.06866932 0.8318897
v -0.03055954 -0.03304434 0.8141943
v -0.03055954 -0.03304434 0.853882
v -0.03055954 -0.03304434 0.933257
v -0.03055954 -0.03304434 1.012632
v -0.03055954 -0.03304434 1.052319
v -0.03055954 -0.05085707 1.05144
v -0.03055954 -0.05085707 1.013374
v -0.03055954 -0.05085707 0.9372412
v -0.03055954 -0.05085707 0.8611084
v -0.03055954 -0.06866956 1.014116
v -0.03055954 -0.06866956 0.9412256
v -0.03055954 -0.06866956 1.050562
v -0.03055954 -0.06866932 0.8683351
v -0.03055954 -0.01523185 1.05144
v -0.03055954 -0.006325722 1.051001
v -0.03055954 0.002580643 1.050562
v -0.03055954 -0.01523185 0.9372412
v -0.03055954 -0.01523185 0.8611082
v -0.03055954 0.002580643 0.8683349
v -0.03055954 0.002580643 0.9412256
v -0.03055954 0.02039313 0.8755616
v -0.03055954 0.02039313 0.9103857
v -0.03055954 0.02039313 0.9452101
v -0.03055954 0.01148677 1.050122
v -0.03055954 0.02039313 1.049683
v -0.03055954 0.002580643 1.014116
v -0.03055954 0.002580643 0.9776708
v -0.03055954 0.01148701 0.9788526
v -0.03055954 0.02039313 0.9974462
v -0.03055954 0.02039313 1.014858
v -0.03055954 0.02039313 0.9800342
v -0.03055954 -0.01523185 1.013374
v -0.03055954 -0.01523185 0.9943408
v -0.03055954 -0.006325722 0.9764892
v -0.03055954 -0.01523185 0.9753076
v -0.03055954 -0.01523185 0.9562742
v -0.03055954 0.02039313 1.032271
v -0.03055954 -0.01523185 1.032407
v -0.03055954 -0.01077867 0.844287
v -0.03055954 0.002580643 0.8318895
v -0.03055954 0.01148677 0.8363134
v -0.03055954 0.02039313 0.8581494
v -0.03055954 -0.01523185 0.8230418
v -0.03055954 -0.006325722 0.8274657
v -0.03055954 0.03820562 0.8495852
v -0.03055954 0.02039313 0.8407372
v -0.03055954 0.03820562 0.8827883
v -0.03055954 0.03820562 0.9159914
v -0.03055954 0.03820562 0.9491946
v -0.03055954 0.03820562 0.9823977
v -0.03055954 0.03820562 1.015601
v -0.03055954 0.1424708 1.036213
v -0.03055954 0.151377 1.031398
v -0.03055954 0.1602833 1.026583
v -0.03055954 0.1691897 1.021769
v -0.03055954 0.1780958 1.016955
v -0.03055954 0.1359553 0.9644324
v -0.03055954 0.1316116 0.9165789
v -0.03055954 0.1494243 0.9213058
v -0.03055954 0.1537678 0.9634167
v -0.03055954 0.1672368 0.9260324
v -0.03055954 0.1694086 0.9442171
v -0.03055954 0.1715803 0.962401
v -0.03055954 0.1305256 0.9046153
v -0.03055954 0.138346 0.8964511
v -0.03055954 0.1472523 0.9002501
v -0.03055954 0.1294398 0.8926522
v -0.03055954 0.1561587 0.9040493
v -0.03055954 0.1661508 0.9169403
v -0.03055954 0.1650648 0.9078482
v -0.03055954 0.1370413 0.9763957
v -0.03055954 0.1381271 0.9883591
v -0.03055954 0.1392131 1.000322
v -0.03055954 0.1402991 1.012286
v -0.03055954 0.1470335 0.9864157
v -0.03055954 0.1559396 0.9844724
v -0.03055954 0.1581116 1.005528
v -0.03055954 0.1648462 0.9825288
v -0.03055954 0.1748381 0.9896773
v -0.03055954 0.1759241 0.9987699
v -0.03055954 0.1413848 1.024249
v -0.03055954 0.1770098 1.007862
v -0.03055954 0.1737521 0.9805852
v -0.03055954 0.1548538 0.9739445
vn 0.322775 -0.9464757 3.347369E-07
vn 0.6065333 0.7950581 5.830457E-07
vn 0.3276263 -0.7855844 0.5248983
vn -2.192968E-06 -9.186424E-08 -1
vn -0.999886 -3.499221E-08 -0.01509653
vn 1 5.239893E-07 -7.646329E-08
vn -0.9981233 -0.06123529 -3.962052E-07
vn 1 -1.550282E-06 1.477008E-06
vn 0.4533233 -1.489372E-07 0.8913462
vn 0.4901823 0.5006802 0.7134708
vn 0.2412709 -0.1020103 0.9650815
vn 0.4513254 0.093803 0.8874156
vn 0.4533241 -1.467155E-07 0.8913457
vn 0.3338944 -0.541459 0.7715806
vn 0.5698813 0.6832452 0.4565211
vn -0.9994562 0.03159269 -0.009442114
vn -0.999553 0.02804006 -0.0103714
vn -0.999876 0.001350465 -0.01569239
vn -0.9998368 0.01078249 -0.01449559
vn -0.999886 -2.100648E-08 -0.01509653
vn -0.9998862 -0.001426424 -0.01501713
vn -0.999782 -0.01632035 -0.01302433
vn -0.9998487 -0.009815006 -0.01436379
vn 0.6095813 0.6458204 0.4597029
vn -0.2346042 0.01646333 -0.9719516
vn 0.5671816 0.4350564 0.6993076
vn 0.468538 0.08353864 0.8794848
vn 0.4533264 -9.560738E-08 0.8913446
vn 0.4533265 -9.338576E-08 0.8913445
vn 0.4446741 -0.1944612 0.8743282
vn 0.2084313 -0.5113283 0.8337265
vn 0.3324833 -0.7854549 0.5220302
vn 0.2430915 -0.9700007 0.002295882
vn 0.2430859 -0.9700021 0.002296856
vn 0.322766 -0.9464788 -2.002189E-07
vn 1 -2.392315E-07 5.314956E-07
vn 1 2.966665E-07 5.314957E-07
vn 0.6065331 0.7950583 1.927422E-08
vn 1 6.87905E-08 4.509401E-07
vn 1 3.370291E-07 1.02225E-06
vn 1 -1.446821E-06 2.05889E-06
vn 1 -2.528122E-06 3.731564E-06
vn 1 -2.424465E-06 4.901893E-07
vn 1 -7.884307E-07 3.242967E-07
vn 1 -2.724803E-06 1.149248E-06
vn 1 -1.012253E-05 5.756931E-06
vn 1 3.857842E-09 9.023292E-08
vn 1 1.516261E-06 1.477008E-06
vn 1 6.579449E-09 9.49846E-08
vn 1 -4.043758E-08 1.170838E-07
vn 1 3.517689E-06 2.054286E-06
vn 1 6.231169E-09 9.076159E-08
vn 1 -8.752459E-09 9.776657E-08
vn 1 -4.958175E-08 9.719351E-08
vn 1 -3.089719E-08 9.243068E-08
vn 1 -4.310436E-08 9.867135E-08
vn 1 -5.497199E-08 8.05904E-08
vn 1 -4.513477E-08 8.9528E-08
vn 1 -1.939284E-08 9.797135E-08
vn 1 -6.750206E-09 9.414869E-08
vn 1 -2.863246E-08 8.757003E-08
vn 1 -2.866183E-08 7.831567E-08
vn 1 -3.891131E-08 8.061672E-08
vn 1 -1.580969E-08 6.769686E-08
vn 1 -6.804557E-08 8.664954E-08
vn 1 1.687791E-08 8.460027E-08
vn 1 -3.76125E-08 9.76891E-08
vn 1 -1.254238E-08 1.031793E-07
vn 1 -7.285207E-08 1.094298E-07
vn 1 8.353978E-09 1.128788E-07
vn 1 -3.858652E-08 8.000193E-08
vn 1 -1.302989E-07 1.238928E-07
vn 1 4.365542E-07 1.324636E-06
vn 1 -8.488482E-08 1.295828E-07
vn 1 -5.481405E-10 6.210549E-08
vn 1 9.812427E-08 5.061522E-08
vn 1 8.770796E-08 1.818397E-08
vn 1 8.635167E-09 7.094998E-08
vn 1 -7.30918E-07 2.331299E-07
vn 1 3.917362E-08 6.688369E-08
vn 1 -1.358608E-07 1.064169E-07
vn 1 -1.146558E-07 1.030706E-07
vn 1 -1.59059E-08 7.841358E-08
vn 1 -4.929769E-08 4.532775E-08
vn 1 -1.687057E-07 -3.79126E-08
vn 1 4.806268E-08 3.242723E-08
vn 1 2.674979E-07 4.9785E-07
vn 1 -5.907996E-08 8.562471E-08
vn 1 -5.544004E-08 8.96856E-08
vn 1 1.960947E-08 9.263037E-08
vn 1 1.020439E-08 9.183437E-08
vn 1 1.35748E-06 2.725122E-07
vn 1 -4.404065E-09 9.370926E-08
vn 1 -1.674273E-08 9.250836E-08
vn 1 -1.894143E-08 7.973453E-08
vn 1 -3.473684E-08 9.38489E-08
vn 1 1.379523E-10 9.312198E-08
vn 1 -2.279047E-08 9.388403E-08
vn 1 -8.051003E-09 9.193325E-08
vn 1 -3.49743E-08 1.022377E-07
vn 1 -3.572867E-08 9.681698E-08
vn 1 -8.009167E-08 6.790508E-08
vn 1 -3.78533E-08 1.043184E-07
vn 1 -2.671558E-08 9.285201E-08
vn 1 -2.901798E-08 8.023524E-08
vn 1 -2.508226E-08 8.031178E-08
vn 1 -2.051734E-08 9.256378E-08
vn 1 -2.6487E-08 1.043158E-07
vn 1 -1.325238E-08 8.037783E-08
vn 1 -3.678919E-08 8.024791E-08
vn 1 -2.58654E-08 1.043163E-07
vn 1 5.359585E-09 8.037576E-08
vn 1 -1.7134E-08 9.285442E-08
vn 1 -3.980138E-08 8.024647E-08
vn 1 2.3806E-08 8.02484E-08
vn 1 -1.394049E-08 8.023842E-08
vn 1 -6.125298E-08 8.024769E-08
vn 1 -2.401234E-09 7.20194E-08
vn 1 -3.47949E-09 1.028987E-07
vn 1 1.513944E-06 3.222883E-06
vn 1 5.104295E-06 3.222892E-06
vn 1 -4.94469E-08 6.153685E-08
vn 1 2.328091E-08 1.178014E-07
vn 1 8.215038E-06 3.210632E-06
vn 1 -3.394E-08 9.868704E-08
vn 1 -3.781239E-08 8.024806E-08
vn 1 -1.700991E-07 1.610692E-07
vn 1 9.457866E-06 6.455643E-06
vn 1 1.335676E-05 1.178081E-07
vn 1 -2.016542E-08 9.285397E-08
vn 1 -2.984883E-08 1.043181E-07
vn 1 3.767714E-08 -3.644162E-09
vn 1 -9.117015E-08 7.311547E-09
vn 1 -5.106477E-08 9.117521E-08
vn 1 2.348661E-08 1.610677E-07
vn 1 -1.423226E-08 8.952235E-08
vn 1 4.087941E-08 8.906876E-08
vn 1 -3.929646E-08 8.479491E-08
vn 1 -6.997143E-08 8.978408E-08
vn 1 -3.77022E-08 9.298707E-08
vn 1 -4.453273E-08 9.689875E-08
vn 1 -1.453825E-08 9.349377E-08
vn 1 -3.396304E-08 7.456036E-08
vn 1 -4.669221E-08 8.551162E-08
vn 1 -3.045898E-08 8.988455E-08
vn 1 -2.2447E-08 8.515134E-08
vn 1 4.267925E-06 7.775198E-06
vn 1 -4.505701E-06 3.88844E-06
vn 1 6.330459E-09 8.613317E-08
vn 1 -5.268224E-08 6.631488E-08
vn 1 -3.587462E-08 7.338117E-08
vn 1 -3.102936E-08 8.164837E-08
vn 1 -4.221849E-08 9.028075E-08
vn 1 -6.200116E-09 8.044954E-08
vn 1 -3.214589E-08 1.090803E-07
vn 1 6.929043E-09 9.244529E-08
vn 1 -6.876996E-08 9.326293E-08
vn 1 -4.180981E-08 1.072843E-07
vn 1 -7.85871E-09 9.728261E-08
vn 1 -4.393676E-08 8.352141E-08
vn 1 -8.809371E-08 1.043879E-07
vn 1 -5.995338E-08 5.484661E-08
vn 1 -1.230044E-09 8.157345E-08
vn 1 2.164226E-08 1.12292E-07
vn 1 -2.148207E-08 6.224973E-08
vn 1 -1.391828E-08 8.904119E-08
vn 1 -3.460243E-08 8.831385E-08
vn 1 -1.335346E-08 8.740271E-08
vn 1 -2.732135E-09 8.707708E-08
vn 1 3.222894E-06 4.53399E-06
vn 1 -5.781635E-08 7.898591E-08
vn 1 -3.773227E-08 9.347362E-08
vn 1 -4.217874E-08 7.390021E-08
vn 1 -2.494632E-09 1.10128E-07
vn 1 5.643893E-08 1.08009E-07
vn 1 -6.348483E-08 1.109309E-07
vn 1 2.461841E-08 1.115119E-07
vn 1 1.31915E-08 1.074406E-07
vn 1 -9.245285E-09 6.815331E-08
vn 1 -7.018579E-07 4.791534E-07
vn 1 -2.161067E-08 1.027784E-07
vn 1 -7.710496E-08 4.009667E-08
vn 1 -6.643714E-08 8.004149E-08
vn 1 -2.849735E-08 1.100375E-07
vn 1 9.095193E-08 1.096556E-07
vn 1 -6.05512E-09 8.264566E-08
vn 1 4.053551E-08 3.237382E-08
vn 1 9.307332E-08 1.507116E-07
vn 1 -9.029943E-08 1.122799E-07
vn 1 -8.099249E-08 9.031593E-08
vn 1 3.230894E-06 9.190673E-07
vn 1 2.79601E-06 1.182373E-06
vn 1 -1.179067E-05 1.759939E-06
vn 1 -4.011932E-08 9.536224E-08
vn 1 -9.084438E-09 8.87416E-08
vn 1 -2.573551E-05 -2.17968E-07
vn 1 -1.132241E-05 3.583877E-06
vn 0 0 0
vn 0.2464516 5.525801E-08 0.9691551
vn -1.443928E-06 0.6911083 -0.7227513
vn -0.9987261 -0.03350629 0.03772862
vn 0.9984747 0.03706817 -0.04091727
vn -0.999576 -0.02173758 0.01937316
vn 0.9995759 0.02174074 -0.01937798
vn 0.3338866 -0.7277287 -0.5991083
vn 0.4248505 -0.770241 -0.4756373
vn 0.005565846 -0.01629971 0.9998517
vn -0.9998436 0.01607466 -0.007376686
vn 0.9999722 0.0002168481 -0.007458779
vn 0.6701248 0.6701199 0.3191743
vn 0.3490285 0.8607933 0.3704241
vn -0.9974235 0.02234727 0.06816874
vn 0.9999752 0.0001450334 -0.007042749
vn 0.3277606 -0.8133175 -0.4807158
vn 0.3224053 -0.9454449 -0.04678384
vn 0.3371615 -0.9401946 -0.04854136
vn 0.3730912 0.9201379 0.1189509
vn 0.6987348 0.6987298 0.153449
vn -0.905439 -0.3483071 0.2426158
vn 0.9987526 0.03359279 -0.0369436
vn -0.9995759 -0.02173995 0.0193774
vn 0.9995759 0.02174084 -0.01937611
vn -0.02803825 0.5396118 -0.841447
vn -0.9995759 -0.02173916 0.01937548
vn -0.02901796 0.6875724 -0.7255359
vn 0.9995759 0.02173918 -0.01937504
vn -0.9954728 -0.09155379 -0.02553109
vn -0.02589404 0.3603472 -0.9324588
vn 0.9995758 0.02174234 -0.01937879
vn -0.02606666 0.3725858 -0.9276316
vn -0.02805327 0.5396117 -0.8414466
vn -0.02907622 0.7130059 -0.7005549
vn -0.02907282 0.7130047 -0.7005563
vn -0.02907316 0.7130092 -0.7005517
vn -0.9990788 0.007045799 0.04233155
vn -0.6931301 0.4771054 0.5403159
vn -0.9724237 0.2086315 -0.1042355
vn -0.9891793 0.1465068 -0.007757939
vn -0.9996349 0.02583533 0.007909082
vn -0.9915601 -0.01414283 -0.1288743
vn -0.8937916 -0.1556916 -0.4205911
vn -0.9967163 -0.0785294 0.01974301
vn -0.996525 -0.08010043 0.02284318
vn 0.1084114 0.9542814 0.2785569
vn 0.2620144 0.3326188 -0.9059322
vn -0.2166431 0.8528129 -0.4751589
vn 0.9914826 0.1155068 -0.06017087
vn 0.4222049 -0.6774637 -0.6023173
vn 0.9999737 3.730496E-07 -0.007262968
vn 0.6255604 0.7567553 0.1897254
vn -0.373336 0.920764 0.113199
vn -0.3220536 0.7942865 0.5151606
vn 0.646987 0.6324239 0.425967
vn 0.6858574 0.6704192 0.2830862
vn -0.9664888 -0.2565997 -0.007485847
vn 0.9995759 0.02174175 -0.01937652
vn 0.9995759 0.02173877 -0.01937535
vn 0.9995756 0.0217462 -0.01938749
vn 0.9914817 0.1155101 -0.06017978
vn 0.9914826 0.1155073 -0.06016934
vn 0.9914832 0.1155044 -0.06016469
vn 0.9995759 0.0217409 -0.01937295
vn 0.999576 0.02173775 -0.0193746
vn 0.999576 0.0217361 -0.01937213
vn 0.9995761 0.02173555 -0.0193716
vn -2.158981E-06 0.7349333 -0.6781394
vn -0.2479331 -0.9677765 -0.04402122
vn -0.5822795 0.7684948 0.2652666
vn -0.297632 -0.02052618 0.95446
vn -0.02365109 0.6864591 -0.7267837
vn -0.9987463 -0.03366224 0.03704934
vn 0.9521404 0.1644939 -0.2576248
vn -0.9995759 -0.02174039 0.01937442
vn 0.9888806 -0.1080056 -0.1022245
vn -0.4318287 -0.7097773 -0.5565431
vn -5.473607E-06 -6.419932E-08 1
vn -0.9999738 -5.11857E-07 0.007250101
vn 0.9981205 0.05743663 -0.02136808
vn -0.658703 0.6515578 0.3762749
vn -0.9999723 -0.0002157944 0.007446204
vn 0.9963357 0.05958889 -0.0613551
vn -0.4226829 -0.7827845 -0.4567139
vn -0.242296 -0.9691533 -0.04510618
vn -0.6953273 0.6844144 0.2193099
vn -0.9984661 -0.03715575 0.04104682
vn 0.9987326 0.03343701 -0.03762012
vn -0.9995758 -0.02174084 0.01937982
vn 0.9995759 0.02174009 -0.0193755
vn -0.02803825 0.5396118 -0.841447
vn -0.9995759 -0.02173951 0.01937549
vn -0.02901796 0.6875724 -0.7255359
vn 0.9995759 0.02173926 -0.01937486
vn -0.9995759 -0.02174091 0.01937692
vn -0.02632735 0.3916057 -0.9197565
vn 0.9995759 0.02174134 -0.01937806
vn -0.02606666 0.3725858 -0.9276316
vn -0.02805327 0.5396117 -0.8414466
vn -0.02907783 0.7130062 -0.7005546
vn -0.02907562 0.7130033 -0.7005576
vn -0.02325322 0.708726 -0.7051005
vn 0.9990788 -0.007047017 -0.04233249
vn 0.8801243 0.3371518 0.3342305
vn 0.9839066 0.1460639 -0.1029228
vn 0.9945101 0.09969561 -0.0317888
vn 0.9998466 0.01648828 -0.005912775
vn 0.9777853 0.09599137 -0.1863372
vn 0.9485137 -8.770483E-05 0.3167361
vn 0.9939693 -0.09653763 -0.05201394
vn 0.9933 -0.08058135 -0.08283584
vn -0.9822991 0.175083 -0.06659163
vn -0.430935 0.347565 -0.8327627
vn -0.2459354 0.8447768 -0.4752556
vn -0.6551433 -0.5835263 -0.4798796
vn -0.4492621 -0.700399 -0.5546215
vn -0.9999753 -0.0001440703 0.007031848
vn -0.725423 0.6567687 0.2059524
vn -0.3205231 -0.8244907 -0.4663476
vn -0.5551518 0.7344409 0.3903885
vn -0.6121055 0.7442141 0.2673431
vn -0.5822798 0.7684945 0.2652668
vn 0.9664892 0.2565984 0.007485442
vn -0.9995759 -0.02173886 0.01937546
vn -0.999576 -0.02173711 0.01937075
vn -0.999576 -0.02173984 0.01937314
vn -0.9995759 -0.02173833 0.01937567
vn -0.9995759 -0.02174083 0.01937737
vn -0.9822989 0.1750847 -0.06658997
vn -0.9822991 0.1750827 -0.06659205
vn -0.9822989 0.1750842 -0.0665919
vn -0.9995759 -0.021741 0.01937317
vn -0.3227674 -0.9464783 3.256634E-07
vn -0.7071118 0.7071018 -1.162546E-08
vn -0.427572 -0.7516387 0.5022166
vn 3.964223E-06 6.737849E-08 -1
vn -1 3.448552E-07 9.736598E-07
vn 0.9999695 3.602623E-08 -0.007811676
vn -1 -7.331165E-07 -5.85572E-07
vn 0.9994965 -0.03172944 3.904656E-07
vn -0.3134645 0.131983 0.9403832
vn -0.5933746 0.4623699 0.6588784
vn -0.3211445 -0.09954762 0.9417837
vn -0.5525684 0.08761252 0.82885
vn -0.3134668 -0.1319831 0.9403824
vn -0.4211418 -0.5210012 0.7424267
vn -0.6872092 0.6040335 0.4035927
vn -0.2425376 -0.9701393 -0.002290902
vn 0.9976654 0.06763846 0.009425204
vn 0.9999657 -0.0001246932 -0.008284097
vn 0.9999116 0.01192709 -0.005883265
vn 0.9999499 -0.005837364 -0.008136457
vn 0.9999695 2.543917E-08 -0.007811676
vn 0.9999695 -0.0007380885 -0.00777059
vn 0.9999605 0.003200892 -0.00829713
vn 0.9998538 -0.01656659 -0.004229485
vn -0.707112 0.7071016 -5.220976E-07
vn 0.2973261 0.02086482 -0.954548
vn -0.7110614 0.577215 0.4015154
vn -0.6836588 0.3783608 0.6240624
vn -0.5708153 0.07764138 0.8173993
vn -0.5546994 -1.169263E-07 0.8320509
vn -0.5461504 -0.1748743 0.8192306
vn -0.554701 -1.147391E-07 0.8320498
vn -0.2785668 -0.5050277 0.8169135
vn -0.4198819 -0.7530025 0.5066424
vn -1 4.54442E-07 -4.203496E-07
vn -1 1.563473E-07 -5.888372E-07
vn -0.3227884 -0.9464712 -4.391407E-07
vn -0.2425399 -0.9701387 -0.00229197
vn -0.7071124 0.7071012 3.649546E-08
vn -0.707111 0.7071026 -4.439258E-07
vn 0 0 0
vn -1 -2.342904E-07 -7.526253E-07
vn -1 2.912632E-08 -9.770393E-08
vn -1 4.284215E-07 -2.974418E-07
vn -1 -3.139931E-07 -3.153006E-07
vn -1 -6.302608E-06 -3.250226E-06
vn -1 8.630732E-08 -8.78664E-08
vn -1 4.30582E-08 -7.952563E-08
vn -1 5.003276E-08 -7.746213E-08
vn -1 1.845134E-08 -9.131797E-08
vn -1 2.001122E-08 -9.025412E-08
vn -1 3.66394E-08 -9.058003E-08
vn -1 4.8032E-08 -8.578711E-08
vn -1 8.817951E-09 -1.037071E-07
vn -1 9.297819E-09 -1.041707E-07
vn -1 7.935657E-08 -9.804396E-08
vn -1 4.802792E-08 -9.015805E-08
vn -1 2.700683E-08 -9.050622E-08
vn -1 1.396096E-09 -9.941267E-08
vn -1 -1.798498E-08 -1.037681E-07
vn -1 3.652643E-08 -8.262332E-08
vn -1 2.214118E-08 -7.994102E-08
vn -1 2.010516E-08 -9.209994E-08
vn -1 2.364991E-08 -8.542342E-08
vn -1 4.306013E-08 -8.842436E-08
vn -1 4.044453E-08 -7.844029E-08
vn -1 7.975507E-09 -8.638453E-08
vn -1 3.085245E-08 -9.538165E-08
vn -1 2.702456E-09 -9.120249E-08
vn -1 6.924117E-08 -8.263494E-08
vn -1 4.132402E-09 -8.384212E-08
vn -1 6.824394E-08 -1.051118E-07
vn -1 8.610298E-08 -1.218198E-07
vn -1 4.26036E-08 -6.386934E-08
vn -1 2.217244E-08 -9.152815E-08
vn -1 3.475972E-08 -9.288222E-08
vn -1 3.46567E-08 -1.08689E-07
vn -1 -2.954337E-08 -8.831456E-08
vn -1 2.619701E-08 -1.005451E-07
vn -1 5.82732E-09 -9.207956E-08
vn -1 6.519176E-08 -8.500301E-08
vn -1 2.409474E-08 -8.632178E-08
vn -1 3.945662E-08 -9.176823E-08
vn -1 5.703676E-06 -3.982061E-06
vn -1 -4.703511E-06 -3.502675E-06
vn -1 2.644652E-08 -8.294096E-08
vn -1 2.302207E-08 -8.064067E-08
vn -1 4.117151E-09 -9.120647E-08
vn -1 1.725363E-08 -9.920818E-08
vn -1 5.92292E-08 -8.064147E-08
vn -1 1.131515E-08 -8.826747E-08
vn -1 2.224446E-08 -1.063453E-07
vn -1 2.671726E-09 -9.490334E-08
vn -1 8.08616E-08 -8.542006E-08
vn -1 9.571904E-08 -8.801977E-08
vn -1 5.902099E-08 -8.500102E-08
vn -1 1.396096E-07 -1.212264E-07
vn -1 3.199705E-09 -1.533965E-07
vn -1 8.252318E-09 -9.488322E-08
vn -1 3.006552E-08 -1.282242E-07
vn -1 8.333925E-08 -1.024124E-07
vn -1 1.940212E-09 -1.024125E-07
vn -1 2.614742E-08 -1.096489E-07
vn -1 4.320748E-08 -9.383506E-08
vn -1 8.370505E-08 -8.347323E-08
vn -1 3.963801E-08 -6.275012E-08
vn -1 2.865403E-07 -9.993462E-08
vn -1 2.003836E-08 -7.975744E-08
vn -1 5.668982E-08 -7.74735E-08
vn -1 -1.338039E-07 -1.911508E-07
vn -1 4.995069E-08 -8.600865E-08
vn -1 3.351897E-08 -8.400774E-08
vn -1 3.742374E-08 -9.054362E-08
vn -1 4.676582E-09 -9.225856E-08
vn -1 6.716951E-08 -9.054118E-08
vn -1 3.127022E-09 -7.975829E-08
vn -1 2.219144E-08 -9.225793E-08
vn -1 2.23357E-08 -9.707544E-08
vn -1 -2.058428E-07 -5.647583E-07
vn -1 -2.898185E-09 -9.225873E-08
vn -1 1.821343E-08 -9.05434E-08
vn -1 3.556683E-08 -8.600814E-08
vn -1 -4.558909E-08 -7.471183E-08
vn -1 5.935213E-08 -8.600951E-08
vn -1 -2.127382E-08 -9.054288E-08
vn -1 7.075347E-08 -9.707478E-08
vn -1 1.54724E-08 -1.046256E-07
vn -1 9.05843E-09 -7.747401E-08
vn -1 3.520942E-08 -1.019922E-07
vn -1 1.638647E-08 -8.149151E-08
vn -1 1.14346E-07 -8.229768E-08
vn -1 2.775002E-08 -1.236443E-07
vn -1 3.612982E-08 -9.809121E-08
vn -1 6.172421E-08 -8.229718E-08
vn -1 -1.780289E-08 -9.22545E-08
vn -1 5.743813E-08 -7.926469E-08
vn -1 -1.971952E-08 -1.023537E-07
vn -1 7.840544E-09 -8.866191E-08
vn -1 -8.981146E-10 -8.866319E-08
vn -1 -3.318258E-08 -8.784285E-08
vn -1 7.835158E-09 -9.383173E-08
vn -1 3.251277E-08 -9.917413E-08
vn -1 6.430092E-08 -8.869996E-08
vn -1 6.008021E-08 -8.064158E-08
vn -1 -1.588582E-08 -8.784257E-08
vn -1 -7.692399E-09 -9.383105E-08
vn -1 3.420625E-06 -1.707885E-06
vn -1 -6.924256E-09 -9.125121E-08
vn -1 3.403589E-08 -8.866321E-08
vn -1 2.86535E-08 -9.630939E-08
vn -1 7.545512E-08 -8.064156E-08
vn -1 3.325635E-08 -7.470813E-08
vn -1 1.032676E-07 -9.630751E-08
vn -1 -1.497972E-09 -9.631243E-08
vn -1 3.366493E-09 -8.04982E-08
vn -1 1.919668E-08 -1.23643E-07
vn -1 -1.014954E-08 -8.694614E-08
vn -1 5.443944E-08 -9.631172E-08
vn -1 1.718917E-07 -7.47136E-08
vn -1 5.407777E-08 -9.166531E-08
vn -1 3.445709E-08 -9.160227E-08
vn -1 3.461006E-07 -3.14346E-07
vn -1 7.261377E-09 -8.947437E-08
vn -1 7.315666E-10 -8.79492E-08
vn -1 -7.910172E-06 -4.533486E-06
vn -1 1.113038E-08 -9.042186E-08
vn -1 3.094097E-08 -7.425147E-08
vn -1 2.156155E-09 -1.150029E-07
vn -1 4.60686E-08 -9.279817E-08
vn -1 6.393612E-08 -9.132479E-08
vn -1 4.128895E-08 -6.489175E-08
vn -1 5.81977E-08 -1.143975E-07
vn -1 4.203445E-08 -7.102393E-08
vn -1 4.518306E-08 -1.171693E-07
vn -1 3.24321E-09 -7.715231E-08
vn -1 2.660501E-08 -6.18936E-08
vn -1 4.476995E-08 -1.212672E-07
vn -1 -2.30498E-08 -8.82891E-08
vn -1 -6.643559E-09 -9.049636E-08
vn -1 4.399173E-08 -7.255288E-08
vn -1 4.828223E-08 -7.455999E-08
vn -1 3.344711E-08 -1.197738E-07
vn -1 5.111977E-08 -1.259313E-07
vn -1 5.984342E-08 -8.159783E-08
vn -1 -2.103067E-09 -8.849041E-08
vn -1 -5.553538E-09 -1.155123E-07
vn -1 6.500349E-08 -1.104724E-07
vn -1 2.939312E-08 -1.113526E-07
vn -1 3.53391E-08 -7.524456E-08
vn -1 2.833531E-06 -3.950159E-06
vn -1 2.461683E-08 -7.982386E-08
vn -1 4.171052E-08 -9.118689E-08
vn -1 -3.175026E-08 -1.109794E-07
vn -1 1.857931E-08 -1.229454E-07
vn -1 3.825882E-08 -9.156217E-08
vn -1 9.18906E-10 -6.833467E-08
vn -1 8.5905E-08 -3.471872E-08
vn -1 3.121292E-08 -6.941373E-08
vn -1 -1.8757E-08 -1.177421E-07
vn -1 -4.505915E-08 -1.118874E-07
vn -1 1.733284E-07 -2.062939E-08
vn -1 1.370819E-08 -8.715269E-08
vn -1 6.540701E-08 -1.130399E-07
vn -1 1.782742E-08 1.327085E-09
vn -1 -3.324968E-06 -4.712847E-06
vn -1 -7.238099E-06 2.527038E-06
vn -1 -1.259498E-05 -1.714697E-06
vn -1 -1.246396E-05 -1.600876E-06
vn -1 -1.568559E-06 -7.752045E-06
vn -1 -7.791396E-08 -5.70074E-08
vn -1 2.082013E-08 -6.067934E-08
vn -1 1.716669E-08 -8.9236E-08
vn -1 -4.891289E-07 -4.484064E-07
vn -1 7.029066E-07 -6.136287E-07
vt 0.009028382 -0.1773134
vt -0.0176211 -0.1687224
vt -0.04427057 -0.1601314
vt -0.04474586 -0.1616058
vt 0.2135059 -0.4029104
vt 0.258818 -0.3700043
vt 0.2567207 -0.3654145
vt 0.2114086 -0.3983206
vt 0.2218328 -0.2005983
vt 0.2313239 -0.1965229
vt 0.2216277 -0.1963606
vt -0.403923 -0.1157833
vt -0.4035061 -0.1127132
vt -0.4289972 -0.09996758
vt -0.4544884 -0.08722202
vt -0.4298916 -0.1017564
vt -0.1665501 0.2986337
vt -0.2692372 0.2221937
vt -0.2649828 0.2164783
vt 0.2317369 0.2160483
vt 0.2323181 0.2243891
vt 0.2324634 0.2264743
vt 0.2326088 0.2285595
vt 0.2327541 0.2306447
vt 0.2089524 0.232323
vt -0.1868696 0.3066114
vt -0.2075929 0.3304343
vt -0.2509869 0.295037
vt -0.2943808 0.2596397
vt 0.2596945 0.2311017
vt 0.2617652 0.2340006
vt 0.2587836 0.2361303
vt 0.257637 0.2347603
vt 0.2564904 0.2333903
vt 0.4306208 -0.1166182
vt 0.4351653 -0.1095771
vt 0.4335561 -0.110341
vt 0.431947 -0.1111048
vt 0.4287288 -0.1126327
vt 0.4203147 -0.1692172
vt 0.4251116 -0.1603307
vt 0.4233313 -0.1615821
vt 0.421551 -0.1628334
vt 0.4197707 -0.1640848
vt 0.4179904 -0.1653362
vt 0.4159759 -0.1336618
vt 0.4224376 -0.126396
vt 0.4214142 -0.1268361
vt 0.4203909 -0.1272762
vt 0.4183442 -0.1281564
vt 0.4162975 -0.1290367
vt 0.4152741 -0.1294768
vt 0.4142509 -0.129917
vt 0.4393427 -0.1169448
vt 0.4454045 -0.1088278
vt 0.4414507 -0.1108827
vt 0.4394739 -0.1119101
vt 0.437497 -0.1129376
vt 0.4241842 -0.1196737
vt 0.4287287 -0.1126326
vt 0.4255105 -0.1141603
vt 0.4239013 -0.1149242
vt 0.4222922 -0.1156881
vt 0.3347743 -0.1716364
vt 0.342844 -0.1659479
vt 0.3407022 -0.1663326
vt 0.3385604 -0.1667175
vt 0.3364186 -0.1671023
vt 0.3342769 -0.1674871
vt 0.3826631 -0.2420053
vt 0.3874802 -0.2317321
vt 0.3808907 -0.2371589
vt 0.3799946 -0.237897
vt -0.2254735 0.209334
vt -0.1789683 0.2414245
vt -0.1324631 0.273515
vt -0.1492187 0.2978125
vt -0.2368764 0.2088917
vt -0.2271804 0.2090759
vt -0.1513019 0.2978773
vt -0.2579351 0.2102507
vt -0.2490742 0.2067145
vt -0.166301 0.2983116
vt -0.2606627 0.2169545
vt -0.2538829 0.2109268
vt -0.161343 0.2980353
vt -0.2734917 0.227909
vt -0.2692372 0.2221937
vt -0.1665501 0.2986337
vt -0.2791511 0.236366
vt -0.2740027 0.227902
vt -0.1671503 0.2987614
vt -0.2850341 0.2461533
vt -0.2840655 0.2366622
vt -0.1728215 0.3003969
vt -0.2797069 0.2563823
vt -0.2830724 0.2458172
vt -0.1706057 0.2995321
vt 0.3979669 -0.2278596
vt 0.4062921 -0.2205359
vt 0.402345 -0.2173918
vt -0.4423817 -0.08091553
vt -0.4468264 -0.08330504
vt -0.4174315 -0.09483458
vt 0.4338777 -0.1537332
vt 0.4416495 -0.1481997
vt 0.4382792 -0.1446443
vt 0.4391393 -0.1153124
vt 0.4479391 -0.1107619
vt 0.4451782 -0.1071784
vt 0.4306208 -0.1166179
vt 0.4370573 -0.1135624
vt 0.4351653 -0.1095768
vt 0.4241842 -0.1196735
vt 0.4306207 -0.1166179
vt 0.4287287 -0.1126324
vt 0.4012502 -0.1252849
vt 0.4097219 -0.1220398
vt 0.4077787 -0.1180789
vt 0.3540005 -0.1861406
vt 0.3633355 -0.1841713
vt 0.3619516 -0.1802874
vt 0.22106 -0.1991305
vt 0.2307572 -0.1992338
vt 0.2305531 -0.1950597
vt -0.1080167 -0.175575
vt -0.05447048 -0.1936121
vt -0.05430558 -0.1914972
vt -0.05447084 -0.1936142
vt -0.0009246477 -0.2116513
vt -0.0005948563 -0.2074215
vt -0.05430594 -0.1914993
vt -0.04427195 -0.1601348
vt -0.09757088 -0.1429527
vt -0.09852149 -0.1459016
vt -0.04474724 -0.1616092
vt 0.2084293 0.2677201
vt 0.1571641 0.3043382
vt 0.1405988 0.2811468
vt 0.1861679 0.2485974
vt 0.2192987 0.2949802
vt 0.1737297 0.3275296
vt 0.1571644 0.3043382
vt 0.2084295 0.2677202
vt 0.2588176 -0.3700046
vt 0.3041297 -0.3370985
vt 0.3020325 -0.3325087
vt 0.2567203 -0.3654147
vt 0.2648676 0.2624308
vt 0.2192986 0.2949803
vt 0.2084294 0.2677202
vt 0.2212457 0.2585657
vt 0.2552409 0.2583622
vt 0.2571662 0.259176
vt 0.2317374 0.2160478
vt 0.2414302 0.2157452
vt 0.2402912 0.2168256
vt 0.2391523 0.217906
vt 0.2380134 0.2189865
vt 0.2368744 0.2200669
vt 0.2357355 0.2211473
vt 0.2345965 0.2222277
vt 0.2334576 0.2233081
vt 0.2323186 0.2243886
vt 0.2682251 0.2446554
vt 0.2682433 0.2468314
vt 0.2661367 0.2480692
vt 0.2658801 0.2460635
vt 0.2682983 0.2533586
vt 0.2678877 0.2544445
vt 0.26604 0.2545385
vt 0.2669069 0.2540855
vt 0.2638349 0.2369
vt 0.2649322 0.2388391
vt 0.25431 0.2461594
vt 0.2527987 0.244783
vt 0.2496394 0.2186372
vt 0.2503785 0.2194706
vt 0.2329717 0.2337723
vt 0.2328991 0.2327297
vt 0.2349916 0.2309681
vt 0.2370842 0.2292066
vt 0.2412692 0.2256835
vt 0.2433618 0.2239219
vt 0.2454543 0.2221603
vt 0.2475468 0.2203988
vt 0.2555525 0.225304
vt 0.2565879 0.2267534
vt 0.2336253 0.2431552
vt 0.23348 0.2410701
vt 0.2414288 0.2157429
vt 0.2434812 0.2164658
vt 0.2402898 0.2168233
vt 0.261765 0.2340012
vt 0.2628004 0.2354507
vt 0.2398378 0.2518526
vt 0.2379124 0.2510388
vt 0.240894 0.2489091
vt 0.2423848 0.2478443
vt 0.2438756 0.2467794
vt 0.2453664 0.2457146
vt 0.2468572 0.2446497
vt 0.2498387 0.24252
vt 0.2528203 0.2403903
vt 0.2558019 0.2382607
vt 0.2587834 0.236131
vt 0.257625 0.2282027
vt 0.2596957 0.2311016
vt 0.2564916 0.2333902
vt 0.2555675 0.2318613
vt 0.2546434 0.2303324
vt 0.2682609 0.2490084
vt 0.2682791 0.2511844
vt 0.2666493 0.2520816
vt 0.2663927 0.2500759
vt 0.2682427 0.2468323
vt 0.2682609 0.2490084
vt 0.2663926 0.2500759
vt 0.2661361 0.2480702
vt 0.2682816 0.2511832
vt 0.2682998 0.2533593
vt 0.2669084 0.2540862
vt 0.2666518 0.2520805
vt 0.2617598 0.2547734
vt 0.2585003 0.2565679
vt 0.2570516 0.2554136
vt 0.2579898 0.2548775
vt 0.2617039 0.2546874
vt 0.2607881 0.2532785
vt 0.2580652 0.2548344
vt 0.2564158 0.2549068
vt 0.2563124 0.2548245
vt 0.2556031 0.2542593
vt 0.2578187 0.2529574
vt 0.2604601 0.2527739
vt 0.2627316 0.2562682
vt 0.2599488 0.2577222
vt 0.2585002 0.2565679
vt 0.2617598 0.2547734
vt 0.2598163 0.2517836
vt 0.2578876 0.252917
vt 0.2543083 0.2532275
vt 0.2541545 0.253105
vt 0.2588446 0.2502888
vt 0.2655144 0.2548143
vt 0.2627316 0.2562682
vt 0.2617598 0.2547734
vt 0.2654918 0.2547303
vt 0.2650194 0.2529789
vt 0.2617598 0.2547734
vt 0.2617039 0.2546874
vt 0.260788 0.2532786
vt 0.261715 0.2527489
vt 0.2648562 0.2523736
vt 0.2645245 0.2511434
vt 0.2618215 0.252688
vt 0.26046 0.2527739
vt 0.2598163 0.2517836
vt 0.2640296 0.249308
vt 0.2640296 0.249308
vt 0.2598163 0.2517836
vt 0.2588446 0.2502888
vt 0.2635345 0.2474726
vt 0.2669058 0.2540874
vt 0.266039 0.2545403
vt 0.2655144 0.2548143
vt 0.2654918 0.2547303
vt 0.2650195 0.2529789
vt 0.2666493 0.2520816
vt 0.2666492 0.2520816
vt 0.2650195 0.2529789
vt 0.2648562 0.2523736
vt 0.2645245 0.2511434
vt 0.2663926 0.2500759
vt 0.2663926 0.2500759
vt 0.2645245 0.2511435
vt 0.2640296 0.249308
vt 0.2661361 0.2480702
vt 0.2661361 0.2480702
vt 0.2640296 0.249308
vt 0.2635345 0.2474726
vt 0.2658796 0.2460645
vt 0.2599488 0.2577222
vt 0.2585574 0.2584491
vt 0.2568704 0.2574651
vt 0.2575217 0.2571066
vt 0.2585002 0.2565679
vt 0.2570516 0.2554136
vt 0.2551834 0.2564811
vt 0.2545061 0.2560861
vt 0.254423 0.2553963
vt 0.2550529 0.2549615
vt 0.2563123 0.2548245
vt 0.2564157 0.2549068
vt 0.2556031 0.2542593
vt 0.2542615 0.2550476
vt 0.2534965 0.2554971
vt 0.2518096 0.2545131
vt 0.2541546 0.253105
vt 0.2543083 0.2532275
vt 0.2585002 0.2565679
vt 0.2575217 0.2571066
vt 0.2561248 0.2570302
vt 0.2551834 0.2564811
vt 0.2570516 0.2554136
vt 0.2568704 0.2574651
vt 0.2552406 0.2583624
vt 0.2533153 0.2575486
vt 0.2551835 0.2564811
vt 0.2561248 0.2570302
vt 0.2551834 0.2564811
vt 0.2533153 0.2575487
vt 0.2513899 0.2567349
vt 0.2534965 0.2554971
vt 0.2539195 0.2557438
vt 0.2545062 0.2560861
vt 0.2534965 0.2554971
vt 0.2513899 0.2567349
vt 0.2518096 0.2545131
vt 0.2513899 0.2567349
vt 0.2494645 0.2559212
vt 0.2518095 0.2545131
vt 0.2585574 0.2584491
vt 0.2552406 0.2583624
vt 0.2568704 0.2574651
vt 0.2212463 0.2585653
vt 0.2340626 0.2494108
vt 0.2379133 0.2510382
vt 0.2398386 0.251852
vt 0.241764 0.2526657
vt 0.2436894 0.2534794
vt 0.2456147 0.2542931
vt 0.2475401 0.2551069
vt 0.2494654 0.2559206
vt 0.2513908 0.2567343
vt 0.2533161 0.257548
vt 0.2552415 0.2583618
vt 0.2585574 0.2584491
vt 0.257166 0.2591761
vt 0.2552406 0.2583624
vt 0.2578876 0.252917
vt 0.2578186 0.2529574
vt 0.2556031 0.2542593
vt 0.2543083 0.2532275
vt 0.2578187 0.2529575
vt 0.2578876 0.252917
vt 0.2598163 0.2517837
vt 0.2604601 0.2527739
vt 0.2618216 0.252688
vt 0.2617151 0.2527489
vt 0.2607881 0.2532786
vt 0.2604601 0.2527739
vt 0.261715 0.2527488
vt 0.2618215 0.252688
vt 0.2645245 0.2511435
vt 0.2648562 0.2523736
vt 0.2678864 0.2544463
vt 0.2648672 0.262431
vt 0.2571658 0.2591761
vt 0.2585572 0.2584491
vt 0.2599486 0.2577221
vt 0.2627314 0.2562682
vt 0.2655142 0.2548143
vt 0.2660387 0.2545402
vt 0.2617598 0.2547734
vt 0.2650195 0.2529789
vt 0.2654918 0.2547303
vt 0.2579897 0.2548775
vt 0.2580652 0.2548344
vt 0.260788 0.2532785
vt 0.2617039 0.2546874
vt 0.2580652 0.2548344
vt 0.2579897 0.2548775
vt 0.2570516 0.2554136
vt 0.2564157 0.2549068
vt 0.2542615 0.2550476
vt 0.2556031 0.2542593
vt 0.2563123 0.2548245
vt 0.2550529 0.2549615
vt 0.2539195 0.2557439
vt 0.2534965 0.2554971
vt 0.2542614 0.2550476
vt 0.2550529 0.2549615
vt 0.254423 0.2553963
vt 0.254506 0.2560861
vt 0.2539194 0.2557439
vt 0.2544229 0.2553963
vt 0.2575217 0.2571066
vt 0.2568704 0.2574652
vt 0.2561248 0.2570303
vt 0.2660305 0.2407781
vt 0.2682249 0.2446562
vt 0.2658799 0.2460643
vt 0.2635349 0.2474724
vt 0.2588449 0.2502886
vt 0.2573336 0.2489122
vt 0.2558223 0.2475358
vt 0.2649329 0.2388392
vt 0.2660301 0.2407783
vt 0.2558219 0.247536
vt 0.2543107 0.2461596
vt 0.2588446 0.2502888
vt 0.2541545 0.253105
vt 0.2518095 0.2545131
vt 0.2494645 0.2559212
vt 0.2475392 0.2551075
vt 0.2573332 0.2489124
vt 0.255822 0.247536
vt 0.2532699 0.2492255
vt 0.2516552 0.2479897
vt 0.2543107 0.2461596
vt 0.2475392 0.2551075
vt 0.2456139 0.2542937
vt 0.2481659 0.2526043
vt 0.2507179 0.2509149
vt 0.2532699 0.2492255
vt 0.255822 0.247536
vt 0.2573333 0.2489124
vt 0.262801 0.2354506
vt 0.2638363 0.2369
vt 0.2528 0.2447831
vt 0.250041 0.2467539
vt 0.247282 0.2487246
vt 0.2445229 0.2506954
vt 0.2417638 0.2526662
vt 0.2398384 0.2518525
vt 0.2543107 0.2461596
vt 0.2516552 0.2479897
vt 0.2500404 0.246754
vt 0.2527995 0.2447832
vt 0.2507179 0.2509149
vt 0.2481659 0.2526043
vt 0.2463441 0.2516499
vt 0.2489996 0.2498198
vt 0.2489996 0.2498198
vt 0.2463441 0.2516499
vt 0.2445222 0.2506955
vt 0.2472813 0.2487247
vt 0.2463441 0.2516499
vt 0.2436885 0.25348
vt 0.2417631 0.2526663
vt 0.2445222 0.2506955
vt 0.2481659 0.2526043
vt 0.2456139 0.2542937
vt 0.2436885 0.25348
vt 0.2463441 0.2516499
vt 0.2516551 0.2479897
vt 0.2489996 0.2498198
vt 0.2472813 0.2487247
vt 0.2500404 0.246754
vt 0.2532699 0.2492255
vt 0.2507179 0.2509149
vt 0.2489996 0.2498198
vt 0.2516552 0.2479897
vt 0.2498387 0.24252
vt 0.2468571 0.2446497
vt 0.2453311 0.2436409
vt 0.2441856 0.24218
vt 0.2442286 0.2421493
vt 0.246878 0.2402568
vt 0.246878 0.2402568
vt 0.2442286 0.2421493
vt 0.243209 0.2407531
vt 0.2431949 0.2406987
vt 0.2427158 0.2388519
vt 0.2456974 0.2367222
vt 0.2438755 0.2467794
vt 0.2423847 0.2478443
vt 0.2406263 0.2469114
vt 0.2421727 0.2458068
vt 0.2404699 0.2448341
vt 0.2388678 0.2459784
vt 0.2385556 0.2440124
vt 0.2401021 0.2429078
vt 0.2558019 0.2382607
vt 0.2528203 0.2403903
vt 0.2514512 0.2391793
vt 0.2529976 0.2380747
vt 0.254544 0.2369701
vt 0.2532862 0.2356796
vt 0.2516842 0.2368239
vt 0.250927 0.2351758
vt 0.2524734 0.2340712
vt 0.2528203 0.2403903
vt 0.2498387 0.24252
vt 0.246878 0.2402569
vt 0.2500821 0.2379682
vt 0.2514512 0.2391793
vt 0.2500821 0.2379682
vt 0.246878 0.2402568
vt 0.2456974 0.2367222
vt 0.248679 0.2345925
vt 0.2493806 0.2362804
vt 0.2564903 0.233391
vt 0.2548882 0.2345353
vt 0.2540198 0.2329666
vt 0.2555662 0.231862
vt 0.2587834 0.236131
vt 0.2558019 0.2382607
vt 0.254544 0.2369701
vt 0.2560904 0.2358655
vt 0.2576368 0.234761
vt 0.254544 0.2369701
vt 0.2532862 0.2356796
vt 0.2548882 0.2345353
vt 0.2560904 0.2358655
vt 0.2514512 0.2391793
vt 0.2500821 0.2379682
vt 0.2516842 0.2368239
vt 0.2529976 0.2380747
vt 0.2493806 0.2362804
vt 0.248679 0.2345925
vt 0.2516605 0.2324628
vt 0.2524734 0.2340712
vt 0.250927 0.2351758
vt 0.2524734 0.2340712
vt 0.2516605 0.2324628
vt 0.2546421 0.2303331
vt 0.2555662 0.231862
vt 0.2540198 0.2329666
vt 0.2548882 0.2345353
vt 0.2564903 0.233391
vt 0.2576368 0.234761
vt 0.2560904 0.2358655
vt 0.2548882 0.2345353
vt 0.2532862 0.2356796
vt 0.2524734 0.2340712
vt 0.2540198 0.2329666
vt 0.2516842 0.2368239
vt 0.2532862 0.2356796
vt 0.254544 0.2369701
vt 0.2529976 0.2380747
vt 0.2516842 0.2368239
vt 0.2500821 0.2379682
vt 0.2493805 0.2362804
vt 0.2509269 0.2351758
vt 0.2468571 0.2446497
vt 0.2453663 0.2457146
vt 0.2437191 0.2447022
vt 0.2452655 0.2435976
vt 0.2453311 0.243641
vt 0.243674 0.2425455
vt 0.2420719 0.2436898
vt 0.2416485 0.2418032
vt 0.2431949 0.2406987
vt 0.243209 0.2407531
vt 0.2408963 0.2489076
vt 0.2379148 0.2510373
vt 0.2340641 0.2494099
vt 0.2372681 0.2471212
vt 0.2372696 0.2471212
vt 0.2340655 0.2494099
vt 0.2337749 0.2452395
vt 0.2367564 0.2431098
vt 0.2420719 0.2436898
vt 0.2410616 0.2444115
vt 0.2401021 0.2429079
vt 0.2416485 0.2418033
vt 0.2453664 0.2457146
vt 0.2438756 0.2467794
vt 0.2421728 0.2458067
vt 0.2437191 0.2447022
vt 0.2388728 0.2459769
vt 0.2372708 0.2471213
vt 0.2367576 0.2431099
vt 0.2382484 0.242045
vt 0.2385606 0.244011
vt 0.2423848 0.2478443
vt 0.240894 0.2489091
vt 0.2372658 0.2471227
vt 0.2388678 0.2459784
vt 0.2406263 0.2469113
vt 0.2406263 0.2469114
vt 0.2388678 0.2459784
vt 0.2404699 0.2448341
vt 0.2421727 0.2458068
vt 0.2404699 0.244834
vt 0.2410616 0.2444114
vt 0.2421727 0.2458067
vt 0.2401093 0.2429048
vt 0.2397414 0.2409786
vt 0.2412322 0.2399137
vt 0.2416557 0.2418002
vt 0.2385609 0.2440124
vt 0.2382487 0.2420465
vt 0.2397395 0.2409816
vt 0.2401073 0.2429079
vt 0.2416485 0.2418032
vt 0.241225 0.2399167
vt 0.2427158 0.2388519
vt 0.2431949 0.2406987
vt 0.2437191 0.2447022
vt 0.2420719 0.2436898
vt 0.243674 0.2425455
vt 0.2452656 0.2435976
vt 0.2453311 0.243641
vt 0.2452655 0.2435977
vt 0.243674 0.2425455
vt 0.2441856 0.24218
vt 0.2442285 0.2421494
vt 0.2441855 0.24218
vt 0.2436739 0.2425455
vt 0.2432089 0.2407531
vt 0.2410616 0.2444114
vt 0.2420719 0.2436898
vt 0.2437191 0.2447022
vt 0.2421727 0.2458067
vt 0.2410617 0.2444114
vt 0.24047 0.244834
vt 0.2401021 0.2429078
vt 0.2525963 0.2219709
vt 0.2540746 0.2236377
vt 0.2514822 0.2255561
vt 0.2501705 0.223837
vt 0.2540747 0.2236377
vt 0.2548138 0.2244711
vt 0.2521381 0.2264157
vt 0.2514822 0.2255561
vt 0.2511179 0.2203041
vt 0.2525963 0.2219709
vt 0.2501705 0.2238371
vt 0.2488587 0.2221179
vt 0.2437049 0.2313115
vt 0.2385201 0.2351485
vt 0.2380415 0.2331679
vt 0.2428931 0.2294355
vt 0.2428931 0.2294355
vt 0.2380415 0.2331678
vt 0.2375629 0.2311873
vt 0.2420812 0.2275596
vt 0.2488898 0.2274746
vt 0.2437049 0.2313115
vt 0.2428931 0.2294355
vt 0.2477447 0.2257032
vt 0.2477447 0.2257032
vt 0.2428931 0.2294355
vt 0.2420812 0.2275596
vt 0.2465996 0.2239318
vt 0.2514822 0.2255562
vt 0.2488898 0.2274746
vt 0.2477447 0.2257032
vt 0.2501705 0.2238371
vt 0.2501705 0.2238371
vt 0.2477447 0.2257032
vt 0.2465995 0.2239318
vt 0.2488587 0.2221179
vt 0.2385201 0.2351485
vt 0.2359276 0.2370669
vt 0.2356157 0.235034
vt 0.2380415 0.2331678
vt 0.2380415 0.2331679
vt 0.2356157 0.235034
vt 0.2353037 0.2330012
vt 0.2375629 0.2311873
vt 0.2359335 0.2370633
vt 0.2333411 0.2389818
vt 0.2331957 0.2368966
vt 0.2356215 0.2350304
vt 0.235616 0.2350322
vt 0.2331902 0.2368984
vt 0.2330449 0.2348132
vt 0.235304 0.2329993
vt 0.2455345 0.2171915
vt 0.247587 0.2179144
vt 0.2457329 0.2195056
vt 0.2448259 0.2190591
vt 0.2439188 0.2186124
vt 0.247587 0.2179144
vt 0.2475469 0.2203989
vt 0.2457329 0.2195057
vt 0.243482 0.2164685
vt 0.2455345 0.2171915
vt 0.2439188 0.2186124
vt 0.2430117 0.2181658
vt 0.2421047 0.2177193
vt 0.2390716 0.2228754
vt 0.2358401 0.2257174
vt 0.235218 0.2239728
vt 0.2365953 0.2227221
vt 0.2379727 0.2214714
vt 0.2401705 0.2242795
vt 0.2364622 0.227462
vt 0.2358401 0.2257174
vt 0.2390716 0.2228754
vt 0.239621 0.2235774
vt 0.2398958 0.2239285
vt 0.2379727 0.2214714
vt 0.2365953 0.2227221
vt 0.2357349 0.2211477
vt 0.2368738 0.2200673
vt 0.2423031 0.2200334
vt 0.2406873 0.2214544
vt 0.2400187 0.2208375
vt 0.2400387 0.2195953
vt 0.2407274 0.21897
vt 0.2438788 0.2210969
vt 0.2429517 0.2218926
vt 0.241356 0.2220713
vt 0.2406874 0.2214544
vt 0.2423031 0.2200334
vt 0.2439188 0.2186124
vt 0.2423031 0.2200335
vt 0.2407274 0.21897
vt 0.241416 0.2183446
vt 0.2430117 0.2181658
vt 0.2457329 0.2195056
vt 0.2448058 0.2203013
vt 0.2448258 0.219059
vt 0.2420247 0.2226882
vt 0.2410976 0.2234838
vt 0.2396211 0.2235774
vt 0.2390716 0.2228754
vt 0.2406874 0.2214544
vt 0.241356 0.2220713
vt 0.2406873 0.2214544
vt 0.2390716 0.2228754
vt 0.2379727 0.2214714
vt 0.23935 0.2202207
vt 0.2400187 0.2208375
vt 0.2407273 0.21897
vt 0.2400386 0.2195953
vt 0.23935 0.2202207
vt 0.2380127 0.2189869
vt 0.2391516 0.2179064
vt 0.23935 0.2202207
vt 0.2379726 0.2214714
vt 0.2380127 0.2189869
vt 0.2421047 0.2177192
vt 0.241416 0.2183446
vt 0.2407274 0.21897
vt 0.2391517 0.2179065
vt 0.2402906 0.2168261
vt 0.2379727 0.2214714
vt 0.2368738 0.2200673
vt 0.2380128 0.2189869
vt 0.243482 0.2164685
vt 0.2421047 0.2177193
vt 0.2402906 0.2168261
vt 0.2412694 0.2256835
vt 0.2370843 0.2292067
vt 0.2364623 0.227462
vt 0.2401705 0.2242795
vt 0.2454545 0.2221604
vt 0.2433619 0.223922
vt 0.2420246 0.2226882
vt 0.2429517 0.2218926
vt 0.2438788 0.2210969
vt 0.247547 0.2203989
vt 0.2454545 0.2221604
vt 0.2438788 0.2210969
vt 0.2448058 0.2203013
vt 0.2457329 0.2195056
vt 0.2433619 0.223922
vt 0.2412694 0.2256835
vt 0.2401705 0.2242795
vt 0.240634 0.2238817
vt 0.2410976 0.2234838
vt 0.2420246 0.2226882
vt 0.2475905 0.2179122
vt 0.249643 0.2186351
vt 0.2475505 0.2203967
vt 0.2358401 0.2257174
vt 0.2342244 0.2271384
vt 0.2340325 0.226181
vt 0.2345293 0.2245982
vt 0.235218 0.2239728
vt 0.2364622 0.227462
vt 0.2355352 0.2282577
vt 0.2344163 0.2280958
vt 0.2342244 0.2271384
vt 0.2358401 0.2257174
vt 0.2346081 0.2290533
vt 0.2327539 0.2306446
vt 0.2326086 0.2285594
vt 0.2342244 0.2271384
vt 0.2344163 0.2280959
vt 0.2342244 0.2271384
vt 0.2326087 0.2285594
vt 0.2324634 0.2264742
vt 0.2338407 0.2252235
vt 0.2340326 0.226181
vt 0.2355352 0.2282577
vt 0.2346082 0.2290533
vt 0.2344163 0.2280959
vt 0.2340325 0.226181
vt 0.2338407 0.2252235
vt 0.2345293 0.2245981
vt 0.235218 0.2239728
vt 0.2345293 0.2245981
vt 0.2338407 0.2252235
vt 0.2324634 0.2264742
vt 0.233457 0.2233086
vt 0.2345959 0.2222282
vt 0.2370843 0.2292067
vt 0.2349918 0.2309682
vt 0.2346081 0.2290533
vt 0.2355352 0.2282577
vt 0.2364623 0.2274621
vt 0.2349918 0.2309682
vt 0.2327539 0.2306446
vt 0.2346081 0.2290533
vt 0.2327539 0.2306444
vt 0.2328992 0.2327296
vt 0.2329718 0.2337722
vt 0.2330445 0.2348148
vt 0.2331898 0.2369
vt 0.2333351 0.2389852
vt 0.2334078 0.2400278
vt 0.2334804 0.2410704
vt 0.2336257 0.2431556
vt 0.2337711 0.2452408
vt 0.2340617 0.2494112
vt 0.2212454 0.2585657
vt 0.2084291 0.2677202
vt 0.1861677 0.2485974
vt 0.2089522 0.2323227
vt 0.2349918 0.2309682
vt 0.2328993 0.2327298
vt 0.2327539 0.2306446
vt 0.2324633 0.2264742
vt 0.232318 0.224389
vt 0.2334569 0.2233086
vt 0.2365953 0.2227221
vt 0.235218 0.2239728
vt 0.2345959 0.2222282
vt 0.2357348 0.2211477
vt 0.2400187 0.2208375
vt 0.23935 0.2202207
vt 0.2400387 0.2195953
vt 0.2414161 0.2183446
vt 0.2421047 0.2177192
vt 0.2430118 0.2181658
vt 0.2448058 0.2203013
vt 0.2438788 0.2210969
vt 0.2423031 0.2200335
vt 0.2439188 0.2186124
vt 0.2448259 0.2190591
vt 0.2429517 0.2218926
vt 0.2420246 0.2226882
vt 0.241356 0.2220713
vt 0.2410976 0.2234838
vt 0.2406341 0.2238816
vt 0.2398959 0.2239285
vt 0.2396211 0.2235774
vt 0.240634 0.2238817
vt 0.2401704 0.2242795
vt 0.2398957 0.2239285
vt 0.2503787 0.2194707
vt 0.2511179 0.2203041
vt 0.2488587 0.2221179
vt 0.2465995 0.2239318
vt 0.2420812 0.2275596
vt 0.2375629 0.2311873
vt 0.2353037 0.2330011
vt 0.2330446 0.234815
vt 0.2329719 0.2337724
vt 0.25659 0.2267535
vt 0.2576253 0.2282029
vt 0.2546438 0.2303326
vt 0.2516622 0.2324623
vt 0.2486806 0.2345921
vt 0.2456991 0.2367218
vt 0.2427175 0.2388515
vt 0.2412268 0.2399163
vt 0.239736 0.2409812
vt 0.2382452 0.2420461
vt 0.2367544 0.2431109
vt 0.2337729 0.2452406
vt 0.2336275 0.2431554
vt 0.2548155 0.2244705
vt 0.2555546 0.2253039
vt 0.2334822 0.2410701
vt 0.2334095 0.2400275
vt 0.2360853 0.2380829
vt 0.238761 0.2361383
vt 0.2441125 0.232249
vt 0.249464 0.2283597
vt 0.2521397 0.2264151
vt 0.2441072 0.2322488
vt 0.2387557 0.2361379
vt 0.2385164 0.2351476
vt 0.2437013 0.2313107
vt 0.2494623 0.2283603
vt 0.2441108 0.2322495
vt 0.2437049 0.2313115
vt 0.2488898 0.2274746
vt 0.2521381 0.2264157
vt 0.2494623 0.2283603
vt 0.2488898 0.2274746
vt 0.2514822 0.2255561
vt 0.2387492 0.2361389
vt 0.2360734 0.2380834
vt 0.2359175 0.2370669
vt 0.23851 0.2351485
vt 0.2360811 0.2380817
vt 0.2334053 0.2400263
vt 0.2333327 0.2389837
vt 0.2359252 0.2370652
vt 0 0
vt 0 0
vt 0 0
vt 0 0
vt 0 0
vt 0.4480469 -0.08076324
vt 0.4436 -0.07837782
vt 0.3920725 -0.1027482
vt -0.1975143 -0.2652158
vt -0.19891 -0.2610332
vt -0.1993575 -0.2649402
vt -0.1143041 0.3414245
vt -0.1276568 0.3470775
vt -0.1410095 0.3527305
vt -0.14802 0.3423108
vt -0.1323305 0.3401311
vt 0.1631728 0.3458422
vt 0.1579235 0.3519871
vt 0.1474839 0.3436589
vt -0.1069438 0.3413841
vt -0.1106131 0.3419828
vt -0.1179517 0.34318
vt -0.1215994 0.3341939
vt 0.1619034 0.3505571
vt 0.1533619 0.3523233
vt 0.1466443 0.3495964
vt 0.1484681 0.3451033
vt -0.3444339 -0.02991218
vt -0.3578388 -0.02731131
vt -0.346674 -0.03351609
vt -0.3001126 -0.01820291
vt -0.2768013 -0.02976006
vt -0.2749284 -0.02709701
vt 0.4019892 -0.115037
vt 0.4023894 -0.1181094
vt 0.457549 -0.0920243
vt -0.137609 0.2760784
vt -0.1396337 0.3195633
vt -0.1553537 0.3215115
vt 0.1059911 0.3224469
vt 0.1168195 0.2987591
vt 0.1374168 0.326454
vt 0.4489416 -0.1420625
vt 0.4423112 -0.1478752
vt 0.4435648 -0.1485299
vt 0.3761333 -0.2054024
vt 0.3694036 -0.210447
vt 0.37115 -0.2124551
vt -0.06490781 0.3117995
vt -0.0516047 0.3341605
vt -0.08385871 0.3418747
vt 0.1170508 0.298618
vt 0.1363899 0.2836065
vt 0.1455186 0.3273005
vt 0.1376617 0.3263026
vt -0.2859168 -0.06029643
vt -0.3088486 -0.04794731
vt -0.3111416 -0.05151783
vt -0.1404965 -0.1316055
vt -0.1163595 -0.1397698
vt -0.1153929 -0.1368261
vt -0.1141185 -0.1309526
vt -0.137309 -0.1231074
vt -0.1392238 -0.1257405
vt 0.2822604 -0.2974181
vt 0.2759276 -0.304023
vt 0.2836546 -0.2996849
vt 0.4169539 -0.2062525
vt 0.4110335 -0.2117537
vt 0.4181202 -0.2070522
vt -0.1884855 0.4170696
vt -0.1953154 0.4110359
vt -0.1768614 0.4076949
vt 0.1591222 0.3502425
vt 0.1550196 0.3580474
vt 0.1416598 0.3524114
vt 0.1282999 0.3467754
vt 0.11494 0.3411393
vt 0.1015802 0.3355033
vt 0.1329684 0.3397942
vt 0.1408155 0.3408669
vt 0.1486625 0.3419396
vt -0.1319046 0.3473557
vt -0.1386223 0.3500826
vt -0.1448204 0.3540892
vt -0.1484682 0.3451031
vt -0.1350329 0.3396493
vt 0.131906 0.3473554
vt 0.1251883 0.3446285
vt 0.1179512 0.3431813
vt 0.1197751 0.3386882
vt 0.1334701 0.3435021
vt -0.3047898 -0.2129294
vt -0.3118759 -0.2113962
vt -0.3122989 -0.213351
vt -0.3052128 -0.2148842
vt -0.1179509 0.3431809
vt -0.125188 0.3446281
vt -0.1319056 0.347355
vt -0.1350338 0.3396485
vt -0.1215985 0.3341948
vt -0.2123549 -0.2503411
vt -0.2196887 -0.2495138
vt -0.219913 -0.2515013
vt -0.2125791 -0.2523285
vt 0.1179511 0.3431807
vt 0.1106126 0.3419835
vt 0.1069433 0.3413849
vt 0.1051087 0.3410856
vt 0.1058724 0.3379994
vt 0.119775 0.3386877
vt -0.2146449 0.3353451
vt -0.2258612 0.3413212
vt -0.2169859 0.3259336
vt -0.3844985 -0.1635625
vt -0.3980985 -0.1603012
vt -0.3851057 -0.1654681
vt 0.1448206 0.3540899
vt 0.1386225 0.3500833
vt 0.1319048 0.3473564
vt 0.133469 0.3435032
vt 0.1466445 0.3495968
vt -0.3737845 -0.1688232
vt -0.3808293 -0.1666231
vt -0.3814255 -0.1685322
vt -0.3743807 -0.1707322
vt -0.2977025 -0.2144591
vt -0.3047886 -0.212926
vt -0.3052115 -0.2148807
vt -0.2981255 -0.2164139
vt -0.1886722 -0.2562611
vt -0.1960761 -0.2555753
vt -0.1962606 -0.2575668
vt -0.1888566 -0.2582526
vt -0.1849712 -0.2566048
vt -0.1886732 -0.2562619
vt -0.1888576 -0.2582534
vt -0.1851557 -0.2585963
vt -0.1831173 -0.256777
vt -0.1849683 -0.2566055
vt -0.1851527 -0.258597
vt -0.07710762 0.330919
vt -0.07287968 0.3429721
vt -0.07468449 0.3434369
vt 0.3069054 0.107542
vt 0.3171201 0.1151729
vt 0.3154795 0.1172905
vt -0.1201878 0.2543086
vt -0.08749254 0.2487544
vt -0.1021366 0.2551897
vt -0.06985258 0.2959853
vt -0.05558655 0.2887504
vt -0.05455828 0.3016923
vt -0.1244423 0.2799709
vt -0.1039062 0.2950546
vt -0.1252312 0.3234957
vt -0.2374435 0.2728051
vt -0.2561865 0.2734485
vt -0.2124105 0.2309435
vt -0.4003978 0.1309792
vt -0.398539 0.1209123
vt -0.3836788 0.1194359
vt -0.1789566 0.3469723
vt -0.1945955 0.3540221
vt -0.1851383 0.3360406
vt -0.1851805 0.3643478
vt -0.1932425 0.3553652
vt -0.1776234 0.3482717
vt 0.2943712 -0.210187
vt 0.3039627 -0.2061332
vt 0.3037782 -0.2036514
vt -0.4304768 -0.174383
vt -0.4300625 -0.1767991
vt -0.4179057 -0.1805045
vt -0.1071586 -0.2062219
vt -0.1049837 -0.2057954
vt -0.1064552 -0.2038348
vt 0.1839684 0.3680286
vt 0.1814971 0.3738007
vt 0.1755154 0.3701788
vt -0.3390666 -0.0008191512
vt -0.3445714 0.002363368
vt -0.3459476 0.003159008
vt -0.3473238 0.003954628
vt -0.3500762 0.005545888
vt -0.3524607 0.001836957
vt 0.1361931 0.2836676
vt 0.1688724 0.3303696
vt 0.1531595 0.328367
vt 0.145303 0.3273657
vt 0.3902891 -0.2358392
vt 0.3934411 -0.23978
vt 0.3977109 -0.2316868
vt 0.1327026 -0.08818406
vt 0.1417906 -0.08750477
vt 0.1409628 -0.0849755
vt 0.3057272 -0.03430251
vt 0.3065271 -0.03684073
vt 0.3137828 -0.02961903
vt 0.4559778 -0.118358
vt 0.4627012 -0.1119064
vt 0.4588608 -0.1102179
vt 0.4472103 -0.14796
vt 0.4509166 -0.1499254
vt 0.4571964 -0.1403458
vt -0.3355599 0.2943219
vt -0.3381973 0.2842485
vt -0.3336368 0.2954237
vt 0.1334703 0.3435023
vt 0.1350344 0.3396491
vt 0.1484697 0.3451028
vt 0.1466458 0.3495959
vt 0.1197746 0.3386877
vt 0.1215985 0.3341946
vt 0.1350338 0.3396484
vt 0.1334696 0.3435016
vt 0.1533578 0.3523272
vt 0.1512224 0.3527687
vt 0.1466402 0.3496003
vt 0.1814917 0.3738046
vt 0.1808739 0.3752477
vt 0.1733969 0.3707202
vt 0.1755101 0.3701827
vt 0.180263 0.376686
vt 0.1790273 0.3795721
vt 0.167064 0.3723283
vt 0.1712905 0.3712532
vt 0.1808829 0.3752411
vt 0.180265 0.3766841
vt 0.1712925 0.3712513
vt 0.1734057 0.3707137
vt 0.1512302 0.3527629
vt 0.1490948 0.3532045
vt 0.1448241 0.3540876
vt 0.146648 0.3495945
vt 0.1066357 0.3349129
vt 0.1081632 0.3287405
vt 0.1215985 0.3341943
vt 0.1197746 0.3386874
vt 0.1058729 0.3379982
vt 0.1062548 0.3364551
vt 0.1197755 0.3386864
vt 0.1062549 0.3364549
vt 0.1066367 0.3349118
vt 0.1197756 0.3386862
vt -0.1715256 -0.2716702
vt -0.1698215 -0.273737
vt -0.1695212 -0.269816
vt -0.2009464 -0.2951181
vt -0.2242797 -0.2848805
vt -0.2250754 -0.289047
vt 0.182529 0.04330736
vt 0.1874616 0.04684847
vt 0.1812862 0.04817695
vt 0.463572 -0.0680276
vt 0.4646011 -0.06379192
vt 0.4113544 -0.09358786
vt -0.2002708 -0.25913
vt -0.1990809 -0.2573355
vt -0.2009235 -0.2570564
vt -0.2012661 -0.2600365
vt -0.1014657 0.3358235
vt -0.114825 0.3414607
vt -0.1281844 0.3470978
vt -0.1415437 0.352735
vt -0.1549031 0.3583722
vt -0.1590026 0.3505965
vt -0.1485419 0.3423072
vt -0.1406958 0.3412265
vt -0.1328498 0.3401459
vt -0.01334219 0.4259543
vt -0.02212964 0.4283697
vt -0.02900551 0.415752
vt -0.1081484 0.3288836
vt -0.1066209 0.3350559
vt -0.1197598 0.3388304
vt -0.1215837 0.3343373
vt 0.03545027 0.3605985
vt 0.02692527 0.3511304
vt 0.03243173 0.343147
vt -0.4232135 -0.1181543
vt -0.4338446 -0.1110738
vt -0.4249622 -0.1209005
vt 0.4039233 -0.1157832
vt 0.4066066 -0.1189137
vt 0.457589 -0.09342249
vt -0.16884 0.3303934
vt -0.1361599 0.2836921
vt -0.1452731 0.3273682
vt -0.1531287 0.3283766
vt 0.1236428 0.3326336
vt 0.1335201 0.3085624
vt 0.1566041 0.3356802
vt 0.2127033 0.1015875
vt 0.2129426 0.1001781
vt 0.2207143 0.1042855
vt -0.116789 0.2987569
vt -0.1059644 0.322416
vt -0.1373867 0.3264514
vt 0.106309 0.3223598
vt 0.14339 0.3531304
vt 0.1277197 0.3508174
vt -0.4067276 -0.1502362
vt -0.4082898 -0.1530926
vt -0.3868755 -0.1678694
vt -0.2244304 -0.2879894
vt -0.2020146 -0.2977813
vt -0.2002948 -0.294034
vt 0.1371454 0.09924832
vt 0.1300562 0.09472296
vt 0.1374786 0.09785815
vt -0.1577846 0.3523868
vt -0.1630308 0.3462713
vt -0.1473441 0.3440719
vt 0.1410124 0.3528865
vt 0.1276592 0.3472348
vt 0.114306 0.341583
vt 0.1323359 0.3402591
vt 0.1480275 0.342423
vt -0.1318871 0.3474994
vt -0.1386047 0.3502263
vt -0.1448029 0.3542329
vt -0.1466267 0.3497398
vt -0.1334513 0.3436462
vt 0.1318898 0.3474978
vt 0.1251721 0.3447709
vt 0.117935 0.3433237
vt 0.1215828 0.3343376
vt 0.1350181 0.3397913
vt -0.3058703 -0.2177401
vt -0.3129564 -0.216207
vt -0.3133793 -0.2181617
vt -0.3062933 -0.2196949
vt -0.1179348 0.3433236
vt -0.1251719 0.3447708
vt -0.1318896 0.3474978
vt -0.1334537 0.3436445
vt -0.1197587 0.3388306
vt -0.2129195 -0.2552391
vt -0.2202534 -0.2544118
vt -0.2204776 -0.2563992
vt -0.2131438 -0.2572265
vt 0.1179351 0.3433234
vt 0.1105966 0.3421262
vt 0.1069273 0.3415276
vt 0.1215828 0.3343373
vt -0.144805 0.3542318
vt -0.1490758 0.3533487
vt -0.1512111 0.3529072
vt -0.1466289 0.3497388
vt -0.3764001 -0.1761241
vt -0.3888406 -0.1724099
vt -0.3769788 -0.1780386
vt 0.1448044 0.3542323
vt 0.1386063 0.3502257
vt 0.1318886 0.3474988
vt 0.1350169 0.3397923
vt 0.1484522 0.3452461
vt -0.3753152 -0.1735104
vt -0.38236 -0.1713103
vt -0.3829562 -0.1732194
vt -0.3759114 -0.1754195
vt -0.2987829 -0.2192698
vt -0.305869 -0.2177367
vt -0.306292 -0.2196914
vt -0.2992059 -0.2212246
vt -0.1891336 -0.2611694
vt -0.1965375 -0.2604836
vt -0.196722 -0.2624751
vt -0.1893181 -0.2631609
vt -0.1854337 -0.2615124
vt -0.1891356 -0.2611695
vt -0.1893201 -0.263161
vt -0.1856181 -0.2635039
vt -0.1866494 -0.2616331
vt -0.1885972 -0.2624494
vt -0.1887893 -0.2644401
vt -0.186939 -0.2646188
vt 0.07468323 0.343437
vt 0.07287841 0.3429721
vt 0.07710637 0.330919
vt 0.4027689 0.1112956
vt 0.4009978 0.1124462
vt 0.39365 0.102026
vt 0.1256178 0.3711209
vt 0.1107475 0.3653989
vt 0.1436108 0.3693653
vt 0.1411983 0.3511474
vt 0.1401025 0.3381905
vt 0.1553107 0.3429421
vt 0.1237601 0.2998661
vt 0.1436448 0.2839336
vt 0.1803092 0.3327058
vt 0.01072632 0.3576424
vt 0.05749965 0.4033426
vt 0.04052876 0.3955059
vt 0.303755 0.1901341
vt 0.3172089 0.1951818
vt 0.317083 0.2054181
vt 0.07352478 0.3358507
vt 0.08752473 0.3458516
vt 0.07782281 0.3530319
vt 0.06524435 0.3373606
vt 0.07033207 0.3569909
vt 0.05664473 0.3465661
vt -0.1156123 0.2935427
vt -0.1263158 0.3011466
vt -0.1279512 0.2985887
vt -0.1199236 0.2928858
vt -0.3413561 -0.07486641
vt -0.352934 -0.0695491
vt -0.3538955 -0.07150106
vt -0.1085806 -0.1950001
vt -0.1078281 -0.1929585
vt -0.1100039 -0.1933809
vt -0.4379302 -0.06425156
vt -0.4467971 -0.05500882
vt -0.4476498 -0.05605067
vt -0.4452198 -0.05810089
vt -0.4427899 -0.06015111
vt -0.435519 -0.1079356
vt -0.4366617 -0.1097606
vt -0.4267225 -0.1178393
vt -0.1363568 0.2836314
vt -0.1170213 0.2986143
vt -0.1376325 0.3262987
vt -0.1454886 0.3273037
vt 0.1258225 0.1164514
vt 0.1167393 0.1157105
vt 0.1187775 0.1118574
vt -0.3715287 -0.1751626
vt -0.3695819 -0.171394
vt -0.3921309 -0.158412
vt 0.2389525 0.04880279
vt 0.2378828 0.05371332
vt 0.230902 0.04622564
vt 0.1875291 0.06894667
vt 0.1778542 0.06509612
vt 0.1889576 0.0673321
vt 0.1874617 0.04684866
vt 0.1886948 0.04773394
vt 0.189928 0.0486192
vt 0.1923943 0.05038978
vt 0.1812862 0.04817715
vt 0.3336354 0.2954248
vt 0.338196 0.2842496
vt 0.3355586 0.294323
vt -0.1334534 0.3436444
vt -0.1350175 0.3397912
vt -0.1215822 0.3343375
vt -0.1197584 0.3388305
vt -0.1066219 0.3350544
vt -0.1058582 0.3381405
vt -0.1197608 0.3388288
vt -0.1058578 0.3381416
vt -0.1050941 0.3412278
vt -0.1069288 0.3415272
vt -0.110598 0.3421257
vt -0.1179366 0.3433229
vt -0.1197605 0.3388299
vt -0.1466285 0.3497381
vt -0.1484523 0.3452451
vt -0.1350171 0.3397913
vt -0.133453 0.3436445
vt -0.1533461 0.3524658
vt -0.1618876 0.3506996
vt -0.1484524 0.3452459
vt -0.1466285 0.3497389
vt -0.1295851 0.2960309
vt -0.132856 0.2909151
vt -0.1242334 0.2922289
vt -0.1279516 0.2985886
vt -0.1287693 0.2973096
vt -0.1220796 0.2925572
vt -0.119924 0.2928857
vt -0.1287687 0.2973094
vt -0.1295864 0.2960304
vt -0.1242346 0.2922285
vt -0.122079 0.2925569
vt -0.1512139 0.3529058
vt -0.1533493 0.3524642
vt -0.1466316 0.3497374
vt -0.09710472 -0.3656006
vt -0.09491156 -0.3631944
vt -0.1469818 -0.3412094
vt -0.1480783 -0.3424124
vt -0.07759772 0.03304212
vt -0.02452562 0.05091251
vt -0.02567641 0.05276337
vt -0.07989933 0.03674386
vt 0.2141442 -0.3625117
vt 0.2238373 -0.3628015
vt 0.2145169 -0.3592774
vt -0.4066066 -0.1189137
vt -0.4039233 -0.1157833
vt -0.4312033 -0.1043793
vt -0.4575889 -0.09342253
vt -0.4320977 -0.1061681
vt -0.2317361 0.2160487
vt -0.2324699 0.2242805
vt -0.2369494 0.2200133
vt -0.2391891 0.2178797
vt -0.240309 0.2168129
vt -0.2414289 0.2157461
vt 0.252999 0.2280912
vt 0.2570796 0.2339319
vt 0.1521477 0.3072416
vt -0.1571646 0.3043382
vt -0.17373 0.3275296
vt -0.1965145 0.3112549
vt -0.1830006 0.2858838
vt 0.254613 0.2641583
vt 0.2081326 0.2953924
vt 0.1616521 0.3266264
vt 0.1432441 0.3010257
vt 0.4000244 -0.0245209
vt 0.4015442 -0.02355876
vt 0.4030639 -0.02259662
vt 0.4045836 -0.02163448
vt 0.4061034 -0.02067237
vt 0.3982171 -0.02192598
vt 0.2410038 0.0913901
vt 0.2427311 0.09271364
vt 0.2444585 0.09403716
vt 0.2461858 0.0953607
vt 0.2479131 0.09668422
vt 0.2384748 0.09414767
vt 0.4142226 -0.06456659
vt 0.4161638 -0.06347314
vt 0.418105 -0.06237971
vt 0.4200462 -0.06128628
vt 0.4219874 -0.06019286
vt 0.4127945 -0.06181703
vt 0.3734101 0.0717404
vt 0.3751476 0.07313501
vt 0.3760163 0.0738323
vt 0.3768851 0.0745296
vt 0.3777538 0.07522692
vt 0.3786226 0.07592421
vt 0.3803601 0.07731879
vt 0.3709931 0.07441586
vt 0.42444 -0.06950709
vt 0.4260191 -0.06864591
vt 0.4275983 -0.06778473
vt 0.4291775 -0.06692357
vt 0.4307567 -0.0660624
vt 0.4293662 -0.06322224
vt 0.3783371 -0.2113369
vt 0.3804168 -0.2106965
vt 0.3824965 -0.2100561
vt 0.3845763 -0.2094157
vt 0.386656 -0.2087754
vt 0.3771304 -0.2082476
vt 0.1052582 0.09858732
vt 0.1133658 0.1039078
vt 0.1025821 0.1016595
vt -0.07851545 -0.3487654
vt -0.1303558 -0.3262909
vt -0.1311585 -0.3281898
vt 0.1962671 0.3025048
vt 0.177108 0.2799842
vt 0.2201672 0.2433995
vt 0.2632264 0.2068148
vt 0.1517847 0.3074042
vt 0.2275922 0.2185597
vt 0.237288 0.2183654
vt 0.1588757 0.3074992
vt 0.2430498 0.2172029
vt 0.2518543 0.2208772
vt 0.1493107 0.306806
vt 0.2439982 0.2220554
vt 0.2506257 0.2282501
vt 0.1521477 0.3072416
vt 0.2570795 0.2339319
vt 0.2611602 0.2397727
vt 0.1518403 0.3071589
vt 0.2608958 0.2397597
vt 0.2657707 0.2483841
vt 0.1532877 0.3077065
vt 0.2670406 0.2485888
vt 0.2676174 0.2581118
vt 0.1470834 0.3042827
vt 0.2620397 0.2561583
vt 0.2581607 0.2665457
vt 0.02854622 0.06878291
vt 0.02624461 0.07248461
vt -0.0268275 0.05461426
vt -0.02567668 0.05276338
vt -0.4378868 -0.08069362
vt -0.4645961 -0.06393464
vt -0.4635657 -0.06817001
vt 0.1096398 0.1199626
vt 0.1079761 0.1239915
vt 0.09886505 0.1176721
vt 0.2317249 0.1495403
vt 0.2295806 0.1530047
vt 0.222349 0.1467818
vt 0.3779987 0.08566426
vt 0.3762977 0.08899694
vt 0.3686518 0.08269727
vt 0.3938194 0.0595997
vt 0.3915865 0.06243071
vt 0.3859921 0.05801835
vt 0.4156203 0.0009539846
vt 0.4139033 0.004124468
vt 0.4065267 -0.001156135
vt 0.3859918 0.05801915
vt 0.3803974 0.0536068
vt 0.3826303 0.05077579
vt 0.3886605 -0.2041942
vt 0.3882982 -0.2011171
vt 0.3791303 -0.2037568
vt 0.2258215 -0.3610554
vt 0.2261803 -0.3577583
vt 0.2164842 -0.357576
vt -0.1861678 0.2485974
vt -0.1633832 0.2648721
vt -0.183 0.2858838
vt -0.208836 0.2674295
vt -0.2192986 0.2949802
vt -0.2648676 0.2624308
vt -0.2573188 0.2590669
vt -0.2554316 0.2582259
vt -0.2535444 0.2573849
vt -0.2516572 0.2565439
vt -0.24977 0.255703
vt -0.2478828 0.254862
vt -0.2469391 0.2544415
vt -0.2459956 0.254021
vt -0.245052 0.2536005
vt -0.2441083 0.25318
vt -0.2422211 0.2523391
vt -0.2403339 0.251498
vt -0.2384467 0.2506571
vt -0.2365595 0.2498161
vt -0.2346723 0.2489751
vt -0.2088363 0.2674295
vt -0.1469869 -0.341212
vt -0.1990569 -0.3192265
vt -0.1735702 -0.3308208
vt -0.1480834 -0.3424151
vt -0.1303568 -0.3262911
vt -0.1821972 -0.3038165
vt -0.1838025 -0.3076143
vt -0.1311594 -0.32819
vt -0.02682733 0.05461464
vt -0.07989945 0.03674425
vt -0.02567651 0.05276376
vt -0.02452565 0.05091194
vt 0.002010414 0.05984713
vt 0.02854648 0.06878232
vt -0.02567643 0.0527628
vt 0 0
vt 0 0
vt 0 0
vt 0 0
vt 0 0
vt 0 0
vt 0 0
vt 0 0
vt 0 0
vt 0 0
vt 0 0
vt 0 0
vt 0 0
vt 0 0
vt -0.2648679 0.2624307
vt -0.2682977 0.25336
vt -0.2669254 0.2540734
vt -0.2655531 0.2547867
vt -0.2641807 0.2555
vt -0.2628084 0.2562134
vt -0.261436 0.2569268
vt -0.2600637 0.2576401
vt -0.2586914 0.2583534
vt -0.2573191 0.2590668
vt -0.2332044 0.2325118
vt -0.2333879 0.2345698
vt -0.2352588 0.2307775
vt -0.2339382 0.2407435
vt -0.2341217 0.2428014
vt -0.2369554 0.2407773
vt -0.2397892 0.2387532
vt -0.2454567 0.2347049
vt -0.2511242 0.2306567
vt -0.253958 0.2286326
vt -0.2567918 0.2266085
vt -0.255553 0.2253043
vt -0.2528512 0.2272342
vt -0.2501493 0.2291641
vt -0.2474474 0.231094
vt -0.2447456 0.2330239
vt -0.2420438 0.2349538
vt -0.2393419 0.2368837
vt -0.2366401 0.2388136
vt -0.2682248 0.2446562
vt -0.2671276 0.2427172
vt -0.2478828 0.2548621
vt -0.24977 0.2557031
vt -0.2520769 0.2543222
vt -0.2543837 0.2529414
vt -0.2589974 0.2501797
vt -0.2636111 0.247418
vt -0.265918 0.2460371
vt -0.2638399 0.2368985
vt -0.263008 0.2353037
vt -0.2611381 0.2388283
vt -0.2324706 0.22428
vt -0.232654 0.226338
vt -0.2340076 0.2251043
vt -0.2353611 0.2238706
vt -0.238068 0.2214033
vt -0.2369501 0.2200128
vt -0.2328375 0.2283959
vt -0.233021 0.2304539
vt -0.2348417 0.2288865
vt -0.2344247 0.2269953
vt -0.2326541 0.226338
vt -0.2328375 0.2283959
vt -0.2344247 0.2269953
vt -0.2340076 0.2251043
vt -0.233021 0.2304538
vt -0.2332044 0.2325118
vt -0.2352588 0.2307775
vt -0.2373132 0.2290432
vt -0.2393676 0.2273089
vt -0.241422 0.2255746
vt -0.240304 0.2241841
vt -0.2366625 0.227319
vt -0.2348417 0.2288864
vt -0.239186 0.2227937
vt -0.2423603 0.2199926
vt -0.240775 0.2189359
vt -0.2380681 0.2214033
vt -0.240304 0.2241841
vt -0.2439455 0.2210492
vt -0.2423603 0.2199926
vt -0.239186 0.2227937
vt -0.2423603 0.2199926
vt -0.2439475 0.218592
vt -0.243038 0.2181471
vt -0.240775 0.2189359
vt -0.2439456 0.2210492
vt -0.2439475 0.218592
vt -0.2423603 0.2199926
vt -0.2439475 0.218592
vt -0.2455346 0.2171914
vt -0.2434821 0.2164685
vt -0.2421286 0.2177022
vt -0.243038 0.2181471
vt -0.2457663 0.2194818
vt -0.2475871 0.2179143
vt -0.2455346 0.2171914
vt -0.2439475 0.218592
vt -0.2360118 0.2255948
vt -0.239186 0.2227937
vt -0.238068 0.2214032
vt -0.2353611 0.2238706
vt -0.2366625 0.227319
vt -0.240304 0.2241841
vt -0.239186 0.2227937
vt -0.2360118 0.2255948
vt -0.2344247 0.2269953
vt -0.2360118 0.2255948
vt -0.2353611 0.2238706
vt -0.2340076 0.2251043
vt -0.2348417 0.2288864
vt -0.2366625 0.227319
vt -0.2360118 0.2255948
vt -0.2344247 0.2269953
vt -0.2335713 0.2366277
vt -0.2337548 0.2386857
vt -0.2362948 0.2368047
vt -0.2361221 0.2358001
vt -0.2359495 0.2347956
vt -0.2333879 0.2345698
vt -0.2335713 0.2366277
vt -0.2359495 0.2347956
vt -0.2357768 0.2337911
vt -0.2356042 0.2327866
vt -0.2337548 0.2386856
vt -0.2366401 0.2388137
vt -0.2362948 0.2368046
vt -0.2430838 0.2292993
vt -0.2439842 0.2279421
vt -0.2448846 0.2265849
vt -0.2466854 0.2238705
vt -0.2422529 0.2274369
vt -0.2439147 0.2311616
vt -0.2489947 0.2273997
vt -0.2460393 0.2283495
vt -0.2445615 0.2288243
vt -0.2430838 0.2292993
vt -0.24784 0.2256351
vt -0.2502182 0.223803
vt -0.2495599 0.2229451
vt -0.2477935 0.2229789
vt -0.2466854 0.2238705
vt -0.2489947 0.2273997
vt -0.2502646 0.2264592
vt -0.2508764 0.2246608
vt -0.2502182 0.223803
vt -0.24784 0.2256351
vt -0.2502182 0.223803
vt -0.2525963 0.2219708
vt -0.2511179 0.2203041
vt -0.2489017 0.2220873
vt -0.2495599 0.2229451
vt -0.2515347 0.2255187
vt -0.2540747 0.2236377
vt -0.2525963 0.2219708
vt -0.2502182 0.223803
vt -0.2508764 0.2246608
vt -0.2383275 0.2329635
vt -0.2407057 0.2311314
vt -0.2404521 0.2301513
vt -0.2378204 0.2310033
vt -0.2388348 0.2349236
vt -0.2409593 0.2321115
vt -0.2407057 0.2311314
vt -0.2383276 0.2329635
vt -0.2359495 0.2347956
vt -0.2383276 0.2329635
vt -0.2378204 0.2310033
vt -0.2367123 0.2318949
vt -0.2357768 0.2337911
vt -0.2362948 0.2368046
vt -0.2375648 0.2358641
vt -0.2361221 0.2358001
vt -0.2422529 0.2274369
vt -0.2434763 0.2238403
vt -0.241422 0.2255746
vt -0.2378204 0.2310033
vt -0.2422529 0.2274369
vt -0.2393676 0.2273089
vt -0.2373132 0.2290432
vt -0.2356041 0.2327865
vt -0.2367123 0.2318949
vt -0.2378204 0.2310033
vt -0.2373132 0.2290432
vt -0.2352588 0.2307775
vt -0.2447457 0.233024
vt -0.2474475 0.2310942
vt -0.2439147 0.2311616
vt -0.2393419 0.2368838
vt -0.2420438 0.2349539
vt -0.2439147 0.2311617
vt -0.2388348 0.2349236
vt -0.2366401 0.2388137
vt -0.2393419 0.2368838
vt -0.2388348 0.2349236
vt -0.2375648 0.2358641
vt -0.2362948 0.2368046
vt -0.2466854 0.2238705
vt -0.2477936 0.2229789
vt -0.2489017 0.2220873
vt -0.2475852 0.2203716
vt -0.2455308 0.2221059
vt -0.2489016 0.2220873
vt -0.2511179 0.2203041
vt -0.2475851 0.2203716
vt -0.2501493 0.2291642
vt -0.2528512 0.2272343
vt -0.2515346 0.2255187
vt -0.2502646 0.2264592
vt -0.2489947 0.2273997
vt -0.2528512 0.2272343
vt -0.2540746 0.2236377
vt -0.2515346 0.2255187
vt -0.2511178 0.2203021
vt -0.2496394 0.2186354
vt -0.2475851 0.2203697
vt -0.2528548 0.2272326
vt -0.2555566 0.2253027
vt -0.2540783 0.2236359
vt -0.2333879 0.2345698
vt -0.2356042 0.2327866
vt -0.2352588 0.2307775
vt -0.2337548 0.2386857
vt -0.2339383 0.2407436
vt -0.2366401 0.2388137
vt -0.2422529 0.2274369
vt -0.2466854 0.2238705
vt -0.2455308 0.2221059
vt -0.2434764 0.2238402
vt -0.2422529 0.2274369
vt -0.241422 0.2255746
vt -0.2393676 0.2273089
vt -0.2420438 0.2349539
vt -0.2447456 0.233024
vt -0.2439147 0.2311617
vt -0.2474475 0.2310942
vt -0.2501494 0.2291642
vt -0.2489947 0.2273997
vt -0.2439147 0.2311617
vt -0.2430838 0.2292993
vt -0.2442729 0.2283832
vt -0.2439842 0.2279421
vt -0.2489947 0.2273997
vt -0.2478401 0.2256351
vt -0.245462 0.2274671
vt -0.2460393 0.2283495
vt -0.2430838 0.2292993
vt -0.2422529 0.2274369
vt -0.2378204 0.2310033
vt -0.2404521 0.2301513
vt -0.241768 0.2297253
vt -0.2388347 0.2349236
vt -0.2439147 0.2311617
vt -0.2430838 0.2292993
vt -0.2420215 0.2307054
vt -0.2409593 0.2321115
vt -0.2495599 0.2229451
vt -0.2489016 0.2220873
vt -0.2477935 0.2229789
vt -0.2502646 0.2264592
vt -0.2515346 0.2255187
vt -0.2508764 0.2246608
vt -0.2367124 0.2318949
vt -0.2356042 0.2327865
vt -0.2357769 0.233791
vt -0.2375648 0.2358641
vt -0.2388348 0.2349236
vt -0.2383276 0.2329635
vt -0.2359495 0.2347956
vt -0.2361222 0.2358001
vt -0.2409593 0.2321114
vt -0.2420216 0.2307053
vt -0.2418948 0.2302153
vt -0.2407057 0.2311313
vt -0.2407057 0.2311314
vt -0.2418948 0.2302153
vt -0.241768 0.2297253
vt -0.2404521 0.2301513
vt -0.2418948 0.2302153
vt -0.2430838 0.2292993
vt -0.241768 0.2297253
vt -0.2420216 0.2307054
vt -0.2430838 0.2292993
vt -0.2418948 0.2302153
vt -0.2454619 0.2274671
vt -0.24784 0.2256351
vt -0.2466854 0.2238705
vt -0.2448846 0.2265849
vt -0.2454619 0.2274671
vt -0.2442729 0.2283832
vt -0.2445615 0.2288244
vt -0.2460392 0.2283495
vt -0.2442729 0.2283832
vt -0.2454619 0.2274672
vt -0.2448846 0.2265849
vt -0.2439842 0.2279421
vt -0.2442728 0.2283832
vt -0.2430837 0.2292993
vt -0.2445614 0.2288244
vt -0.2343052 0.2448595
vt -0.2344886 0.2469174
vt -0.2375862 0.2447049
vt -0.2372708 0.2427412
vt -0.2341217 0.2428016
vt -0.2343051 0.2448595
vt -0.2372708 0.2427412
vt -0.2369554 0.2407774
vt -0.2344887 0.2469174
vt -0.2346722 0.2489754
vt -0.2379017 0.2466686
vt -0.2411312 0.2443618
vt -0.2475902 0.2397482
vt -0.2540492 0.2351346
vt -0.2572787 0.2328278
vt -0.2605082 0.230521
vt -0.2592694 0.2292169
vt -0.2561719 0.2314294
vt -0.2530742 0.233642
vt -0.2468791 0.2380671
vt -0.2406839 0.2424923
vt -0.2375863 0.2447048
vt -0.2468789 0.2380672
vt -0.2530741 0.2336421
vt -0.2520992 0.2321495
vt -0.2461679 0.2363861
vt -0.2461679 0.2363861
vt -0.2520992 0.2321495
vt -0.2511243 0.2306569
vt -0.2454567 0.2347051
vt -0.2520992 0.2321494
vt -0.2550649 0.2300311
vt -0.253958 0.2286327
vt -0.2511243 0.2306568
vt -0.2530741 0.233642
vt -0.2561717 0.2314295
vt -0.2550649 0.2300311
vt -0.2520992 0.2321494
vt -0.2550649 0.2300311
vt -0.2580306 0.2279128
vt -0.2567918 0.2266086
vt -0.253958 0.2286327
vt -0.2561717 0.2314295
vt -0.2592693 0.2292169
vt -0.2580306 0.2279128
vt -0.2550649 0.2300311
vt -0.2406838 0.2424923
vt -0.246879 0.2380672
vt -0.2461679 0.2363861
vt -0.2402365 0.2406228
vt -0.2402365 0.2406228
vt -0.2461679 0.2363861
vt -0.2454567 0.2347051
vt -0.2397892 0.2387533
vt -0.2317371 0.216048
vt -0.1861681 0.2485974
vt -0.2088364 0.2674295
vt -0.2346724 0.2489752
vt -0.2375862 0.2447049
vt -0.2406838 0.2424923
vt -0.2402366 0.2406228
vt -0.2372709 0.2427412
vt -0.2372708 0.2427412
vt -0.2402365 0.2406228
vt -0.2397892 0.2387533
vt -0.2369555 0.2407774
vt -0.2621719 0.2337106
vt -0.26134 0.2321159
vt -0.2582424 0.2343284
vt -0.2587243 0.2350787
vt -0.2592062 0.235829
vt -0.26134 0.2321159
vt -0.2572786 0.2328279
vt -0.2582424 0.2343284
vt -0.2489496 0.2409661
vt -0.2427544 0.2453913
vt -0.2443778 0.2464207
vt -0.2503092 0.242184
vt -0.2503092 0.242184
vt -0.2443779 0.2464207
vt -0.2460012 0.2474501
vt -0.248835 0.245426
vt -0.2516688 0.2434019
vt -0.2630038 0.2353054
vt -0.2621719 0.2337106
vt -0.2592062 0.235829
vt -0.2596881 0.2365792
vt -0.26017 0.2373295
vt -0.2562405 0.2379473
vt -0.2532749 0.2400656
vt -0.2538887 0.2407217
vt -0.2559194 0.2403657
vt -0.2573363 0.2393536
vt -0.2532749 0.2400656
vt -0.2503092 0.242184
vt -0.2516688 0.2434019
vt -0.2545025 0.2413777
vt -0.2538887 0.2407217
vt -0.2551448 0.236541
vt -0.253596 0.2376473
vt -0.252661 0.2394096
vt -0.2532749 0.2400656
vt -0.2562405 0.2379473
vt -0.2520472 0.2387536
vt -0.2504984 0.2398598
vt -0.2503092 0.242184
vt -0.2532749 0.2400656
vt -0.252661 0.2394096
vt -0.2592062 0.235829
vt -0.2562405 0.2379473
vt -0.2573362 0.2393536
vt -0.2587531 0.2383416
vt -0.2596881 0.2365792
vt -0.2582424 0.2343284
vt -0.2566936 0.2354347
vt -0.2587243 0.2350787
vt -0.2427544 0.2453912
vt -0.2416445 0.2467313
vt -0.2414121 0.248539
vt -0.2443778 0.2464207
vt -0.2443778 0.2464207
vt -0.2414121 0.248539
vt -0.2422898 0.2490066
vt -0.2445843 0.2484622
vt -0.2460012 0.2474501
vt -0.2396569 0.2476038
vt -0.2365593 0.2498164
vt -0.2384465 0.2506573
vt -0.2414122 0.248539
vt -0.2405345 0.2480714
vt -0.2414121 0.248539
vt -0.2384465 0.2506573
vt -0.2403336 0.2514983
vt -0.2449227 0.2504094
vt -0.2431674 0.2494742
vt -0.2422898 0.2490066
vt -0.2431674 0.2494742
vt -0.2449228 0.2504094
vt -0.2476246 0.2484795
vt -0.2460012 0.2474501
vt -0.2445844 0.2484622
vt -0.2460012 0.2474501
vt -0.2476246 0.2484795
vt -0.2503265 0.2465496
vt -0.248835 0.245426
vt -0.2503265 0.2465496
vt -0.2530283 0.2446197
vt -0.2516688 0.2434019
vt -0.248835 0.245426
vt -0.2475901 0.2397482
vt -0.2411311 0.2443618
vt -0.2427545 0.2453912
vt -0.2489496 0.2409661
vt -0.2411311 0.2443618
vt -0.2379016 0.2466686
vt -0.2396569 0.2476038
vt -0.2427544 0.2453912
vt -0.2379015 0.2466686
vt -0.2365593 0.2498163
vt -0.2396568 0.2476038
vt -0.2379015 0.2466686
vt -0.2346721 0.2489754
vt -0.2365593 0.2498164
vt -0.2403336 0.2514983
vt -0.2422209 0.2523393
vt -0.2449227 0.2504094
vt -0.2540491 0.2351346
vt -0.2475901 0.2397482
vt -0.2489496 0.2409661
vt -0.2504984 0.2398598
vt -0.2520472 0.2387536
vt -0.253596 0.2376473
vt -0.2551448 0.236541
vt -0.2572786 0.2328279
vt -0.2540491 0.2351346
vt -0.2551448 0.236541
vt -0.2566936 0.2354347
vt -0.2582424 0.2343284
vt -0.2613395 0.2321151
vt -0.2605076 0.2305203
vt -0.2572781 0.2328271
vt -0.2573363 0.2393536
vt -0.2559194 0.2403657
vt -0.2545025 0.2413777
vt -0.2516688 0.2434019
vt -0.2557302 0.2426898
vt -0.258432 0.2407599
vt -0.26017 0.2373295
vt -0.2587531 0.2383416
vt -0.2573363 0.2393536
vt -0.258432 0.2407599
vt -0.2611338 0.23883
vt -0.2630038 0.2353054
vt -0.26017 0.2373295
vt -0.2611338 0.23883
vt -0.2516687 0.2434019
vt -0.2530283 0.2446197
vt -0.2557301 0.2426898
vt -0.2504984 0.2398599
vt -0.2489496 0.2409661
vt -0.2503092 0.242184
vt -0.2538887 0.2407217
vt -0.2545025 0.2413777
vt -0.2559193 0.2403657
vt -0.2587532 0.2383416
vt -0.26017 0.2373295
vt -0.2596881 0.2365792
vt -0.2566936 0.2354347
vt -0.2551448 0.236541
vt -0.2562405 0.2379473
vt -0.2592062 0.235829
vt -0.2587243 0.2350787
vt -0.253596 0.2376473
vt -0.2520472 0.2387535
vt -0.252661 0.2394096
vt -0.2427544 0.2453912
vt -0.2396568 0.2476038
vt -0.2405345 0.2480714
vt -0.2416445 0.2467313
vt -0.2422898 0.2490066
vt -0.2431674 0.2494742
vt -0.2445843 0.2484622
vt -0.2416444 0.2467314
vt -0.2405344 0.2480714
vt -0.2414121 0.248539
vt -0.2660301 0.2407783
vt -0.2654815 0.2398088
vt -0.2450517 0.2536008
vt -0.2459953 0.2540213
vt -0.2671273 0.2427173
vt -0.2665787 0.2417478
vt -0.2469389 0.2544417
vt -0.2478825 0.2548622
vt -0.2649329 0.2388391
vt -0.2638357 0.2369
vt -0.2611338 0.2388299
vt -0.258432 0.2407598
vt -0.2557302 0.2426897
vt -0.2530283 0.2446196
vt -0.2503265 0.2465495
vt -0.2476246 0.2484794
vt -0.2449228 0.2504093
vt -0.2422209 0.2523392
vt -0.2441081 0.2531802
vt -0.2654815 0.2398087
vt -0.2649329 0.2388392
vt -0.2441081 0.2531803
vt -0.2450517 0.2536007
vt -0.2665788 0.2417478
vt -0.2660301 0.2407783
vt -0.2459953 0.2540213
vt -0.2469389 0.2544417
vt -0.268303 0.2533579
vt -0.2682848 0.2511819
vt -0.2669307 0.2540713
vt -0.2682609 0.2490083
vt -0.2682428 0.2468323
vt -0.2661695 0.2480463
vt -0.2662954 0.2490509
vt -0.2664213 0.2500555
vt -0.2682427 0.2468323
vt -0.2659177 0.2460372
vt -0.2661695 0.2480463
vt -0.2682791 0.2511843
vt -0.2682609 0.2490083
vt -0.2664213 0.2500555
vt -0.2665473 0.25106
vt -0.2666731 0.2520646
vt -0.2599498 0.2516883
vt -0.2558034 0.2541162
vt -0.2572233 0.255291
vt -0.2609025 0.2531968
vt -0.2609025 0.2531968
vt -0.2572233 0.255291
vt -0.2586433 0.2564657
vt -0.2602493 0.2555855
vt -0.2618552 0.2547053
vt -0.2618552 0.2547053
vt -0.2602493 0.2555855
vt -0.2614355 0.2569271
vt -0.2628079 0.2562138
vt -0.2558034 0.2541162
vt -0.2547667 0.2547233
vt -0.2545569 0.2558341
vt -0.2553837 0.2563381
vt -0.2572233 0.255291
vt -0.2537301 0.2553302
vt -0.2516569 0.2565442
vt -0.2535442 0.2573852
vt -0.2553837 0.2563381
vt -0.2545569 0.2558342
vt -0.2572233 0.255291
vt -0.2553837 0.2563381
vt -0.2562106 0.256842
vt -0.2578403 0.2569058
vt -0.2586433 0.2564657
vt -0.2553837 0.2563381
vt -0.2535442 0.2573852
vt -0.2554314 0.2582261
vt -0.2570373 0.2573459
vt -0.2562106 0.256842
vt -0.2586433 0.2564657
vt -0.2578403 0.2569058
vt -0.2570373 0.2573459
vt -0.2586909 0.2583538
vt -0.2600632 0.2576405
vt -0.2602493 0.2555854
vt -0.2586433 0.2564657
vt -0.2600632 0.2576404
vt -0.2614355 0.2569271
vt -0.2589972 0.2501798
vt -0.2543834 0.2529415
vt -0.2558034 0.2541162
vt -0.2599499 0.2516883
vt -0.2543834 0.2529415
vt -0.2520766 0.2543224
vt -0.2537301 0.2553302
vt -0.2547668 0.2547232
vt -0.2558034 0.2541162
vt -0.2520766 0.2543224
vt -0.2516569 0.2565442
vt -0.2537301 0.2553302
vt -0.2520766 0.2543224
vt -0.2497697 0.2557032
vt -0.2516569 0.2565442
vt -0.2570373 0.2573459
vt -0.2554314 0.2582261
vt -0.2586909 0.2583538
vt -0.2554314 0.2582261
vt -0.2573186 0.2590671
vt -0.2586909 0.2583538
vt -0.2636108 0.2474181
vt -0.2589971 0.2501798
vt -0.2599498 0.2516883
vt -0.2609864 0.2510813
vt -0.262023 0.2504743
vt -0.2630597 0.2498673
vt -0.2640963 0.2492603
vt -0.2640963 0.2492603
vt -0.2630597 0.2498673
vt -0.2623826 0.251312
vt -0.2627421 0.2521496
vt -0.2645817 0.2511026
vt -0.2645817 0.2511026
vt -0.2627422 0.2521496
vt -0.2631017 0.2529874
vt -0.2642642 0.2533849
vt -0.2650672 0.2529448
vt -0.2659177 0.2460372
vt -0.2636109 0.2474181
vt -0.2640963 0.2492603
vt -0.2651329 0.2486533
vt -0.2661695 0.2480463
vt -0.2661695 0.2480463
vt -0.2651329 0.2486533
vt -0.2662954 0.2490509
vt -0.2664213 0.2500555
vt -0.2645817 0.2511026
vt -0.2650671 0.2529449
vt -0.2658701 0.2525047
vt -0.2665472 0.2510601
vt -0.2682438 0.2468304
vt -0.2682256 0.2446544
vt -0.2659188 0.2460352
vt -0.2650671 0.2529449
vt -0.2642641 0.253385
vt -0.2634611 0.2538251
vt -0.2618552 0.2547053
vt -0.2641802 0.2555004
vt -0.2655526 0.2547871
vt -0.2666731 0.2520646
vt -0.2658701 0.2525047
vt -0.2650671 0.2529448
vt -0.2655526 0.254787
vt -0.2669249 0.2540737
vt -0.2682791 0.2511844
vt -0.2666731 0.2520646
vt -0.2669249 0.2540737
vt -0.2618552 0.2547053
vt -0.2628079 0.2562137
vt -0.2641803 0.2555004
vt -0.2620231 0.2504743
vt -0.2609864 0.2510813
vt -0.2618223 0.2526732
vt -0.2627421 0.2521496
vt -0.2623826 0.251312
vt -0.2609864 0.2510813
vt -0.2609025 0.2531968
vt -0.2618223 0.2526732
vt -0.2609864 0.2510813
vt -0.2599498 0.2516883
vt -0.2609025 0.2531968
vt -0.2627421 0.2521497
vt -0.2618223 0.2526732
vt -0.2609025 0.2531968
vt -0.2618552 0.2547053
vt -0.2634611 0.2538251
vt -0.2631016 0.2529874
vt -0.2631017 0.2529874
vt -0.2634612 0.253825
vt -0.2642642 0.2533849
vt -0.2630597 0.2498673
vt -0.2620231 0.2504743
vt -0.2623826 0.251312
vt -0.26587 0.2525048
vt -0.266673 0.2520646
vt -0.2665471 0.2510601
vt -0.2651329 0.2486533
vt -0.2640963 0.2492603
vt -0.2645817 0.2511026
vt -0.2664213 0.2500555
vt -0.2662954 0.2490509
vt -0.2547667 0.2547233
vt -0.2537301 0.2553302
vt -0.2545569 0.2558341
vt -0.2562105 0.256842
vt -0.2570373 0.2573459
vt -0.2578403 0.2569059
vt -0.2475888 0.2203693
vt -0.2496432 0.218635
vt -0.2475907 0.217912
vt -0.2380694 0.2214046
vt -0.2407764 0.2189372
vt -0.2391912 0.2178805
vt -0.2369514 0.2200141
vt -0.2407806 0.2189352
vt -0.2421341 0.2177015
vt -0.2403152 0.2168117
vt -0.2391954 0.2178785
vt -0.242134 0.2177015
vt -0.2434875 0.2164678
vt -0.2403151 0.2168117
vt -0.2434866 0.2164648
vt -0.2414341 0.2157419
vt -0.2403143 0.2168087
vt -0.243038 0.2181471
vt -0.2421286 0.2177022
vt -0.2407751 0.2189359
vt -0.2439455 0.2210492
vt -0.2457663 0.2194818
vt -0.2439475 0.218592
vt -0.241422 0.2255746
vt -0.2434764 0.2238402
vt -0.2455308 0.2221059
vt -0.2475852 0.2203716
vt -0.2475871 0.2179143
vt -0.2457663 0.2194818
vt -0.2439456 0.2210492
vt -0.240304 0.2241841
vt -0.1965143 0.3112549
vt -0.2192988 0.2949802
vt -0.2088365 0.2674296
vt -0.1830005 0.2858839
vt -0.1633832 0.264872
vt -0.1405987 0.2811467
vt -0.157164 0.3043381
vt -0.183 0.2858838
o group490052834
g mesh490052834
usemtl mat21
f 4/4/1 3/3/1 2/2/1 1/1/1
f 8/8/2 7/7/2 6/6/2 5/5/2
f 1/11/3 10/10/3 9/9/3
f 15/16/4 14/15/4 13/14/4 12/13/4 11/12/4
f 17/19/5 16/18/5 15/17/5
f 2/25/6 21/24/6 20/23/6 19/22/6 18/21/6 1/20/6
f 5/29/7 6/28/7 22/27/7 15/26/7
f 27/34/8 26/33/8 25/32/8 24/31/8 23/30/8
f 23/39/9 24/38/9 29/37/9 28/36/9 16/35/9
f 35/45/10 34/44/10 33/43/10 32/42/10 31/41/10 30/40/10
f 43/53/11 42/52/11 41/51/11 40/50/11 39/49/11 38/48/11 37/47/11 36/46/11
f 28/58/12 46/57/12 45/56/12 35/55/12 44/54/12
f 37/63/13 48/62/13 47/61/13 23/60/13 17/59/13
f 10/69/14 52/68/14 51/67/14 50/66/14 43/65/14 49/64/14
f 31/73/15 54/72/15 8/71/15 53/70/15
f 15/77/16 11/76/16 55/75/16 9/74/16
f 15/80/17 9/79/17 49/78/17
f 15/83/18 49/82/18 36/81/18
f 15/86/19 36/85/19 17/84/19
f 15/89/20 16/88/20 44/87/20
f 15/92/21 44/91/21 30/90/21
f 15/95/22 30/94/22 53/93/22
f 15/98/23 53/97/23 5/96/23
f 8/101/24 5/100/24 53/99/24
f 15/104/25 22/103/25 14/102/25
f 31/107/26 53/106/26 30/105/26
f 35/110/27 30/109/27 44/108/27
f 28/113/28 44/112/28 16/111/28
f 23/116/29 16/115/29 17/114/29
f 37/119/30 17/118/30 36/117/30
f 43/122/31 36/121/31 49/120/31
f 10/125/32 49/124/32 9/123/32
f 4/128/33 55/127/33 11/126/33
f 4/132/34 1/131/34 9/130/34 55/129/34
f 4/136/35 11/135/35 12/134/35 3/133/35
f 3/140/36 12/139/36 13/138/36 56/137/36
f 56/144/37 13/143/37 14/142/37 7/141/37
f 7/148/38 14/147/38 22/146/38 6/145/38
f 59/154/39 58/153/39 57/152/39 56/151/39 7/150/39 8/149/39
f 18/164/40 66/163/40 65/162/40 64/161/40 63/160/40 62/159/40 61/158/40 60/157/40 10/156/40 1/155/40
f 68/168/41 67/167/41 34/166/41 35/165/41
f 70/172/42 69/171/42 54/170/42 31/169/42
f 72/176/43 71/175/43 46/174/43 28/173/43
f 80/186/44 79/185/44 78/184/44 77/183/44 76/182/44 75/181/44 74/180/44 73/179/44 42/178/44 43/177/44
f 60/193/46 52/192/46 10/191/46
f 25/206/47 92/205/47 91/204/47 90/203/47 89/202/47 88/201/47 87/200/47 86/199/47 85/198/47 84/197/47 83/196/47 29/195/47 24/194/47
f 94/211/48 93/210/48 27/209/48 23/208/48 47/207/48
f 96/215/49 95/214/49 32/213/49 33/212/49
f 67/219/50 96/218/50 33/217/50 34/216/50
f 95/223/51 70/222/51 31/221/51 32/220/51
f 101/228/52 100/227/52 99/226/52 98/225/52 97/224/52
f 97/239/54 98/238/54 110/237/54 109/236/54
f 115/244/55 114/243/55 113/242/55 112/241/55 111/240/55
f 117/248/56 97/247/56 109/246/56 116/245/56
f 123/259/58 111/258/58 108/257/58 122/256/58 121/255/58
f 124/263/59 115/262/59 111/261/59 123/260/59
f 104/294/65 105/293/65 131/292/65 130/291/65 129/290/65 128/289/65 99/288/65
f 99/305/67 128/304/67 135/303/67 127/302/67 98/301/67
f 134/322/71 139/321/71 137/320/71
f 58/337/73 136/336/73 137/335/73 139/334/73 144/333/73 143/332/73 142/331/73 141/330/73 83/329/73 84/328/73 140/327/73 57/326/73
f 108/348/76 111/347/76 112/346/76 107/345/76
f 120/356/78 121/355/78 122/354/78 119/353/78
f 69/364/79 116/363/79 109/362/79 110/361/79 125/360/79 59/359/79 8/358/79 54/357/79
f 104/375/82 99/374/82 100/373/82 103/372/82
f 135/390/86 126/389/86 127/388/86
f 146/397/87 145/396/87 115/395/87 124/394/87 68/393/87 35/392/87 45/391/87
f 71/401/88 146/400/88 45/399/88 46/398/88
f 145/407/89 144/406/89 139/405/89 134/404/89 114/403/89 115/402/89
f 155/434/94 154/433/94 149/432/94 150/431/94
f 152/438/95 153/437/95 154/436/95 155/435/95
f 151/450/98 152/449/98 155/448/98 148/447/98
f 148/454/99 155/453/99 150/452/99 147/451/99
f 159/460/100 158/459/100 157/458/100 156/457/100 89/456/100 90/455/100
f 163/466/101 162/465/101 161/464/101 160/463/101 158/462/101 159/461/101
f 165/470/102 164/469/102 86/468/102 87/467/102
f 169/474/103 168/473/103 167/472/103 166/471/103
f 172/479/104 171/478/104 170/477/104 91/476/104 92/475/104
f 170/488/106 177/487/106 159/486/106 90/485/106 91/484/106
f 179/493/107 178/492/107 163/491/107 159/490/107 177/489/107
f 93/497/108 181/496/108 180/495/108 27/494/108
f 26/502/109 182/501/109 172/500/109 92/499/109 25/498/109
f 171/510/111 174/509/111 177/508/111 170/507/111
f 175/515/112 176/514/112 183/513/112 178/512/112 179/511/112
f 181/520/113 93/519/113 94/518/113 183/517/113 176/516/113
f 182/524/114 26/523/114 27/522/114 180/521/114
f 175/536/117 179/535/117 177/534/117 174/533/117
f 156/541/118 185/540/118 184/539/118 88/538/118 89/537/118
f 189/550/120 140/549/120 84/548/120 85/547/120
f 191/554/121 190/553/121 140/552/121 189/551/121
f 184/562/123 165/561/123 87/560/123 88/559/123
f 168/567/124 193/566/124 191/565/124 189/564/124 167/563/124
f 164/572/125 167/571/125 189/570/125 85/569/125 86/568/125
f 165/576/126 166/575/126 167/574/126 164/573/126
f 165/579/127 192/578/127 166/577/127
f 188/583/128 195/582/128 194/581/128 169/580/128
f 169/587/129 194/586/129 193/585/129 168/584/129
f 161/591/130 162/590/130 195/589/130 188/588/130
f 169/610/135 166/609/135 192/608/135
f 203/626/139 202/625/139 201/624/139 200/623/139
f 207/634/141 203/633/141 200/632/141 206/631/141
f 197/642/143 207/641/143 206/640/143 196/639/143
f 202/650/145 210/649/145 209/648/145 201/647/145
f 224/680/152 223/679/152 222/678/152 221/677/152 220/676/152
f 228/686/153 227/685/153 220/684/153 221/683/153 226/682/153 225/681/153
f 63/690/154 64/689/154 223/688/154 224/687/154
f 233/695/155 232/694/155 231/693/155 230/692/155 229/691/155
f 229/700/156 230/699/156 236/698/156 235/697/156 234/696/156
f 218/705/157 237/704/157 233/703/157 229/702/157 217/701/157
f 62/735/164 63/734/164 224/733/164
f 80/761/170 43/760/170 50/759/170
f 222/766/171 245/765/171 244/764/171 243/763/171 221/762/171
f 221/771/172 243/770/172 247/769/172 246/768/172 226/767/172
f 245/787/176 249/786/176 244/785/176
f 2/816/180 3/815/180 56/814/180 57/813/180 140/812/180 190/811/180 81/810/180 82/809/180 250/808/180 212/807/180 213/806/180 214/805/180 73/804/180 74/803/180 21/802/180
f 21/819/181 74/818/181 75/817/181
f 66/822/182 18/821/182 19/820/182
f 64/826/183 65/825/183 222/824/183 223/823/183
f 216/837/186 217/836/186 229/835/186 234/834/186 238/833/186
f 227/844/188 228/843/188 242/842/188 240/841/188
f 228/847/189 225/846/189 242/845/189
f 73/856/190 214/855/190 211/854/190 204/853/190 205/852/190 208/851/190 199/850/190 41/849/190 42/848/190
f 81/869/191 190/868/191 191/867/191 193/866/191 194/865/191 195/864/191 162/863/191 163/862/191 178/861/191 183/860/191 94/859/191 47/858/191 48/857/191
f 200/882/193 201/881/193 252/880/193 253/879/193
f 206/886/194 200/885/194 253/884/194 254/883/194
f 196/890/195 206/889/195 254/888/195 198/887/195
f 201/894/196 209/893/196 251/892/196 252/891/196
usemtl mat8
f 82/190/45 81/189/45 48/188/45 37/187/45
f 71/411/90 148/410/90 147/409/90 146/408/90
f 145/418/91 146/417/91 147/416/91 150/415/91 149/414/91 143/413/91 144/412/91
f 83/426/92 141/425/92 153/424/92 152/423/92 151/422/92 72/421/92 28/420/92 29/419/92
f 72/430/93 151/429/93 148/428/93 71/427/93
f 153/442/96 141/441/96 142/440/96 154/439/96
f 154/446/97 142/445/97 143/444/97 149/443/97
f 197/614/136 196/613/136 39/612/136 40/611/136
f 196/618/137 198/617/137 38/616/137 39/615/137
f 199/622/138 197/621/138 40/620/138 41/619/138
f 205/630/140 204/629/140 202/628/140 203/627/140
f 208/638/142 205/637/142 203/636/142 207/635/142
f 199/646/144 208/645/144 207/644/144 197/643/144
f 204/654/146 211/653/146 210/652/146 202/651/146
f 210/658/147 213/657/147 212/656/147 209/655/147
f 211/662/148 214/661/148 213/660/148 210/659/148
f 217/667/149 216/666/149 215/665/149 50/664/149 51/663/149
f 215/670/150 80/669/150 50/668/150
f 219/675/151 218/674/151 217/673/151 51/672/151 52/671/151
f 216/708/158 238/707/158 215/706/158
f 236/714/159 230/713/159 220/712/159 227/711/159 240/710/159 239/709/159
f 231/719/160 241/718/160 224/717/160 220/716/160 230/715/160
f 61/724/161 62/723/161 241/722/161 232/721/161 233/720/161
f 62/727/162 224/726/162 241/725/162
f 60/732/163 61/731/163 233/730/163 237/729/163 219/728/163
f 60/738/165 219/737/165 52/736/165
f 225/742/166 226/741/166 76/740/166 77/739/166
f 234/747/167 235/746/167 239/745/167 78/744/167 79/743/167
f 215/752/168 238/751/168 234/750/168 79/749/168 80/748/168
f 239/758/169 240/757/169 242/756/169 225/755/169 77/754/169 78/753/169
f 247/776/173 243/775/173 20/774/173 21/773/173 248/772/173
f 244/781/174 249/780/174 19/779/174 20/778/174 243/777/174
f 247/784/175 248/783/175 246/782/175
f 65/793/177 66/792/177 19/791/177 249/790/177 245/789/177 222/788/177
f 226/798/178 246/797/178 248/796/178 75/795/178 76/794/178
f 248/801/179 21/800/179 75/799/179
f 232/829/184 241/828/184 231/827/184
f 218/832/185 219/831/185 237/830/185
f 236/840/187 239/839/187 235/838/187
f 198/878/192 254/877/192 253/876/192 252/875/192 251/874/192 250/873/192 82/872/192 37/871/192 38/870/192
f 209/898/197 212/897/197 250/896/197 251/895/197
usemtl mat5
f 108/235/53 107/234/53 106/233/53 105/232/53 104/231/53 103/230/53 102/229/53
f 120/254/57 119/253/57 102/252/57 101/251/57 97/250/57 118/249/57
f 95/269/60 118/268/60 117/267/60 116/266/60 69/265/60 70/264/60
f 96/274/61 121/273/61 120/272/61 118/271/61 95/270/61
f 67/278/62 123/277/62 121/276/62 96/275/62
f 68/282/63 124/281/63 123/280/63 67/279/63
f 98/287/64 127/286/64 126/285/64 125/284/64 110/283/64
f 113/300/66 114/299/66 134/298/66 133/297/66 132/296/66 106/295/66
f 135/310/68 128/309/68 136/308/68 58/307/68 126/306/68
f 129/316/69 138/315/69 133/314/69 137/313/69 136/312/69 128/311/69
f 134/319/70 137/318/70 133/317/70
f 126/325/72 58/324/72 125/323/72
f 58/340/74 59/339/74 125/338/74
f 113/344/75 106/343/75 107/342/75 112/341/75
f 108/352/77 102/351/77 119/350/77 122/349/77
f 117/367/80 118/366/80 97/365/80
f 101/371/81 102/370/81 103/369/81 100/368/81
f 131/379/83 105/378/83 106/377/83 132/376/83
f 130/384/84 131/383/84 132/382/84 133/381/84 138/380/84
f 130/387/85 138/386/85 129/385/85
usemtl mat22
f 176/483/105 175/482/105 174/481/105 173/480/105
f 182/506/110 180/505/110 173/504/110 172/503/110
f 181/528/115 176/527/115 173/526/115 180/525/115
f 171/532/116 172/531/116 173/530/116 174/529/116
f 160/546/119 161/545/119 188/544/119 187/543/119 186/542/119
f 188/558/122 169/557/122 192/556/122 187/555/122
f 185/595/131 186/594/131 187/593/131 184/592/131
f 157/599/132 186/598/132 185/597/132 156/596/132
f 160/603/133 186/602/133 157/601/133 158/600/133
f 165/607/134 184/606/134 187/605/134 192/604/134
o group2072492899
g mesh2072492899
usemtl mat21
f 259/903/198 258/902/198 257/901/198 256/900/198 255/899/198
f 262/906/199 261/905/199 260/904/199
f 265/909/200 264/908/200 263/907/200
f 270/914/201 269/913/201 268/912/201 267/911/201 266/910/201
f 272/917/202 271/916/202 261/915/202
f 266/921/203 275/920/203 274/919/203 273/918/203
f 278/925/204 277/924/204 276/923/204 259/922/204
f 280/928/205 263/927/205 279/926/205
f 260/934/207 283/933/207 262/932/207
f 269/937/208 270/936/208 283/935/208
f 285/943/210 271/942/210 259/941/210
f 286/946/211 285/945/211 259/944/211
f 270/949/212 280/948/212 281/947/212
f 286/965/217 260/964/217 285/963/217
f 285/968/218 261/967/218 271/966/218
f 269/971/219 260/970/219 288/969/219
f 272/980/220 287/979/220 284/978/220 279/977/220 290/976/220 289/975/220 278/974/220 259/973/220 271/972/220
f 267/985/221 268/984/221 293/983/221 292/982/221 291/981/221
f 298/990/222 297/989/222 296/988/222 295/987/222 294/986/222
f 291/994/223 292/993/223 299/992/223 294/991/223
f 266/999/224 267/998/224 291/997/224 300/996/224 275/995/224
f 275/1003/225 300/1002/225 295/1001/225 296/1000/225
f 297/1009/226 303/1008/226 264/1007/226 302/1006/226 301/1005/226 296/1004/226
f 268/1012/227 304/1011/227 293/1010/227
f 293/1015/228 255/1014/228 305/1013/228
f 277/1020/229 298/1019/229 294/1018/229 299/1017/229 305/1016/229
f 292/1024/230 293/1023/230 305/1022/230 299/1021/230
f 300/1028/231 291/1027/231 294/1026/231 295/1025/231
f 274/1032/232 275/1031/232 296/1030/232 301/1029/232
f 273/1036/233 274/1035/233 301/1034/233 302/1033/233
f 273/1039/234 302/1038/234 264/1037/234
f 265/1042/235 263/1041/235 280/1040/235
f 273/1045/236 265/1044/236 280/1043/236
f 266/1048/237 280/1047/237 270/1046/237
f 273/1051/238 280/1050/238 266/1049/238
f 270/1054/239 281/1053/239 283/1052/239
f 283/1057/240 260/1056/240 269/1055/240
f 269/1060/241 288/1059/241 306/1058/241
f 269/1063/242 306/1062/242 268/1061/242
f 268/1066/243 306/1065/243 304/1064/243
f 255/1069/244 307/1068/244 306/1067/244
f 293/1072/245 304/1071/245 255/1070/245
f 255/1075/246 304/1074/246 307/1073/246
f 276/1078/247 258/1077/247 259/1076/247
f 263/1084/248 264/1083/248 303/1082/248 309/1081/248 308/1080/248 279/1079/248
f 287/1088/249 272/1087/249 261/1086/249 262/1085/249
f 285/1091/250 260/1090/250 261/1089/250
f 286/1094/251 288/1093/251 260/1092/251
f 306/1097/252 288/1096/252 286/1095/252
f 259/1100/253 306/1099/253 286/1098/253
f 255/1103/254 306/1102/254 259/1101/254
f 304/1106/255 306/1105/255 307/1104/255
f 277/1110/256 278/1109/256 289/1108/256 298/1107/256
f 298/1114/257 289/1113/257 290/1112/257 297/1111/257
f 277/1117/258 310/1116/258 276/1115/258
f 276/1121/259 310/1120/259 257/1119/259 258/1118/259
f 311/1125/260 305/1124/260 255/1123/260 256/1122/260
f 310/1129/261 311/1128/261 256/1127/261 257/1126/261
f 277/1133/262 305/1132/262 311/1131/262 310/1130/262
f 297/1137/263 290/1136/263 279/1135/263 308/1134/263
f 297/1140/264 309/1139/264 303/1138/264
f 297/1143/265 308/1142/265 309/1141/265
f 264/1146/266 265/1145/266 273/1144/266
usemtl mat22
f 282/931/206 281/930/206 280/929/206
f 284/940/209 282/939/209 279/938/209
f 284/953/213 287/952/213 262/951/213 282/950/213
f 280/956/214 279/955/214 282/954/214
f 262/959/215 283/958/215 281/957/215
f 281/962/216 282/961/216 262/960/216
o group1512370980
g mesh1512370980
usemtl mat22
f 314/1149/267 313/1148/267 312/1147/267
f 331/1197/280 324/1196/280 314/1195/280
f 314/1203/282 324/1202/282 339/1201/282
f 312/1206/283 340/1205/283 314/1204/283
f 319/1291/305 312/1290/305 313/1289/305
f 330/1325/315 331/1324/315 314/1323/315 340/1322/315
f 339/1331/317 313/1330/317 314/1329/317
usemtl mat21
f 317/1152/268 316/1151/268 315/1150/268
f 312/1155/269 319/1154/269 318/1153/269
f 323/1159/270 322/1158/270 321/1157/270 320/1156/270
f 331/1168/271 330/1167/271 329/1166/271 328/1165/271 315/1164/271 327/1163/271 326/1162/271 325/1161/271 324/1160/271
f 333/1171/272 332/1170/272 319/1169/272
f 325/1175/273 335/1174/273 334/1173/273 324/1172/273
f 338/1178/274 337/1177/274 336/1176/274
f 324/1181/275 321/1180/275 339/1179/275
f 318/1184/276 340/1183/276 312/1182/276
f 329/1188/277 330/1187/277 340/1186/277 318/1185/277
f 341/1191/278 313/1190/278 339/1189/278
f 315/1194/279 328/1193/279 332/1192/279
f 341/1200/281 333/1199/281 313/1198/281
f 328/1209/284 318/1208/284 332/1207/284
f 329/1212/285 318/1211/285 328/1210/285
f 333/1217/286 341/1216/286 343/1215/286 342/1214/286 338/1213/286
f 348/1222/287 347/1221/287 346/1220/287 345/1219/287 344/1218/287
f 342/1227/288 343/1226/288 351/1225/288 350/1224/288 349/1223/288
f 344/1231/289 345/1230/289 352/1229/289 349/1228/289
f 335/1236/290 348/1235/290 344/1234/290 354/1233/290 353/1232/290
f 353/1240/291 354/1239/291 350/1238/291 351/1237/291
f 343/1244/292 356/1243/292 355/1242/292 351/1241/292
f 347/1248/293 358/1247/293 357/1246/293 346/1245/293
f 346/1251/294 359/1250/294 337/1249/294
f 338/1256/295 342/1255/295 349/1254/295 352/1253/295 337/1252/295
f 345/1260/296 346/1259/296 337/1258/296 352/1257/296
f 354/1264/297 344/1263/297 349/1262/297 350/1261/297
f 360/1268/298 353/1267/298 351/1266/298 355/1265/298
f 361/1272/299 360/1271/299 355/1270/299 356/1269/299
f 323/1276/300 361/1275/300 356/1274/300 322/1273/300
f 339/1279/301 321/1278/301 322/1277/301
f 339/1282/302 322/1281/302 356/1280/302
f 341/1285/303 339/1284/303 343/1283/303
f 343/1288/304 339/1287/304 356/1286/304
f 333/1294/306 319/1293/306 313/1292/306
f 317/1297/307 332/1296/307 333/1295/307
f 336/1300/308 317/1299/308 338/1298/308
f 338/1303/309 317/1302/309 333/1301/309
f 357/1307/310 362/1306/310 359/1305/310 346/1304/310
f 359/1310/311 336/1309/311 337/1308/311
f 363/1313/312 336/1312/312 359/1311/312
f 334/1318/313 364/1317/313 323/1316/313 320/1315/313 324/1314/313
f 324/1321/314 320/1320/314 321/1319/314
f 318/1328/316 319/1327/316 332/1326/316
f 332/1334/318 317/1333/318 315/1332/318
f 359/1337/319 317/1336/319 363/1335/319
f 317/1342/320 359/1341/320 362/1340/320 365/1339/320 316/1338/320
f 363/1345/321 317/1344/321 336/1343/321
f 335/1349/322 325/1348/322 326/1347/322 348/1346/322
f 335/1352/323 364/1351/323 334/1350/323
f 335/1358/324 353/1357/324 360/1356/324 361/1355/324 323/1354/324 364/1353/324
f 348/1362/325 326/1361/325 327/1360/325 347/1359/325
f 347/1366/326 327/1365/326 315/1364/326 366/1363/326
f 366/1369/327 315/1368/327 316/1367/327
f 357/1373/328 358/1372/328 365/1371/328 362/1370/328
f 358/1377/329 366/1376/329 316/1375/329 365/1374/329
f 347/1380/330 366/1379/330 358/1378/330
o group14709333
g mesh14709333
usemtl mat21
f 370/1384/331 369/1383/331 368/1382/331 367/1381/331
f 374/1388/332 373/1387/332 372/1386/332 371/1385/332
f 368/1391/333 375/1390/333 367/1389/333
f 380/1396/334 379/1395/334 378/1394/334 377/1393/334 376/1392/334
f 375/1402/335 384/1401/335 383/1400/335 382/1399/335 381/1398/335 367/1397/335
f 378/1405/336 386/1404/336 385/1403/336
f 388/1409/337 387/1408/337 379/1407/337 380/1406/337
f 378/1413/338 390/1412/338 389/1411/338 374/1410/338
f 386/1419/339 395/1418/339 394/1417/339 393/1416/339 392/1415/339 391/1414/339
f 401/1425/340 400/1424/340 399/1423/340 398/1422/340 397/1421/340 396/1420/340
f 407/1431/341 406/1430/341 405/1429/341 404/1428/341 403/1427/341 402/1426/341
f 413/1439/342 396/1438/342 412/1437/342 411/1436/342 410/1435/342 409/1434/342 408/1433/342 395/1432/342
f 386/1445/343 391/1444/343 416/1443/343 415/1442/343 414/1441/343 406/1440/343
f 420/1451/344 402/1450/344 419/1449/344 418/1448/344 417/1447/344 375/1446/344
f 421/1454/345 371/1453/345 400/1452/345
f 369/1457/346 422/1456/346 368/1455/346
f 368/1461/347 422/1460/347 377/1459/347 378/1458/347
f 420/1464/348 368/1463/348 378/1462/348
f 407/1467/349 420/1466/349 378/1465/349
f 385/1470/350 407/1469/350 378/1468/350
f 413/1473/351 386/1472/351 378/1471/351
f 401/1476/352 413/1475/352 378/1474/352
f 421/1479/353 401/1478/353 378/1477/353
f 374/1482/354 421/1481/354 378/1480/354
f 373/1486/355 389/1485/355 390/1484/355 379/1483/355
f 379/1489/356 390/1488/356 378/1487/356
f 421/1492/357 374/1491/357 371/1490/357
f 401/1495/358 421/1494/358 400/1493/358
f 413/1498/359 401/1497/359 396/1496/359
f 386/1501/360 413/1500/360 395/1499/360
f 407/1504/361 385/1503/361 406/1502/361
f 406/1507/362 385/1506/362 386/1505/362
f 420/1510/363 407/1509/363 402/1508/363
f 368/1513/364 420/1512/364 375/1511/364
f 424/1517/365 388/1516/365 423/1515/365 370/1514/365
f 424/1535/366 439/1534/366 438/1533/366 437/1532/366 436/1531/366 435/1530/366 434/1529/366 433/1528/366 432/1527/366 431/1526/366 430/1525/366 429/1524/366 428/1523/366 427/1522/366 426/1521/366 425/1520/366 371/1519/366 372/1518/366
f 370/1539/367 423/1538/367 376/1537/367 369/1536/367
f 369/1543/368 376/1542/368 377/1541/368 422/1540/368
f 373/1546/369 374/1545/369 389/1544/369
f 373/1550/370 379/1549/370 387/1548/370 372/1547/370
f 425/1574/372 457/1573/372 456/1572/372 455/1571/372 454/1570/372 453/1569/372 452/1568/372 451/1567/372 400/1566/372 371/1565/372
f 458/1577/373 446/1576/373 447/1575/373
f 475/1602/375 474/1601/375 473/1600/375 472/1599/375 471/1598/375 429/1597/375 430/1596/375 412/1595/375 396/1594/375
f 476/1605/376 394/1604/376 395/1603/376
f 479/1632/381 489/1631/381 488/1630/381 487/1629/381
f 487/1636/382 488/1635/382 490/1634/382 485/1633/382
f 489/1640/383 492/1639/383 491/1638/383 488/1637/383
f 488/1643/384 491/1642/384 490/1641/384
f 478/1656/387 479/1655/387 487/1654/387 495/1653/387
f 495/1660/388 487/1659/388 485/1658/388 486/1657/388
f 477/1664/389 478/1663/389 495/1662/389 481/1661/389
f 481/1668/390 495/1667/390 486/1666/390 480/1665/390
f 504/1696/396 513/1695/396 512/1694/396 511/1693/396 510/1692/396
f 510/1701/397 511/1700/397 515/1699/397 514/1698/397 507/1697/397
f 521/1715/400 520/1714/400 519/1713/400 518/1712/400
f 518/1719/401 519/1718/401 523/1717/401 522/1716/401
f 499/1724/402 524/1723/402 521/1722/402 518/1721/402 498/1720/402
f 484/1730/404 526/1729/404 505/1728/404
f 506/1742/407 466/1741/407 467/1740/407
f 527/1770/414 402/1769/414 403/1768/414
f 405/1773/415 406/1772/415 464/1771/415
f 470/1779/417 443/1778/417 444/1777/417
f 483/1786/419 484/1785/419 505/1784/419
f 506/1789/420 467/1788/420 468/1787/420
f 508/1800/423 530/1799/423 510/1798/423 507/1797/423
f 497/1824/429 498/1823/429 518/1822/429 522/1821/429 525/1820/429
f 519/1828/430 533/1827/430 532/1826/430 523/1825/430
f 520/1832/431 531/1831/431 533/1830/431 519/1829/431
f 503/1842/434 504/1841/434 510/1840/434 530/1839/434
f 508/1846/435 509/1845/435 529/1844/435 530/1843/435
f 502/1850/436 503/1849/436 530/1848/436 529/1847/436
f 546/1879/441 545/1878/441 542/1877/441 543/1876/441
f 461/1883/442 462/1882/442 545/1881/442 546/1880/442
f 462/1887/443 463/1886/443 547/1885/443 545/1884/443
f 545/1891/444 547/1890/444 541/1889/444 542/1888/444
f 548/1903/447 546/1902/447 543/1901/447 544/1900/447
f 460/1907/448 461/1906/448 546/1905/448 548/1904/448
f 439/1911/449 424/1910/449 370/1909/449 367/1908/449
f 535/1915/450 548/1914/450 544/1913/450 534/1912/450
f 459/1919/451 460/1918/451 548/1917/451 535/1916/451
f 555/1931/454 554/1930/454 553/1929/454 552/1928/454
f 558/1936/455 557/1935/455 556/1934/455 554/1933/455 555/1932/455
f 565/1946/457 564/1945/457 563/1944/457 562/1943/457 561/1942/457
f 561/1956/459 562/1955/459 569/1954/459 568/1953/459 567/1952/459
f 559/1966/461 572/1965/461 565/1964/461 561/1963/461 551/1962/461
f 554/1973/463 575/1972/463 574/1971/463 553/1970/463
f 556/1978/464 577/1977/464 576/1976/464 575/1975/464 554/1974/464
f 557/2002/469 558/2001/469 584/2000/469 583/1999/469
f 438/2016/473 439/2015/473 536/2014/473
f 580/2019/474 435/2018/474 436/2017/474
f 540/2034/477 391/2033/477 392/2032/477
f 585/2051/481 584/2050/481 558/2049/481
f 555/2054/482 552/2053/482 571/2052/482
f 550/2065/485 551/2064/485 561/2063/485 567/2062/485 573/2061/485
f 430/2086/491 431/2085/491 411/2084/491 412/2083/491
f 434/2097/492 435/2096/492 580/2095/492 582/2094/492 583/2093/492 584/2092/492 585/2091/492 586/2090/492 476/2089/492 395/2088/492 408/2087/492
f 433/2101/493 434/2100/493 408/2099/493 409/2098/493
f 451/2108/495 399/2107/495 400/2106/495
f 595/2125/499 594/2124/499 593/2123/499 592/2122/499
f 598/2130/500 597/2129/500 596/2128/500 594/2127/500 595/2126/500
f 454/2134/501 455/2133/501 597/2132/501 598/2131/501
f 594/2139/502 601/2138/502 600/2137/502 599/2136/502 593/2135/502
f 596/2149/504 604/2148/504 603/2147/504 601/2146/504 594/2145/504
f 428/2178/511 429/2177/511 471/2176/511
f 457/2184/513 425/2183/513 426/2182/513
f 612/2196/515 611/2195/515 610/2194/515 608/2193/515 609/2192/515
f 615/2201/516 614/2200/516 613/2199/516 611/2198/516 612/2197/516
f 590/2214/519 617/2213/519 615/2212/519 612/2211/519 589/2210/519
f 475/2217/520 396/2216/520 397/2215/520
f 453/2234/524 454/2233/524 598/2232/524
f 595/2245/527 592/2244/527 606/2243/527
f 614/2254/529 618/2253/529 613/2252/529
f 588/2265/532 589/2264/532 612/2263/532 609/2262/532 616/2261/532
f 489/2291/540 493/2290/540 492/2289/540
f 491/2294/541 494/2293/541 490/2292/541
f 388/2306/543 424/2305/543 372/2304/543 387/2303/543
f 388/2310/544 380/2309/544 376/2308/544 423/2307/544
usemtl mat8
f 381/1564/371 450/1563/371 449/1562/371 448/1561/371 447/1560/371 446/1559/371 445/1558/371 444/1557/371 443/1556/371 442/1555/371 441/1554/371 440/1553/371 439/1552/371 367/1551/371
f 470/1593/374 469/1592/374 468/1591/374 467/1590/374 466/1589/374 465/1588/374 464/1587/374 406/1586/374 414/1585/374 463/1584/374 462/1583/374 461/1582/374 460/1581/374 459/1580/374 442/1579/374 443/1578/374
f 535/1857/438 534/1856/438 440/1855/438 441/1854/438
f 459/1861/439 535/1860/439 441/1859/439 442/1858/439
f 534/1875/440 544/1874/440 543/1873/440 542/1872/440 541/1871/440 416/1870/440 391/1869/440 540/1868/440 539/1867/440 538/1866/440 537/1865/440 536/1864/440 439/1863/440 440/1862/440
f 463/1895/445 414/1894/445 415/1893/445 547/1892/445
f 547/1899/446 415/1898/446 416/1897/446 541/1896/446
f 551/1924/452 550/1923/452 549/1922/452 392/1921/452 393/1920/452
f 549/1927/453 540/1926/453 392/1925/453
f 560/1941/456 559/1940/456 551/1939/456 393/1938/456 394/1937/456
f 563/1951/458 566/1950/458 558/1949/458 555/1948/458 562/1947/458
f 569/1961/460 562/1960/460 555/1959/460 571/1958/460 570/1957/460
f 550/1969/462 573/1968/462 549/1967/462
f 579/1983/465 575/1982/465 437/1981/465 438/1980/465 578/1979/465
f 576/1989/466 581/1988/466 580/1987/466 436/1986/466 437/1985/466 575/1984/466
f 577/1994/467 556/1993/467 582/1992/467 580/1991/467 581/1990/467
f 557/1998/468 583/1997/468 582/1996/468 556/1995/468
f 552/2006/470 553/2005/470 537/2004/470 538/2003/470
f 553/2010/471 578/2009/471 536/2008/471 537/2007/471
f 578/2013/472 438/2012/472 536/2011/472
f 567/2026/475 568/2025/475 570/2024/475 571/2023/475 552/2022/475 538/2021/475 539/2020/475
f 549/2031/476 573/2030/476 567/2029/476 539/2028/476 540/2027/476
f 586/2040/478 585/2039/478 558/2038/478 566/2037/478 564/2036/478 565/2035/478
f 476/2045/479 586/2044/479 565/2043/479 572/2042/479 560/2041/479
f 476/2048/480 560/2047/480 394/2046/480
f 564/2057/483 566/2056/483 563/2055/483
f 559/2060/484 560/2059/484 572/2058/484
f 569/2068/486 570/2067/486 568/2066/486
f 574/2072/487 579/2071/487 578/2070/487 553/2069/487
f 577/2075/488 581/2074/488 576/2073/488
f 575/2078/489 579/2077/489 574/2076/489
f 432/2082/490 433/2081/490 409/2080/490 410/2079/490
f 431/2105/494 432/2104/494 410/2103/494 411/2102/494
f 589/2113/496 588/2112/496 587/2111/496 397/2110/496 398/2109/496
f 587/2116/497 475/2115/497 397/2114/497
f 591/2121/498 590/2120/498 589/2119/498 398/2118/498 399/2117/498
f 600/2144/503 601/2143/503 427/2142/503 428/2141/503 602/2140/503
f 603/2154/505 605/2153/505 426/2152/505 427/2151/505 601/2150/505
f 456/2159/506 457/2158/506 605/2157/506 604/2156/506 596/2155/506
f 455/2163/507 456/2162/507 596/2161/507 597/2160/507
f 592/2167/508 593/2166/508 472/2165/508 473/2164/508
f 593/2172/509 599/2171/509 602/2170/509 471/2169/509 472/2168/509
f 602/2175/510 428/2174/510 471/2173/510
f 457/2181/512 426/2180/512 605/2179/512
f 609/2191/514 608/2190/514 607/2189/514 606/2188/514 592/2187/514 473/2186/514 474/2185/514
f 587/2206/517 616/2205/517 609/2204/517 474/2203/517 475/2202/517
f 588/2209/518 616/2208/518 587/2207/518
f 452/2223/521 453/2222/521 598/2221/521 618/2220/521 614/2219/521 615/2218/521
f 451/2228/522 452/2227/522 615/2226/522 617/2225/522 591/2224/522
f 451/2231/523 591/2230/523 399/2229/523
f 610/2239/525 611/2238/525 619/2237/525 606/2236/525 607/2235/525
f 619/2242/526 595/2241/526 606/2240/526
f 613/2251/528 618/2250/528 598/2249/528 595/2248/528 619/2247/528 611/2246/528
f 610/2257/530 607/2256/530 608/2255/530
f 590/2260/531 591/2259/531 617/2258/531
f 600/2268/533 602/2267/533 599/2266/533
f 604/2271/534 605/2270/534 603/2269/534
usemtl mat10
f 382/1611/377 479/1610/377 478/1609/377 477/1608/377 450/1607/377 381/1606/377
f 481/1615/378 480/1614/378 448/1613/378 449/1612/378
f 477/1619/379 481/1618/379 449/1617/379 450/1616/379
f 480/1628/380 486/1627/380 485/1626/380 484/1625/380 483/1624/380 482/1623/380 458/1622/380 447/1621/380 448/1620/380
f 492/1648/385 493/1647/385 417/1646/385 418/1645/385 491/1644/385
f 491/1652/386 418/1651/386 419/1650/386 494/1649/386
f 498/1673/391 497/1672/391 496/1671/391 444/1670/391 445/1669/391
f 500/1678/392 499/1677/392 498/1676/392 445/1675/392 446/1674/392
f 496/1681/393 470/1680/393 444/1679/393
f 505/1686/394 504/1685/394 503/1684/394 502/1683/394 501/1682/394
f 501/1691/395 509/1690/395 508/1689/395 507/1688/395 506/1687/395
f 512/1706/398 516/1705/398 403/1704/398 404/1703/398 511/1702/398
f 515/1711/399 511/1710/399 404/1709/399 405/1708/399 517/1707/399
f 497/1727/403 525/1726/403 496/1725/403
f 482/1734/405 483/1733/405 505/1732/405 521/1731/405
f 458/1739/406 482/1738/406 521/1737/406 524/1736/406 500/1735/406
f 522/1746/408 506/1745/408 468/1744/408 469/1743/408
f 496/1751/409 525/1750/409 522/1749/409 469/1748/409 470/1747/409
f 528/1756/410 527/1755/410 516/1754/410 513/1753/410 504/1752/410
f 527/1759/411 403/1758/411 516/1757/411
f 507/1764/412 514/1763/412 517/1762/412 464/1761/412 465/1760/412
f 517/1767/413 405/1766/413 464/1765/413
f 458/1776/416 500/1775/416 446/1774/416
f 526/1783/418 528/1782/418 504/1781/418 505/1780/418
f 506/1793/421 507/1792/421 465/1791/421 466/1790/421
f 502/1796/422 529/1795/422 501/1794/422
f 531/1805/424 520/1804/424 521/1803/424 505/1802/424 501/1801/424
f 523/1810/425 532/1809/425 501/1808/425 506/1807/425 522/1806/425
f 513/1813/426 516/1812/426 512/1811/426
f 515/1816/427 517/1815/427 514/1814/427
f 499/1819/428 500/1818/428 524/1817/428
f 531/1835/432 501/1834/432 533/1833/432
f 533/1838/433 501/1837/433 532/1836/433
f 509/1853/437 501/1852/437 529/1851/437
f 419/2274/535 402/2273/535 527/2272/535
f 382/2278/536 383/2277/536 489/2276/536 479/2275/536
f 383/2282/537 384/2281/537 493/2280/537 489/2279/537
f 384/2285/538 417/2284/538 493/2283/538
f 384/2288/539 375/2287/539 417/2286/539
f 485/2302/542 490/2301/542 494/2300/542 419/2299/542 527/2298/542 528/2297/542 526/2296/542 484/2295/542
