[Licensing::Module] Trying to connect to existing licensing client channel...
Built from '6000.0/staging' branch; Version is '6000.0.62f1 (f99f05b3e950) revision 16359173'; Using compiler version '193933523'; Build Type 'Release'
[Licensing::IpcConnector] Successfully connected to: "LicenseClient-Pedro" at "2026-06-03T02:26:14.6934335Z"
OS: 'Windows 11  (10.0.26200) 64bit ProfessionalWorkstation' Language: 'es' Physical Memory: 16295 MB
BatchMode: 1, IsHumanControllingUs: 0, StartBugReporterOnCrash: 0, Is64bit: 1
Date: 2026-06-03T02:26:14Z

COMMAND LINE ARGUMENTS:
C:\Program Files\Unity\Hub\Editor\6000.0.62f1\Editor\Unity.exe
-adb2
-batchMode
-noUpm
-name
AssetImportWorker0
-projectPath
D:/Users/Pedro/Documents/GitHub/AnteNoctemTP
-logFile
Logs/AssetImportWorker0.log
-srvPort
60890
-licensingIpc
LicenseClient-Pedro
-job-worker-count
5
-background-job-worker-count
8
-gc-helper-count
1
-name
AssetImport
Successfully changed project path to: D:/Users/Pedro/Documents/GitHub/AnteNoctemTP
D:/Users/Pedro/Documents/GitHub/AnteNoctemTP
[UnityMemory] Configuration Parameters - Can be set up in boot.config
    "memorysetup-bucket-allocator-granularity=16"
    "memorysetup-bucket-allocator-bucket-count=8"
    "memorysetup-bucket-allocator-block-size=33554432"
    "memorysetup-bucket-allocator-block-count=8"
    "memorysetup-main-allocator-block-size=16777216"
    "memorysetup-thread-allocator-block-size=16777216"
    "memorysetup-gfx-main-allocator-block-size=16777216"
    "memorysetup-gfx-thread-allocator-block-size=16777216"
    "memorysetup-cache-allocator-block-size=4194304"
    "memorysetup-typetree-allocator-block-size=2097152"
    "memorysetup-profiler-bucket-allocator-granularity=16"
    "memorysetup-profiler-bucket-allocator-bucket-count=8"
    "memorysetup-profiler-bucket-allocator-block-size=33554432"
    "memorysetup-profiler-bucket-allocator-block-count=8"
    "memorysetup-profiler-allocator-block-size=16777216"
    "memorysetup-profiler-editor-allocator-block-size=1048576"
    "memorysetup-temp-allocator-size-main=16777216"
    "memorysetup-job-temp-allocator-block-size=2097152"
    "memorysetup-job-temp-allocator-block-size-background=1048576"
    "memorysetup-job-temp-allocator-reduction-small-platforms=262144"
    "memorysetup-allocator-temp-initial-block-size-main=262144"
    "memorysetup-allocator-temp-initial-block-size-worker=262144"
    "memorysetup-temp-allocator-size-background-worker=32768"
    "memorysetup-temp-allocator-size-job-worker=262144"
    "memorysetup-temp-allocator-size-preload-manager=33554432"
    "memorysetup-temp-allocator-size-nav-mesh-worker=65536"
    "memorysetup-temp-allocator-size-audio-worker=65536"
    "memorysetup-temp-allocator-size-cloud-worker=32768"
    "memorysetup-temp-allocator-size-gi-baking-worker=262144"
    "memorysetup-temp-allocator-size-gi-baking-worker=262144"
    "memorysetup-temp-allocator-size-gi-baking-worker=262144"
    "memorysetup-temp-allocator-size-gi-baking-worker=262144"
    "memorysetup-temp-allocator-size-gi-baking-worker=262144"
    "memorysetup-temp-allocator-size-gfx=262144"
Player connection [6840]  Target information:

Player connection [6840]  * "[IP] 192.168.0.20 [Port] 0 [Flags] 2 [Guid] 1246640177 [EditorId] 1246640177 [Version] 1048832 [Id] WindowsEditor(7,DESKTOP-DK7FUDF) [Debug] 1 [PackageName] WindowsEditor [ProjectName] Editor" 

Player connection [6840] Host joined multi-casting on [225.0.0.222:54997]...
Player connection [6840] Host joined alternative multi-casting on [225.0.0.222:34997]...
JobSystem: Creating JobQueue using job-worker-count value 5
Input System module state changed to: Initialized.
[Physics::Module] Initialized fallback backend.
[Physics::Module] Id: 0xdecafbad
[Licensing::Client] Code 10 while verifying Licensing Client signature (process Id: 19788, path: "D:/Program Files/Unity Hub/UnityLicensingClient_V1/Unity.Licensing.Client.exe")
[Licensing::Module] LicensingClient has failed validation; ignoring
[Licensing::Client] Handshaking with LicensingClient:
  Version:                 1.17.4+4293ba1
  Session Id:              3c329b1a5aff4899bc1ac9e16f77d66e
  Correlation Id:          c0837e30ae9cd4b5bf0dc0b656aab205
  External correlation Id: 5804724373774076674
  Machine Id:              fUrDZu+6aLQq4h5Z/1AuOf6GPwQ=
[Licensing::Module] Successfully connected to LicensingClient on channel: "LicenseClient-Pedro" (connect: 0.00s, validation: 0.00s, handshake: 0.04s)
[Licensing::IpcConnector] Successfully connected to: "LicenseClient-Pedro-notifications" at "2026-06-03T02:26:14.73733Z"
[Licensing::Module] Licensing Background thread has ended after 0.04s
Library Redirect Path: Library/
[Physics::Module] Selected backend.
[Physics::Module] Name: PhysX
[Physics::Module] Id: 0xf2b8ea05
[Physics::Module] SDK Version: 4.1.2
[Physics::Module] Integration Version: 1.0.0
[Physics::Module] Threading Mode: Multi-Threaded
Refreshing native plugins compatible for Editor in 2.28 ms, found 3 plugins.
Preloading 0 native plugins for Editor in 0.00 ms.
Initialize engine version: 6000.0.62f1 (f99f05b3e950)
[Subsystems] Discovering subsystems at path C:/Program Files/Unity/Hub/Editor/6000.0.62f1/Editor/Data/Resources/UnitySubsystems
[Subsystems] Discovering subsystems at path D:/Users/Pedro/Documents/GitHub/AnteNoctemTP/Assets
GfxDevice: creating device client; kGfxThreadingModeNonThreaded
Direct3D:
    Version:  Direct3D 11.0 [level 11.1]
    Renderer: Radeon RX 580 Series (ID=0x67df)
    Vendor:   ATI
    VRAM:     7825 MB
    Driver:   31.0.21923.11000
Shader Hidden/ProbeVolume/VoxelizeScene is not supported: GPU does not support conservative rasterization
Initialize mono
Mono path[0] = 'C:/Program Files/Unity/Hub/Editor/6000.0.62f1/Editor/Data/Managed'
Mono path[1] = 'C:/Program Files/Unity/Hub/Editor/6000.0.62f1/Editor/Data/MonoBleedingEdge/lib/mono/unityjit-win32'
Mono config path = 'C:/Program Files/Unity/Hub/Editor/6000.0.62f1/Editor/Data/MonoBleedingEdge/etc'
Using monoOptions --debugger-agent=transport=dt_socket,embedding=1,server=y,suspend=n,address=127.0.0.1:56644
Begin MonoManager ReloadAssembly
Registering precompiled unity dll's ...
Register platform support module: C:/Program Files/Unity/Hub/Editor/6000.0.62f1/Editor/Data/PlaybackEngines/WindowsStandaloneSupport/UnityEditor.WindowsStandalone.Extensions.dll
Registered in 0.002910 seconds.
- Loaded All Assemblies, in  0.386 seconds
Native extension for WindowsStandalone target not found
Mono: successfully reloaded assembly
- Finished resetting the current domain, in  0.376 seconds
Domain Reload Profiling: 759ms
	BeginReloadAssembly (133ms)
		ExecutionOrderSort (0ms)
		DisableScriptedObjects (0ms)
		BackupInstance (0ms)
		ReleaseScriptingObjects (0ms)
		CreateAndSetChildDomain (2ms)
	RebuildCommonClasses (35ms)
	RebuildNativeTypeToScriptingClass (12ms)
	initialDomainReloadingComplete (50ms)
	LoadAllAssembliesAndSetupDomain (152ms)
		LoadAssemblies (128ms)
		RebuildTransferFunctionScriptingTraits (0ms)
		AnalyzeDomain (149ms)
			TypeCache.Refresh (148ms)
				TypeCache.ScanAssembly (135ms)
			BuildScriptInfoCaches (0ms)
			ResolveRequiredComponents (0ms)
	FinalizeReload (376ms)
		ReleaseScriptCaches (0ms)
		RebuildScriptCaches (0ms)
		SetupLoadedEditorAssemblies (325ms)
			LogAssemblyErrors (0ms)
			InitializePlatformSupportModulesInManaged (23ms)
			SetLoadedEditorAssemblies (5ms)
			BeforeProcessingInitializeOnLoad (66ms)
			ProcessInitializeOnLoadAttributes (173ms)
			ProcessInitializeOnLoadMethodAttributes (58ms)
			AfterProcessingInitializeOnLoad (0ms)
			EditorAssembliesLoaded (0ms)
		ExecutionOrderSort2 (0ms)
		AwakeInstancesAfterBackupRestoration (0ms)
Assembly reference Packages/com.unity.cinemachine/Editor/Samples/ExposeHDRPInternals/HDRP-Editor-ref.asmref has no target assembly definition
========================================================================
Worker process is ready to serve import requests
Import Worker Mode flag is 0x00
Assembly reference Packages/com.unity.cinemachine/Editor/Samples/ExposeHDRPInternals/HDRP-Editor-ref.asmref has no target assembly definition
Assembly reference Packages/com.unity.cinemachine/Editor/Samples/ExposeHDRPInternals/HDRP-Editor-ref.asmref has no target assembly definition
Begin MonoManager ReloadAssembly
[Licensing::Client] Successfully resolved entitlement details
[Licensing::Module] License group:
  Id: 4674078980710-UnityPersXXXX
  Product: Unity Personal
  Type: Assigned
  Expiration: Unlimited
- Loaded All Assemblies, in  0.926 seconds
Assembly reference Packages/com.unity.cinemachine/Editor/Samples/ExposeHDRPInternals/HDRP-Editor-ref.asmref has no target assembly definition
'Packages/com.unity.cinemachine/Editor/Obsolete/CinemachineVirtualCameraBaseEditor.cs' contains partial class of Unity.Object, exactly 1 of the partial classes needs to be in a file with the same filename. This is to know the one that can be referenced from ie. GameObjects
'Packages/com.unity.cinemachine/Editor/Editors/CinemachineVirtualCameraBaseEditor.cs' contains partial class of Unity.Object, exactly 1 of the partial classes needs to be in a file with the same filename. This is to know the one that can be referenced from ie. GameObjects
Refreshing native plugins compatible for Editor in 1.21 ms, found 3 plugins.
Native extension for WindowsStandalone target not found
Assembly reference Packages/com.unity.cinemachine/Editor/Samples/ExposeHDRPInternals/HDRP-Editor-ref.asmref has no target assembly definition
Package Manager log level set to [2]
[Package Manager] Failed to launch server process. Reason: Unity was launched with the -noUpm command-line argument
[Package Manager] Unable to send message (not connected to server process).
[Package Manager] Cannot connect to Unity Package Manager local server
[Package Manager] Failed to launch server process. Reason: Unity was launched with the -noUpm command-line argument
[Package Manager] Unable to send message (not connected to server process).
[Package Manager] Cannot connect to Unity Package Manager local server
Mono: successfully reloaded assembly
- Finished resetting the current domain, in  0.875 seconds
Domain Reload Profiling: 1795ms
	BeginReloadAssembly (270ms)
		ExecutionOrderSort (0ms)
		DisableScriptedObjects (8ms)
		BackupInstance (0ms)
		ReleaseScriptingObjects (0ms)
		CreateAndSetChildDomain (38ms)
	RebuildCommonClasses (42ms)
	RebuildNativeTypeToScriptingClass (13ms)
	initialDomainReloadingComplete (50ms)
	LoadAllAssembliesAndSetupDomain (545ms)
		LoadAssemblies (441ms)
		RebuildTransferFunctionScriptingTraits (0ms)
		AnalyzeDomain (276ms)
			TypeCache.Refresh (207ms)
				TypeCache.ScanAssembly (192ms)
			BuildScriptInfoCaches (55ms)
			ResolveRequiredComponents (12ms)
	FinalizeReload (876ms)
		ReleaseScriptCaches (0ms)
		RebuildScriptCaches (0ms)
		SetupLoadedEditorAssemblies (665ms)
			LogAssemblyErrors (0ms)
			InitializePlatformSupportModulesInManaged (3ms)
			SetLoadedEditorAssemblies (6ms)
			BeforeProcessingInitializeOnLoad (152ms)
			ProcessInitializeOnLoadAttributes (437ms)
			ProcessInitializeOnLoadMethodAttributes (59ms)
			AfterProcessingInitializeOnLoad (7ms)
			EditorAssembliesLoaded (0ms)
		ExecutionOrderSort2 (0ms)
		AwakeInstancesAfterBackupRestoration (6ms)
Shader Hidden/ProbeVolume/VoxelizeScene is not supported: GPU does not support conservative rasterization
Launched and connected shader compiler UnityShaderCompiler.exe after 0.01 seconds
Refreshing native plugins compatible for Editor in 1.19 ms, found 3 plugins.
Preloading 0 native plugins for Editor in 0.00 ms.
Unloading 14 Unused Serialized files (Serialized files now loaded: 0)
Unloading 6562 unused Assets / (4.7 MB). Loaded Objects now: 7265.
Memory consumption went from 131.6 MB to 127.0 MB.
Total: 11.102300 ms (FindLiveObjects: 0.969500 ms CreateObjectMapping: 0.628200 ms MarkObjects: 6.066100 ms  DeleteObjects: 3.437000 ms)

========================================================================
Received Import Request.
  Time since last request: 40904.070652 seconds.
  path: Assets/New Terrain.asset
  artifactKey: Guid(5b40ab45d77b4de43b12c3a2e4c3ebc7) Importer(815301076,1909f56bfc062723c751e8b465ee728b)
Start importing Assets/New Terrain.asset using Guid(5b40ab45d77b4de43b12c3a2e4c3ebc7) Importer(815301076,1909f56bfc062723c751e8b465ee728b) (PreviewImporter) -> (artifact id: '4d4b8b124fca9770f13994b7b03d4d65') in 0.0255745 seconds
Number of updated asset objects reloaded before import = 0Number of asset objects unloaded after import = 1

========================================================================
Received Import Request.
  Time since last request: 15.462161 seconds.
  path: Assets/DenysAlmaral
  artifactKey: Guid(4a985cd9246e8464ea4720bb5d9efb9a) Importer(815301076,1909f56bfc062723c751e8b465ee728b)
Start importing Assets/DenysAlmaral using Guid(4a985cd9246e8464ea4720bb5d9efb9a) Importer(815301076,1909f56bfc062723c751e8b465ee728b) (PreviewImporter) -> (artifact id: '0da84f28d6ecb5838191a24149e3bdd0') in 0.0004901 seconds
Number of updated asset objects reloaded before import = 0Number of asset objects unloaded after import = 0

========================================================================
Received Import Request.
  Time since last request: 1.418034 seconds.
  path: Assets/Fantasy Skybox FREE
  artifactKey: Guid(0a33f992e13add9438b6e744a7dad662) Importer(815301076,1909f56bfc062723c751e8b465ee728b)
Start importing Assets/Fantasy Skybox FREE using Guid(0a33f992e13add9438b6e744a7dad662) Importer(815301076,1909f56bfc062723c751e8b465ee728b) (PreviewImporter) -> (artifact id: 'd02a82bf72304f99be5e9e68953372d7') in 0.0006759 seconds
Number of updated asset objects reloaded before import = 0Number of asset objects unloaded after import = 0

========================================================================
Received Import Request.
  Time since last request: 1.495266 seconds.
  path: Assets/MenuScripts
  artifactKey: Guid(4aba770afce583040a2a6b3d27d61e2d) Importer(815301076,1909f56bfc062723c751e8b465ee728b)
Start importing Assets/MenuScripts using Guid(4aba770afce583040a2a6b3d27d61e2d) Importer(815301076,1909f56bfc062723c751e8b465ee728b) (PreviewImporter) -> (artifact id: 'e7552fa220df6d252d39b50bb365fcdc') in 0.0005693 seconds
Number of updated asset objects reloaded before import = 0Number of asset objects unloaded after import = 0

========================================================================
Received Import Request.
  Time since last request: 0.439222 seconds.
  path: Assets/NikolayFedorov
  artifactKey: Guid(10afe2c0c98f4984ea768e1eeae753a1) Importer(815301076,1909f56bfc062723c751e8b465ee728b)
Start importing Assets/NikolayFedorov using Guid(10afe2c0c98f4984ea768e1eeae753a1) Importer(815301076,1909f56bfc062723c751e8b465ee728b) (PreviewImporter) -> (artifact id: '3a7731ca3bd8d0058dad31e1835c12d0') in 0.0004539 seconds
Number of updated asset objects reloaded before import = 0Number of asset objects unloaded after import = 0

========================================================================
Received Import Request.
  Time since last request: 0.319960 seconds.
  path: Assets/Prefabs
  artifactKey: Guid(67c46f6edffb93944986bb92ea9b76c1) Importer(815301076,1909f56bfc062723c751e8b465ee728b)
Start importing Assets/Prefabs using Guid(67c46f6edffb93944986bb92ea9b76c1) Importer(815301076,1909f56bfc062723c751e8b465ee728b) (PreviewImporter) -> (artifact id: 'b8c11f42d7ae574d400d26981066a3bf') in 0.0009534 seconds
Number of updated asset objects reloaded before import = 0Number of asset objects unloaded after import = 0

========================================================================
Received Import Request.
  Time since last request: 5.720674 seconds.
  path: Assets/Scenes/LevelInit.unity
  artifactKey: Guid(62d9f1f7f8ad8d8468f1d93df4ed59fa) Importer(815301076,1909f56bfc062723c751e8b465ee728b)
Start importing Assets/Scenes/LevelInit.unity using Guid(62d9f1f7f8ad8d8468f1d93df4ed59fa) Importer(815301076,1909f56bfc062723c751e8b465ee728b) (PreviewImporter) -> (artifact id: '52a4baee877a8e1d9fcb89b034b2ac68') in 0.0006549 seconds
Number of updated asset objects reloaded before import = 0Number of asset objects unloaded after import = 0

========================================================================
Received Import Request.
  Time since last request: 26.382440 seconds.
  path: Assets/Scenes/DEVroom.unity
  artifactKey: Guid(99c9720ab356a0642a771bea13969a05) Importer(815301076,1909f56bfc062723c751e8b465ee728b)
Start importing Assets/Scenes/DEVroom.unity using Guid(99c9720ab356a0642a771bea13969a05) Importer(815301076,1909f56bfc062723c751e8b465ee728b) (PreviewImporter) -> (artifact id: 'b8898b5cc7eea225451c7e39901c5c71') in 0.0006763 seconds
Number of updated asset objects reloaded before import = 0Number of asset objects unloaded after import = 0

========================================================================
Received Prepare
Assembly reference Packages/com.unity.cinemachine/Editor/Samples/ExposeHDRPInternals/HDRP-Editor-ref.asmref has no target assembly definition
Assembly reference Packages/com.unity.cinemachine/Editor/Samples/ExposeHDRPInternals/HDRP-Editor-ref.asmref has no target assembly definition
Begin MonoManager ReloadAssembly
[Licensing::Client] Successfully resolved entitlement details
- Loaded All Assemblies, in  0.724 seconds
Assembly reference Packages/com.unity.cinemachine/Editor/Samples/ExposeHDRPInternals/HDRP-Editor-ref.asmref has no target assembly definition
'Packages/com.unity.cinemachine/Editor/Obsolete/CinemachineVirtualCameraBaseEditor.cs' contains partial class of Unity.Object, exactly 1 of the partial classes needs to be in a file with the same filename. This is to know the one that can be referenced from ie. GameObjects
'Packages/com.unity.cinemachine/Editor/Editors/CinemachineVirtualCameraBaseEditor.cs' contains partial class of Unity.Object, exactly 1 of the partial classes needs to be in a file with the same filename. This is to know the one that can be referenced from ie. GameObjects
Refreshing native plugins compatible for Editor in 1.27 ms, found 3 plugins.
Native extension for WindowsStandalone target not found
Assembly reference Packages/com.unity.cinemachine/Editor/Samples/ExposeHDRPInternals/HDRP-Editor-ref.asmref has no target assembly definition
[Package Manager] Failed to launch server process. Reason: Unity was launched with the -noUpm command-line argument
[Package Manager] Unable to send message (not connected to server process).
[Package Manager] Cannot connect to Unity Package Manager local server
[Package Manager] Failed to launch server process. Reason: Unity was launched with the -noUpm command-line argument
[Package Manager] Unable to send message (not connected to server process).
[Package Manager] Cannot connect to Unity Package Manager local server
Mono: successfully reloaded assembly
- Finished resetting the current domain, in  0.757 seconds
Domain Reload Profiling: 1483ms
	BeginReloadAssembly (215ms)
		ExecutionOrderSort (0ms)
		DisableScriptedObjects (8ms)
		BackupInstance (0ms)
		ReleaseScriptingObjects (0ms)
		CreateAndSetChildDomain (54ms)
	RebuildCommonClasses (37ms)
	RebuildNativeTypeToScriptingClass (14ms)
	initialDomainReloadingComplete (33ms)
	LoadAllAssembliesAndSetupDomain (426ms)
		LoadAssemblies (336ms)
		RebuildTransferFunctionScriptingTraits (0ms)
		AnalyzeDomain (182ms)
			TypeCache.Refresh (7ms)
				TypeCache.ScanAssembly (0ms)
			BuildScriptInfoCaches (160ms)
			ResolveRequiredComponents (11ms)
	FinalizeReload (758ms)
		ReleaseScriptCaches (0ms)
		RebuildScriptCaches (0ms)
		SetupLoadedEditorAssemblies (592ms)
			LogAssemblyErrors (0ms)
			InitializePlatformSupportModulesInManaged (3ms)
			SetLoadedEditorAssemblies (3ms)
			BeforeProcessingInitializeOnLoad (118ms)
			ProcessInitializeOnLoadAttributes (397ms)
			ProcessInitializeOnLoadMethodAttributes (64ms)
			AfterProcessingInitializeOnLoad (7ms)
			EditorAssembliesLoaded (0ms)
		ExecutionOrderSort2 (0ms)
		AwakeInstancesAfterBackupRestoration (16ms)
Shader Hidden/ProbeVolume/VoxelizeScene is not supported: GPU does not support conservative rasterization
Refreshing native plugins compatible for Editor in 1.33 ms, found 3 plugins.
Preloading 0 native plugins for Editor in 0.00 ms.
Unloading 14 Unused Serialized files (Serialized files now loaded: 0)
Unloading 6558 unused Assets / (4.5 MB). Loaded Objects now: 7284.
Memory consumption went from 143.7 MB to 139.1 MB.
Total: 9.094100 ms (FindLiveObjects: 0.734200 ms CreateObjectMapping: 0.748500 ms MarkObjects: 4.827400 ms  DeleteObjects: 2.783100 ms)

Prepare: number of updated asset objects reloaded= 0
========================================================================
Received Prepare
Assembly reference Packages/com.unity.cinemachine/Editor/Samples/ExposeHDRPInternals/HDRP-Editor-ref.asmref has no target assembly definition
Assembly reference Packages/com.unity.cinemachine/Editor/Samples/ExposeHDRPInternals/HDRP-Editor-ref.asmref has no target assembly definition
Begin MonoManager ReloadAssembly
- Loaded All Assemblies, in  0.761 seconds
Assembly reference Packages/com.unity.cinemachine/Editor/Samples/ExposeHDRPInternals/HDRP-Editor-ref.asmref has no target assembly definition
'Packages/com.unity.cinemachine/Editor/Obsolete/CinemachineVirtualCameraBaseEditor.cs' contains partial class of Unity.Object, exactly 1 of the partial classes needs to be in a file with the same filename. This is to know the one that can be referenced from ie. GameObjects
'Packages/com.unity.cinemachine/Editor/Editors/CinemachineVirtualCameraBaseEditor.cs' contains partial class of Unity.Object, exactly 1 of the partial classes needs to be in a file with the same filename. This is to know the one that can be referenced from ie. GameObjects
Refreshing native plugins compatible for Editor in 1.43 ms, found 3 plugins.
Native extension for WindowsStandalone target not found
Assembly reference Packages/com.unity.cinemachine/Editor/Samples/ExposeHDRPInternals/HDRP-Editor-ref.asmref has no target assembly definition
[Package Manager] Failed to launch server process. Reason: Unity was launched with the -noUpm command-line argument
[Package Manager] Unable to send message (not connected to server process).
[Package Manager] Cannot connect to Unity Package Manager local server
[Package Manager] Failed to launch server process. Reason: Unity was launched with the -noUpm command-line argument
[Package Manager] Unable to send message (not connected to server process).
[Package Manager] Cannot connect to Unity Package Manager local server
Mono: successfully reloaded assembly
- Finished resetting the current domain, in  1.408 seconds
Domain Reload Profiling: 2170ms
	BeginReloadAssembly (218ms)
		ExecutionOrderSort (0ms)
		DisableScriptedObjects (7ms)
		BackupInstance (0ms)
		ReleaseScriptingObjects (0ms)
		CreateAndSetChildDomain (54ms)
	RebuildCommonClasses (38ms)
	RebuildNativeTypeToScriptingClass (12ms)
	initialDomainReloadingComplete (32ms)
	LoadAllAssembliesAndSetupDomain (462ms)
		LoadAssemblies (368ms)
		RebuildTransferFunctionScriptingTraits (0ms)
		AnalyzeDomain (195ms)
			TypeCache.Refresh (7ms)
				TypeCache.ScanAssembly (0ms)
			BuildScriptInfoCaches (170ms)
			ResolveRequiredComponents (13ms)
	FinalizeReload (1409ms)
		ReleaseScriptCaches (0ms)
		RebuildScriptCaches (0ms)
		SetupLoadedEditorAssemblies (1138ms)
			LogAssemblyErrors (0ms)
			InitializePlatformSupportModulesInManaged (7ms)
			SetLoadedEditorAssemblies (15ms)
			BeforeProcessingInitializeOnLoad (322ms)
			ProcessInitializeOnLoadAttributes (694ms)
			ProcessInitializeOnLoadMethodAttributes (90ms)
			AfterProcessingInitializeOnLoad (9ms)
			EditorAssembliesLoaded (0ms)
		ExecutionOrderSort2 (0ms)
		AwakeInstancesAfterBackupRestoration (23ms)
Shader Hidden/ProbeVolume/VoxelizeScene is not supported: GPU does not support conservative rasterization
Refreshing native plugins compatible for Editor in 2.20 ms, found 3 plugins.
Preloading 0 native plugins for Editor in 0.00 ms.
Unloading 14 Unused Serialized files (Serialized files now loaded: 0)
Unloading 6558 unused Assets / (4.6 MB). Loaded Objects now: 7287.
Memory consumption went from 143.7 MB to 139.1 MB.
Total: 17.684900 ms (FindLiveObjects: 1.260300 ms CreateObjectMapping: 1.875000 ms MarkObjects: 9.788500 ms  DeleteObjects: 4.759300 ms)

Prepare: number of updated asset objects reloaded= 0
========================================================================
Received Prepare
Assembly reference Packages/com.unity.cinemachine/Editor/Samples/ExposeHDRPInternals/HDRP-Editor-ref.asmref has no target assembly definition
Assembly reference Packages/com.unity.cinemachine/Editor/Samples/ExposeHDRPInternals/HDRP-Editor-ref.asmref has no target assembly definition
Begin MonoManager ReloadAssembly
[Licensing::Client] Successfully resolved entitlement details
- Loaded All Assemblies, in  0.728 seconds
Assembly reference Packages/com.unity.cinemachine/Editor/Samples/ExposeHDRPInternals/HDRP-Editor-ref.asmref has no target assembly definition
'Packages/com.unity.cinemachine/Editor/Obsolete/CinemachineVirtualCameraBaseEditor.cs' contains partial class of Unity.Object, exactly 1 of the partial classes needs to be in a file with the same filename. This is to know the one that can be referenced from ie. GameObjects
'Packages/com.unity.cinemachine/Editor/Editors/CinemachineVirtualCameraBaseEditor.cs' contains partial class of Unity.Object, exactly 1 of the partial classes needs to be in a file with the same filename. This is to know the one that can be referenced from ie. GameObjects
Refreshing native plugins compatible for Editor in 1.03 ms, found 3 plugins.
Native extension for WindowsStandalone target not found
Assembly reference Packages/com.unity.cinemachine/Editor/Samples/ExposeHDRPInternals/HDRP-Editor-ref.asmref has no target assembly definition
[Package Manager] Failed to launch server process. Reason: Unity was launched with the -noUpm command-line argument
[Package Manager] Unable to send message (not connected to server process).
[Package Manager] Cannot connect to Unity Package Manager local server
[Package Manager] Failed to launch server process. Reason: Unity was launched with the -noUpm command-line argument
[Package Manager] Unable to send message (not connected to server process).
[Package Manager] Cannot connect to Unity Package Manager local server
Mono: successfully reloaded assembly
- Finished resetting the current domain, in  0.692 seconds
Domain Reload Profiling: 1420ms
	BeginReloadAssembly (212ms)
		ExecutionOrderSort (0ms)
		DisableScriptedObjects (8ms)
		BackupInstance (0ms)
		ReleaseScriptingObjects (0ms)
		CreateAndSetChildDomain (53ms)
	RebuildCommonClasses (35ms)
	RebuildNativeTypeToScriptingClass (13ms)
	initialDomainReloadingComplete (30ms)
	LoadAllAssembliesAndSetupDomain (437ms)
		LoadAssemblies (347ms)
		RebuildTransferFunctionScriptingTraits (0ms)
		AnalyzeDomain (185ms)
			TypeCache.Refresh (6ms)
				TypeCache.ScanAssembly (0ms)
			BuildScriptInfoCaches (162ms)
			ResolveRequiredComponents (12ms)
	FinalizeReload (693ms)
		ReleaseScriptCaches (0ms)
		RebuildScriptCaches (0ms)
		SetupLoadedEditorAssemblies (540ms)
			LogAssemblyErrors (0ms)
			InitializePlatformSupportModulesInManaged (2ms)
			SetLoadedEditorAssemblies (5ms)
			BeforeProcessingInitializeOnLoad (117ms)
			ProcessInitializeOnLoadAttributes (351ms)
			ProcessInitializeOnLoadMethodAttributes (56ms)
			AfterProcessingInitializeOnLoad (8ms)
			EditorAssembliesLoaded (0ms)
		ExecutionOrderSort2 (0ms)
		AwakeInstancesAfterBackupRestoration (14ms)
Shader Hidden/ProbeVolume/VoxelizeScene is not supported: GPU does not support conservative rasterization
Refreshing native plugins compatible for Editor in 1.01 ms, found 3 plugins.
Preloading 0 native plugins for Editor in 0.00 ms.
Unloading 14 Unused Serialized files (Serialized files now loaded: 0)
Unloading 6558 unused Assets / (4.3 MB). Loaded Objects now: 7290.
Memory consumption went from 143.7 MB to 139.4 MB.
Total: 8.427300 ms (FindLiveObjects: 0.645300 ms CreateObjectMapping: 0.376900 ms MarkObjects: 4.563700 ms  DeleteObjects: 2.840500 ms)

Prepare: number of updated asset objects reloaded= 0
========================================================================
Received Import Request.
  Time since last request: 320.310619 seconds.
  path: Assets/Prefabs/Enemies/Citizen.prefab
  artifactKey: Guid(8f9da1416d010424fbe70ed2b4889a2b) Importer(815301076,1909f56bfc062723c751e8b465ee728b)
Start importing Assets/Prefabs/Enemies/Citizen.prefab using Guid(8f9da1416d010424fbe70ed2b4889a2b) Importer(815301076,1909f56bfc062723c751e8b465ee728b) (PreviewImporter) -> (artifact id: '4cd6a1720d9d98b912d11e9f11544654') in 9.4441086 seconds
Number of updated asset objects reloaded before import = 0Number of asset objects unloaded after import = 165

========================================================================
Received Prepare
Assembly reference Packages/com.unity.cinemachine/Editor/Samples/ExposeHDRPInternals/HDRP-Editor-ref.asmref has no target assembly definition
Assembly reference Packages/com.unity.cinemachine/Editor/Samples/ExposeHDRPInternals/HDRP-Editor-ref.asmref has no target assembly definition
Begin MonoManager ReloadAssembly
[Licensing::Client] Successfully resolved entitlement details
- Loaded All Assemblies, in  0.767 seconds
Assembly reference Packages/com.unity.cinemachine/Editor/Samples/ExposeHDRPInternals/HDRP-Editor-ref.asmref has no target assembly definition
'Packages/com.unity.cinemachine/Editor/Obsolete/CinemachineVirtualCameraBaseEditor.cs' contains partial class of Unity.Object, exactly 1 of the partial classes needs to be in a file with the same filename. This is to know the one that can be referenced from ie. GameObjects
'Packages/com.unity.cinemachine/Editor/Editors/CinemachineVirtualCameraBaseEditor.cs' contains partial class of Unity.Object, exactly 1 of the partial classes needs to be in a file with the same filename. This is to know the one that can be referenced from ie. GameObjects
Refreshing native plugins compatible for Editor in 1.53 ms, found 3 plugins.
Native extension for WindowsStandalone target not found
Assembly reference Packages/com.unity.cinemachine/Editor/Samples/ExposeHDRPInternals/HDRP-Editor-ref.asmref has no target assembly definition
[Package Manager] Failed to launch server process. Reason: Unity was launched with the -noUpm command-line argument
[Package Manager] Unable to send message (not connected to server process).
[Package Manager] Cannot connect to Unity Package Manager local server
[Package Manager] Failed to launch server process. Reason: Unity was launched with the -noUpm command-line argument
[Package Manager] Unable to send message (not connected to server process).
[Package Manager] Cannot connect to Unity Package Manager local server
Mono: successfully reloaded assembly
- Finished resetting the current domain, in  0.812 seconds
Domain Reload Profiling: 1582ms
	BeginReloadAssembly (239ms)
		ExecutionOrderSort (0ms)
		DisableScriptedObjects (21ms)
		BackupInstance (0ms)
		ReleaseScriptingObjects (0ms)
		CreateAndSetChildDomain (63ms)
	RebuildCommonClasses (35ms)
	RebuildNativeTypeToScriptingClass (12ms)
	initialDomainReloadingComplete (31ms)
	LoadAllAssembliesAndSetupDomain (451ms)
		LoadAssemblies (352ms)
		RebuildTransferFunctionScriptingTraits (0ms)
		AnalyzeDomain (195ms)
			TypeCache.Refresh (7ms)
				TypeCache.ScanAssembly (0ms)
			BuildScriptInfoCaches (170ms)
			ResolveRequiredComponents (13ms)
	FinalizeReload (813ms)
		ReleaseScriptCaches (0ms)
		RebuildScriptCaches (0ms)
		SetupLoadedEditorAssemblies (649ms)
			LogAssemblyErrors (0ms)
			InitializePlatformSupportModulesInManaged (2ms)
			SetLoadedEditorAssemblies (5ms)
			BeforeProcessingInitializeOnLoad (140ms)
			ProcessInitializeOnLoadAttributes (431ms)
			ProcessInitializeOnLoadMethodAttributes (63ms)
			AfterProcessingInitializeOnLoad (7ms)
			EditorAssembliesLoaded (0ms)
		ExecutionOrderSort2 (0ms)
		AwakeInstancesAfterBackupRestoration (17ms)
Shader Hidden/ProbeVolume/VoxelizeScene is not supported: GPU does not support conservative rasterization
Refreshing native plugins compatible for Editor in 1.19 ms, found 3 plugins.
Preloading 0 native plugins for Editor in 0.00 ms.
Unloading 14 Unused Serialized files (Serialized files now loaded: 0)
Unloading 6559 unused Assets / (4.2 MB). Loaded Objects now: 7325.
Memory consumption went from 161.4 MB to 157.2 MB.
Total: 7.046700 ms (FindLiveObjects: 0.659500 ms CreateObjectMapping: 0.429000 ms MarkObjects: 3.970100 ms  DeleteObjects: 1.987400 ms)

Prepare: number of updated asset objects reloaded= 0
========================================================================
Received Import Request.
  Time since last request: 126.824473 seconds.
  path: Assets/Scenes/Base.unity
  artifactKey: Guid(254a829404dc0af42a907974039c6254) Importer(815301076,1909f56bfc062723c751e8b465ee728b)
Start importing Assets/Scenes/Base.unity using Guid(254a829404dc0af42a907974039c6254) Importer(815301076,1909f56bfc062723c751e8b465ee728b) (PreviewImporter) -> (artifact id: 'ad53d0dbef83b15f787d735d94bb0e47') in 0.0017847 seconds
Number of updated asset objects reloaded before import = 0Number of asset objects unloaded after import = 0

========================================================================
Received Import Request.
  Time since last request: 25.947874 seconds.
  path: Packages/com.unity.render-pipelines.universal/Runtime/Materials/ParticlesUnlit.mat
  artifactKey: Guid(e823cd5b5d27c0f4b8256e7c12ee3e6d) Importer(815301076,1909f56bfc062723c751e8b465ee728b)
Start importing Packages/com.unity.render-pipelines.universal/Runtime/Materials/ParticlesUnlit.mat using Guid(e823cd5b5d27c0f4b8256e7c12ee3e6d) Importer(815301076,1909f56bfc062723c751e8b465ee728b) (PreviewImporter) -> (artifact id: 'e5fb1e39425cbd28253c5868dec14ef1') in 0.5278429 seconds
Number of updated asset objects reloaded before import = 0Number of asset objects unloaded after import = 0

========================================================================
Received Prepare
Assembly reference Packages/com.unity.cinemachine/Editor/Samples/ExposeHDRPInternals/HDRP-Editor-ref.asmref has no target assembly definition
Assembly reference Packages/com.unity.cinemachine/Editor/Samples/ExposeHDRPInternals/HDRP-Editor-ref.asmref has no target assembly definition
Begin MonoManager ReloadAssembly
[Licensing::Client] Successfully resolved entitlement details
- Loaded All Assemblies, in  0.752 seconds
Assembly reference Packages/com.unity.cinemachine/Editor/Samples/ExposeHDRPInternals/HDRP-Editor-ref.asmref has no target assembly definition
'Packages/com.unity.cinemachine/Editor/Obsolete/CinemachineVirtualCameraBaseEditor.cs' contains partial class of Unity.Object, exactly 1 of the partial classes needs to be in a file with the same filename. This is to know the one that can be referenced from ie. GameObjects
'Packages/com.unity.cinemachine/Editor/Editors/CinemachineVirtualCameraBaseEditor.cs' contains partial class of Unity.Object, exactly 1 of the partial classes needs to be in a file with the same filename. This is to know the one that can be referenced from ie. GameObjects
Refreshing native plugins compatible for Editor in 1.29 ms, found 3 plugins.
Native extension for WindowsStandalone target not found
Assembly reference Packages/com.unity.cinemachine/Editor/Samples/ExposeHDRPInternals/HDRP-Editor-ref.asmref has no target assembly definition
[Package Manager] Failed to launch server process. Reason: Unity was launched with the -noUpm command-line argument
[Package Manager] Unable to send message (not connected to server process).
[Package Manager] Cannot connect to Unity Package Manager local server
[Package Manager] Failed to launch server process. Reason: Unity was launched with the -noUpm command-line argument
[Package Manager] Unable to send message (not connected to server process).
[Package Manager] Cannot connect to Unity Package Manager local server
Mono: successfully reloaded assembly
- Finished resetting the current domain, in  0.753 seconds
Domain Reload Profiling: 1506ms
	BeginReloadAssembly (236ms)
		ExecutionOrderSort (0ms)
		DisableScriptedObjects (22ms)
		BackupInstance (0ms)
		ReleaseScriptingObjects (0ms)
		CreateAndSetChildDomain (65ms)
	RebuildCommonClasses (38ms)
	RebuildNativeTypeToScriptingClass (11ms)
	initialDomainReloadingComplete (31ms)
	LoadAllAssembliesAndSetupDomain (437ms)
		LoadAssemblies (338ms)
		RebuildTransferFunctionScriptingTraits (0ms)
		AnalyzeDomain (190ms)
			TypeCache.Refresh (7ms)
				TypeCache.ScanAssembly (0ms)
			BuildScriptInfoCaches (167ms)
			ResolveRequiredComponents (12ms)
	FinalizeReload (754ms)
		ReleaseScriptCaches (0ms)
		RebuildScriptCaches (0ms)
		SetupLoadedEditorAssemblies (595ms)
			LogAssemblyErrors (0ms)
			InitializePlatformSupportModulesInManaged (3ms)
			SetLoadedEditorAssemblies (6ms)
			BeforeProcessingInitializeOnLoad (130ms)
			ProcessInitializeOnLoadAttributes (398ms)
			ProcessInitializeOnLoadMethodAttributes (51ms)
			AfterProcessingInitializeOnLoad (6ms)
			EditorAssembliesLoaded (0ms)
		ExecutionOrderSort2 (0ms)
		AwakeInstancesAfterBackupRestoration (15ms)
Shader Hidden/ProbeVolume/VoxelizeScene is not supported: GPU does not support conservative rasterization
Refreshing native plugins compatible for Editor in 1.26 ms, found 3 plugins.
Preloading 0 native plugins for Editor in 0.00 ms.
Unloading 14 Unused Serialized files (Serialized files now loaded: 0)
Unloading 6559 unused Assets / (4.4 MB). Loaded Objects now: 7382.
Memory consumption went from 161.7 MB to 157.3 MB.
Total: 9.816700 ms (FindLiveObjects: 0.867300 ms CreateObjectMapping: 1.000300 ms MarkObjects: 5.455100 ms  DeleteObjects: 2.492800 ms)

Prepare: number of updated asset objects reloaded= 0
========================================================================
Received Prepare
Assembly reference Packages/com.unity.cinemachine/Editor/Samples/ExposeHDRPInternals/HDRP-Editor-ref.asmref has no target assembly definition
Assembly reference Packages/com.unity.cinemachine/Editor/Samples/ExposeHDRPInternals/HDRP-Editor-ref.asmref has no target assembly definition
Begin MonoManager ReloadAssembly
- Loaded All Assemblies, in  0.740 seconds
Assembly reference Packages/com.unity.cinemachine/Editor/Samples/ExposeHDRPInternals/HDRP-Editor-ref.asmref has no target assembly definition
'Packages/com.unity.cinemachine/Editor/Obsolete/CinemachineVirtualCameraBaseEditor.cs' contains partial class of Unity.Object, exactly 1 of the partial classes needs to be in a file with the same filename. This is to know the one that can be referenced from ie. GameObjects
'Packages/com.unity.cinemachine/Editor/Editors/CinemachineVirtualCameraBaseEditor.cs' contains partial class of Unity.Object, exactly 1 of the partial classes needs to be in a file with the same filename. This is to know the one that can be referenced from ie. GameObjects
Refreshing native plugins compatible for Editor in 1.13 ms, found 3 plugins.
Native extension for WindowsStandalone target not found
Assembly reference Packages/com.unity.cinemachine/Editor/Samples/ExposeHDRPInternals/HDRP-Editor-ref.asmref has no target assembly definition
[Package Manager] Failed to launch server process. Reason: Unity was launched with the -noUpm command-line argument
[Package Manager] Unable to send message (not connected to server process).
[Package Manager] Cannot connect to Unity Package Manager local server
[Package Manager] Failed to launch server process. Reason: Unity was launched with the -noUpm command-line argument
[Package Manager] Unable to send message (not connected to server process).
[Package Manager] Cannot connect to Unity Package Manager local server
Mono: successfully reloaded assembly
- Finished resetting the current domain, in  0.764 seconds
Domain Reload Profiling: 1506ms
	BeginReloadAssembly (210ms)
		ExecutionOrderSort (0ms)
		DisableScriptedObjects (6ms)
		BackupInstance (0ms)
		ReleaseScriptingObjects (0ms)
		CreateAndSetChildDomain (53ms)
	RebuildCommonClasses (36ms)
	RebuildNativeTypeToScriptingClass (11ms)
	initialDomainReloadingComplete (32ms)
	LoadAllAssembliesAndSetupDomain (452ms)
		LoadAssemblies (357ms)
		RebuildTransferFunctionScriptingTraits (0ms)
		AnalyzeDomain (190ms)
			TypeCache.Refresh (8ms)
				TypeCache.ScanAssembly (0ms)
			BuildScriptInfoCaches (165ms)
			ResolveRequiredComponents (12ms)
	FinalizeReload (764ms)
		ReleaseScriptCaches (0ms)
		RebuildScriptCaches (0ms)
		SetupLoadedEditorAssemblies (608ms)
			LogAssemblyErrors (0ms)
			InitializePlatformSupportModulesInManaged (3ms)
			SetLoadedEditorAssemblies (5ms)
			BeforeProcessingInitializeOnLoad (131ms)
			ProcessInitializeOnLoadAttributes (403ms)
			ProcessInitializeOnLoadMethodAttributes (60ms)
			AfterProcessingInitializeOnLoad (6ms)
			EditorAssembliesLoaded (0ms)
		ExecutionOrderSort2 (0ms)
		AwakeInstancesAfterBackupRestoration (17ms)
Shader Hidden/ProbeVolume/VoxelizeScene is not supported: GPU does not support conservative rasterization
Refreshing native plugins compatible for Editor in 1.51 ms, found 3 plugins.
Preloading 0 native plugins for Editor in 0.00 ms.
Unloading 14 Unused Serialized files (Serialized files now loaded: 0)
Unloading 6558 unused Assets / (4.8 MB). Loaded Objects now: 7385.
Memory consumption went from 161.6 MB to 156.8 MB.
Total: 9.188700 ms (FindLiveObjects: 0.693700 ms CreateObjectMapping: 0.440400 ms MarkObjects: 5.210700 ms  DeleteObjects: 2.842700 ms)

Prepare: number of updated asset objects reloaded= 0
========================================================================
Received Prepare
Assembly reference Packages/com.unity.cinemachine/Editor/Samples/ExposeHDRPInternals/HDRP-Editor-ref.asmref has no target assembly definition
Assembly reference Packages/com.unity.cinemachine/Editor/Samples/ExposeHDRPInternals/HDRP-Editor-ref.asmref has no target assembly definition
Begin MonoManager ReloadAssembly
[Licensing::Client] Successfully resolved entitlement details
- Loaded All Assemblies, in  0.741 seconds
Assembly reference Packages/com.unity.cinemachine/Editor/Samples/ExposeHDRPInternals/HDRP-Editor-ref.asmref has no target assembly definition
'Packages/com.unity.cinemachine/Editor/Obsolete/CinemachineVirtualCameraBaseEditor.cs' contains partial class of Unity.Object, exactly 1 of the partial classes needs to be in a file with the same filename. This is to know the one that can be referenced from ie. GameObjects
'Packages/com.unity.cinemachine/Editor/Editors/CinemachineVirtualCameraBaseEditor.cs' contains partial class of Unity.Object, exactly 1 of the partial classes needs to be in a file with the same filename. This is to know the one that can be referenced from ie. GameObjects
Refreshing native plugins compatible for Editor in 0.99 ms, found 3 plugins.
Native extension for WindowsStandalone target not found
Assembly reference Packages/com.unity.cinemachine/Editor/Samples/ExposeHDRPInternals/HDRP-Editor-ref.asmref has no target assembly definition
[Package Manager] Failed to launch server process. Reason: Unity was launched with the -noUpm command-line argument
[Package Manager] Unable to send message (not connected to server process).
[Package Manager] Cannot connect to Unity Package Manager local server
[Package Manager] Failed to launch server process. Reason: Unity was launched with the -noUpm command-line argument
[Package Manager] Unable to send message (not connected to server process).
[Package Manager] Cannot connect to Unity Package Manager local server
Mono: successfully reloaded assembly
- Finished resetting the current domain, in  0.795 seconds
Domain Reload Profiling: 1538ms
	BeginReloadAssembly (217ms)
		ExecutionOrderSort (0ms)
		DisableScriptedObjects (7ms)
		BackupInstance (0ms)
		ReleaseScriptingObjects (0ms)
		CreateAndSetChildDomain (55ms)
	RebuildCommonClasses (34ms)
	RebuildNativeTypeToScriptingClass (12ms)
	initialDomainReloadingComplete (30ms)
	LoadAllAssembliesAndSetupDomain (448ms)
		LoadAssemblies (357ms)
		RebuildTransferFunctionScriptingTraits (0ms)
		AnalyzeDomain (187ms)
			TypeCache.Refresh (8ms)
				TypeCache.ScanAssembly (0ms)
			BuildScriptInfoCaches (162ms)
			ResolveRequiredComponents (12ms)
	FinalizeReload (796ms)
		ReleaseScriptCaches (0ms)
		RebuildScriptCaches (0ms)
		SetupLoadedEditorAssemblies (634ms)
			LogAssemblyErrors (0ms)
			InitializePlatformSupportModulesInManaged (2ms)
			SetLoadedEditorAssemblies (6ms)
			BeforeProcessingInitializeOnLoad (128ms)
			ProcessInitializeOnLoadAttributes (423ms)
			ProcessInitializeOnLoadMethodAttributes (67ms)
			AfterProcessingInitializeOnLoad (7ms)
			EditorAssembliesLoaded (1ms)
		ExecutionOrderSort2 (0ms)
		AwakeInstancesAfterBackupRestoration (18ms)
Shader Hidden/ProbeVolume/VoxelizeScene is not supported: GPU does not support conservative rasterization
Refreshing native plugins compatible for Editor in 1.45 ms, found 3 plugins.
Preloading 0 native plugins for Editor in 0.00 ms.
Unloading 14 Unused Serialized files (Serialized files now loaded: 0)
Unloading 6558 unused Assets / (4.7 MB). Loaded Objects now: 7388.
Memory consumption went from 161.6 MB to 156.9 MB.
Total: 9.551600 ms (FindLiveObjects: 0.743000 ms CreateObjectMapping: 0.593500 ms MarkObjects: 4.963900 ms  DeleteObjects: 3.250200 ms)

Prepare: number of updated asset objects reloaded= 0
========================================================================
Received Import Request.
  Time since last request: 381.517398 seconds.
  path: Assets/Scenes/Menu.unity
  artifactKey: Guid(cc057d44e08710940950a88afb780ff9) Importer(815301076,1909f56bfc062723c751e8b465ee728b)
Start importing Assets/Scenes/Menu.unity using Guid(cc057d44e08710940950a88afb780ff9) Importer(815301076,1909f56bfc062723c751e8b465ee728b) (PreviewImporter) -> (artifact id: '7919e703fe3eab77138f9df2e918963f') in 0.0020898 seconds
Number of updated asset objects reloaded before import = 0Number of asset objects unloaded after import = 0

========================================================================
Received Prepare
Assembly reference Packages/com.unity.cinemachine/Editor/Samples/ExposeHDRPInternals/HDRP-Editor-ref.asmref has no target assembly definition
Assembly reference Packages/com.unity.cinemachine/Editor/Samples/ExposeHDRPInternals/HDRP-Editor-ref.asmref has no target assembly definition
Begin MonoManager ReloadAssembly
- Loaded All Assemblies, in  0.724 seconds
Assembly reference Packages/com.unity.cinemachine/Editor/Samples/ExposeHDRPInternals/HDRP-Editor-ref.asmref has no target assembly definition
'Packages/com.unity.cinemachine/Editor/Obsolete/CinemachineVirtualCameraBaseEditor.cs' contains partial class of Unity.Object, exactly 1 of the partial classes needs to be in a file with the same filename. This is to know the one that can be referenced from ie. GameObjects
'Packages/com.unity.cinemachine/Editor/Editors/CinemachineVirtualCameraBaseEditor.cs' contains partial class of Unity.Object, exactly 1 of the partial classes needs to be in a file with the same filename. This is to know the one that can be referenced from ie. GameObjects
Refreshing native plugins compatible for Editor in 1.02 ms, found 3 plugins.
Native extension for WindowsStandalone target not found
Assembly reference Packages/com.unity.cinemachine/Editor/Samples/ExposeHDRPInternals/HDRP-Editor-ref.asmref has no target assembly definition
[Package Manager] Failed to launch server process. Reason: Unity was launched with the -noUpm command-line argument
[Package Manager] Unable to send message (not connected to server process).
[Package Manager] Cannot connect to Unity Package Manager local server
[Package Manager] Failed to launch server process. Reason: Unity was launched with the -noUpm command-line argument
[Package Manager] Unable to send message (not connected to server process).
[Package Manager] Cannot connect to Unity Package Manager local server
Mono: successfully reloaded assembly
- Finished resetting the current domain, in  0.799 seconds
Domain Reload Profiling: 1524ms
	BeginReloadAssembly (209ms)
		ExecutionOrderSort (0ms)
		DisableScriptedObjects (6ms)
		BackupInstance (0ms)
		ReleaseScriptingObjects (0ms)
		CreateAndSetChildDomain (52ms)
	RebuildCommonClasses (35ms)
	RebuildNativeTypeToScriptingClass (12ms)
	initialDomainReloadingComplete (31ms)
	LoadAllAssembliesAndSetupDomain (438ms)
		LoadAssemblies (349ms)
		RebuildTransferFunctionScriptingTraits (0ms)
		AnalyzeDomain (183ms)
			TypeCache.Refresh (7ms)
				TypeCache.ScanAssembly (0ms)
			BuildScriptInfoCaches (160ms)
			ResolveRequiredComponents (11ms)
	FinalizeReload (800ms)
		ReleaseScriptCaches (0ms)
		RebuildScriptCaches (0ms)
		SetupLoadedEditorAssemblies (637ms)
			LogAssemblyErrors (0ms)
			InitializePlatformSupportModulesInManaged (2ms)
			SetLoadedEditorAssemblies (5ms)
			BeforeProcessingInitializeOnLoad (140ms)
			ProcessInitializeOnLoadAttributes (416ms)
			ProcessInitializeOnLoadMethodAttributes (67ms)
			AfterProcessingInitializeOnLoad (7ms)
			EditorAssembliesLoaded (0ms)
		ExecutionOrderSort2 (0ms)
		AwakeInstancesAfterBackupRestoration (17ms)
Shader Hidden/ProbeVolume/VoxelizeScene is not supported: GPU does not support conservative rasterization
Refreshing native plugins compatible for Editor in 1.32 ms, found 3 plugins.
Preloading 0 native plugins for Editor in 0.00 ms.
Unloading 14 Unused Serialized files (Serialized files now loaded: 0)
Unloading 6558 unused Assets / (4.6 MB). Loaded Objects now: 7391.
Memory consumption went from 161.7 MB to 157.0 MB.
Total: 9.732900 ms (FindLiveObjects: 0.728700 ms CreateObjectMapping: 0.462600 ms MarkObjects: 5.314900 ms  DeleteObjects: 3.225600 ms)

Prepare: number of updated asset objects reloaded= 0
========================================================================
Received Import Request.
  Time since last request: 45.965278 seconds.
  path: Assets/Scenes/Base.unity
  artifactKey: Guid(254a829404dc0af42a907974039c6254) Importer(815301076,1909f56bfc062723c751e8b465ee728b)
Start importing Assets/Scenes/Base.unity using Guid(254a829404dc0af42a907974039c6254) Importer(815301076,1909f56bfc062723c751e8b465ee728b) (PreviewImporter) -> (artifact id: 'fb5fbb79499c313ac26939e4a2055295') in 0.0026326 seconds
Number of updated asset objects reloaded before import = 0Number of asset objects unloaded after import = 0

========================================================================
Received Prepare
Assembly reference Packages/com.unity.cinemachine/Editor/Samples/ExposeHDRPInternals/HDRP-Editor-ref.asmref has no target assembly definition
Assembly reference Packages/com.unity.cinemachine/Editor/Samples/ExposeHDRPInternals/HDRP-Editor-ref.asmref has no target assembly definition
Begin MonoManager ReloadAssembly
[Licensing::Client] Successfully resolved entitlement details
- Loaded All Assemblies, in  1.004 seconds
Assembly reference Packages/com.unity.cinemachine/Editor/Samples/ExposeHDRPInternals/HDRP-Editor-ref.asmref has no target assembly definition
'Packages/com.unity.cinemachine/Editor/Obsolete/CinemachineVirtualCameraBaseEditor.cs' contains partial class of Unity.Object, exactly 1 of the partial classes needs to be in a file with the same filename. This is to know the one that can be referenced from ie. GameObjects
'Packages/com.unity.cinemachine/Editor/Editors/CinemachineVirtualCameraBaseEditor.cs' contains partial class of Unity.Object, exactly 1 of the partial classes needs to be in a file with the same filename. This is to know the one that can be referenced from ie. GameObjects
Refreshing native plugins compatible for Editor in 1.22 ms, found 3 plugins.
Native extension for WindowsStandalone target not found
Assembly reference Packages/com.unity.cinemachine/Editor/Samples/ExposeHDRPInternals/HDRP-Editor-ref.asmref has no target assembly definition
[Package Manager] Failed to launch server process. Reason: Unity was launched with the -noUpm command-line argument
[Package Manager] Unable to send message (not connected to server process).
[Package Manager] Cannot connect to Unity Package Manager local server
[Package Manager] Failed to launch server process. Reason: Unity was launched with the -noUpm command-line argument
[Package Manager] Unable to send message (not connected to server process).
[Package Manager] Cannot connect to Unity Package Manager local server
Mono: successfully reloaded assembly
- Finished resetting the current domain, in  0.779 seconds
Domain Reload Profiling: 1785ms
	BeginReloadAssembly (484ms)
		ExecutionOrderSort (0ms)
		DisableScriptedObjects (7ms)
		BackupInstance (0ms)
		ReleaseScriptingObjects (0ms)
		CreateAndSetChildDomain (57ms)
	RebuildCommonClasses (37ms)
	RebuildNativeTypeToScriptingClass (12ms)
	initialDomainReloadingComplete (32ms)
	LoadAllAssembliesAndSetupDomain (440ms)
		LoadAssemblies (587ms)
		RebuildTransferFunctionScriptingTraits (0ms)
		AnalyzeDomain (186ms)
			TypeCache.Refresh (7ms)
				TypeCache.ScanAssembly (0ms)
			BuildScriptInfoCaches (161ms)
			ResolveRequiredComponents (12ms)
	FinalizeReload (779ms)
		ReleaseScriptCaches (0ms)
		RebuildScriptCaches (0ms)
		SetupLoadedEditorAssemblies (610ms)
			LogAssemblyErrors (0ms)
			InitializePlatformSupportModulesInManaged (3ms)
			SetLoadedEditorAssemblies (7ms)
			BeforeProcessingInitializeOnLoad (142ms)
			ProcessInitializeOnLoadAttributes (393ms)
			ProcessInitializeOnLoadMethodAttributes (57ms)
			AfterProcessingInitializeOnLoad (8ms)
			EditorAssembliesLoaded (0ms)
		ExecutionOrderSort2 (0ms)
		AwakeInstancesAfterBackupRestoration (17ms)
Shader Hidden/ProbeVolume/VoxelizeScene is not supported: GPU does not support conservative rasterization
Refreshing native plugins compatible for Editor in 1.58 ms, found 3 plugins.
Preloading 0 native plugins for Editor in 0.00 ms.
Unloading 14 Unused Serialized files (Serialized files now loaded: 0)
Unloading 6558 unused Assets / (4.4 MB). Loaded Objects now: 7394.
Memory consumption went from 161.7 MB to 157.3 MB.
Total: 8.897200 ms (FindLiveObjects: 1.293700 ms CreateObjectMapping: 0.524900 ms MarkObjects: 4.621500 ms  DeleteObjects: 2.456200 ms)

Prepare: number of updated asset objects reloaded= 0
========================================================================
Received Import Request.
  Time since last request: 111.041775 seconds.
  path: Assets/si
  artifactKey: Guid(7c8015e59f69c674cb4532b3cc0fe45e) Importer(815301076,1909f56bfc062723c751e8b465ee728b)
Start importing Assets/si using Guid(7c8015e59f69c674cb4532b3cc0fe45e) Importer(815301076,1909f56bfc062723c751e8b465ee728b) (PreviewImporter) -> (artifact id: '863d7add809313f86670df6c8e99f2fc') in 0.0025058 seconds
Number of updated asset objects reloaded before import = 0Number of asset objects unloaded after import = 0

========================================================================
Received Import Request.
  Time since last request: 0.017216 seconds.
  path: Assets/si/caja.fbx
  artifactKey: Guid(b50a6c625ba52104cbbba3dca979722b) Importer(815301076,1909f56bfc062723c751e8b465ee728b)
Start importing Assets/si/caja.fbx using Guid(b50a6c625ba52104cbbba3dca979722b) Importer(815301076,1909f56bfc062723c751e8b465ee728b) (PreviewImporter) -> (artifact id: '5a787f63fa02862347e57cac58b0010f') in 0.6792164 seconds
Number of updated asset objects reloaded before import = 0Number of asset objects unloaded after import = 17

========================================================================
Received Import Request.
  Time since last request: 0.000061 seconds.
  path: Assets/si/edi_lejos.fbx
  artifactKey: Guid(7eb355aea32d18b4ebe45fb23cc90de4) Importer(815301076,1909f56bfc062723c751e8b465ee728b)
Start importing Assets/si/edi_lejos.fbx using Guid(7eb355aea32d18b4ebe45fb23cc90de4) Importer(815301076,1909f56bfc062723c751e8b465ee728b) (PreviewImporter) -> (artifact id: '6df55b5ea1d13bec22e37ae5b4eb4c41') in 0.0876263 seconds
Number of updated asset objects reloaded before import = 0Number of asset objects unloaded after import = 62

========================================================================
Received Import Request.
  Time since last request: 1.501885 seconds.
  path: Assets/Settings
  artifactKey: Guid(709f11a7f3c4041caa4ef136ea32d874) Importer(815301076,1909f56bfc062723c751e8b465ee728b)
Start importing Assets/Settings using Guid(709f11a7f3c4041caa4ef136ea32d874) Importer(815301076,1909f56bfc062723c751e8b465ee728b) (PreviewImporter) -> (artifact id: 'c4b47d252bc4e8d77fd6334abcf5e3e8') in 0.0005506 seconds
Number of updated asset objects reloaded before import = 0Number of asset objects unloaded after import = 0

========================================================================
Received Import Request.
  Time since last request: 0.005472 seconds.
  path: Assets/Settings/DefaultVolumeProfile.asset
  artifactKey: Guid(ab09877e2e707104187f6f83e2f62510) Importer(815301076,1909f56bfc062723c751e8b465ee728b)
Start importing Assets/Settings/DefaultVolumeProfile.asset using Guid(ab09877e2e707104187f6f83e2f62510) Importer(815301076,1909f56bfc062723c751e8b465ee728b) (PreviewImporter) -> (artifact id: '10528149371aefc32227726816d72a59') in 0.0007476 seconds
Number of updated asset objects reloaded before import = 0Number of asset objects unloaded after import = 0

========================================================================
Received Import Request.
  Time since last request: 0.000023 seconds.
  path: Assets/Settings/Mobile_Renderer.asset
  artifactKey: Guid(65bc7dbf4170f435aa868c779acfb082) Importer(815301076,1909f56bfc062723c751e8b465ee728b)
Start importing Assets/Settings/Mobile_Renderer.asset using Guid(65bc7dbf4170f435aa868c779acfb082) Importer(815301076,1909f56bfc062723c751e8b465ee728b) (PreviewImporter) -> (artifact id: 'd246be45d650b496251a8b2536b3002f') in 0.0014719 seconds
Number of updated asset objects reloaded before import = 0Number of asset objects unloaded after import = 1

========================================================================
Received Import Request.
  Time since last request: 0.000027 seconds.
  path: Assets/Settings/SampleSceneProfile.asset
  artifactKey: Guid(10fc4df2da32a41aaa32d77bc913491c) Importer(815301076,1909f56bfc062723c751e8b465ee728b)
Start importing Assets/Settings/SampleSceneProfile.asset using Guid(10fc4df2da32a41aaa32d77bc913491c) Importer(815301076,1909f56bfc062723c751e8b465ee728b) (PreviewImporter) -> (artifact id: 'b72c935079ba95563e246d02d57d535f') in 0.00129 seconds
Number of updated asset objects reloaded before import = 0Number of asset objects unloaded after import = 0

========================================================================
Received Import Request.
  Time since last request: 0.000034 seconds.
  path: Assets/Settings/UniversalRenderPipelineGlobalSettings.asset
  artifactKey: Guid(18dc0cd2c080841dea60987a38ce93fa) Importer(815301076,1909f56bfc062723c751e8b465ee728b)
Start importing Assets/Settings/UniversalRenderPipelineGlobalSettings.asset using Guid(18dc0cd2c080841dea60987a38ce93fa) Importer(815301076,1909f56bfc062723c751e8b465ee728b) (PreviewImporter) -> (artifact id: 'eea0c0caf9c14eb58b1154440bb58fee') in 0.0011444 seconds
Number of updated asset objects reloaded before import = 0Number of asset objects unloaded after import = 0

========================================================================
Received Import Request.
  Time since last request: 2.780802 seconds.
  path: Assets/TutorialInfo
  artifactKey: Guid(ba062aa6c92b140379dbc06b43dd3b9b) Importer(815301076,1909f56bfc062723c751e8b465ee728b)
Start importing Assets/TutorialInfo using Guid(ba062aa6c92b140379dbc06b43dd3b9b) Importer(815301076,1909f56bfc062723c751e8b465ee728b) (PreviewImporter) -> (artifact id: 'bd0ce3b9fb2b0078fcd59af112aef3b6') in 0.000551 seconds
Number of updated asset objects reloaded before import = 0Number of asset objects unloaded after import = 0

========================================================================
Received Import Request.
  Time since last request: 688.948018 seconds.
  path: Assets/Prefabs/Obstacles/SurveillanceCamera.prefab
  artifactKey: Guid(f19868f0b05104143b31c50931145ccc) Importer(2089858483,192608db42251d675da83286b1cce702)
Start importing Assets/Prefabs/Obstacles/SurveillanceCamera.prefab using Guid(f19868f0b05104143b31c50931145ccc) Importer(2089858483,192608db42251d675da83286b1cce702) (ScriptedImporter) -> (artifact id: 'd070121a6447088e905b9b061abcc00c') in 0.2928576 seconds
Number of updated asset objects reloaded before import = 0Number of asset objects unloaded after import = 8

========================================================================
Received Import Request.
  Time since last request: 0.000032 seconds.
  path: Assets/Fantasy Skybox FREE/Panoramics/FS003/FS003_Rainy.png
  artifactKey: Guid(ad211dc5ae928ef40b568736df2f62b0) Importer(2089858483,192608db42251d675da83286b1cce702)
Start importing Assets/Fantasy Skybox FREE/Panoramics/FS003/FS003_Rainy.png using Guid(ad211dc5ae928ef40b568736df2f62b0) Importer(2089858483,192608db42251d675da83286b1cce702) (ScriptedImporter) -> (artifact id: '726937093fcb5f20443981e7486d43e0') in 0.0938231 seconds
Number of updated asset objects reloaded before import = 0Number of asset objects unloaded after import = 1

========================================================================
Received Import Request.
  Time since last request: 0.000032 seconds.
  path: Assets/Fantasy Skybox FREE/Panoramics/FS002/FS002_Rainy.mat
  artifactKey: Guid(b5a27fa4b11bfb24cbc6daff3802c229) Importer(2089858483,192608db42251d675da83286b1cce702)
Start importing Assets/Fantasy Skybox FREE/Panoramics/FS002/FS002_Rainy.mat using Guid(b5a27fa4b11bfb24cbc6daff3802c229) Importer(2089858483,192608db42251d675da83286b1cce702) (ScriptedImporter) -> (artifact id: '89bf856d595dcced3ed62952bb33b0b1') in 0.1752009 seconds
Number of updated asset objects reloaded before import = 0Number of asset objects unloaded after import = 2

========================================================================
Received Import Request.
  Time since last request: 0.000026 seconds.
  path: Assets/NikolayFedorov/PBR_Tiled/Textures/Windows_atlas/Windows_Base_Color.tga
  artifactKey: Guid(28421cfe499692d4f93e651fd6761a0b) Importer(2089858483,192608db42251d675da83286b1cce702)
Start importing Assets/NikolayFedorov/PBR_Tiled/Textures/Windows_atlas/Windows_Base_Color.tga using Guid(28421cfe499692d4f93e651fd6761a0b) Importer(2089858483,192608db42251d675da83286b1cce702) (ScriptedImporter) -> (artifact id: 'd21665524e49fdc0a6aed2eedbf8883d') in 0.0205232 seconds
Number of updated asset objects reloaded before import = 0Number of asset objects unloaded after import = 1

========================================================================
Received Import Request.
  Time since last request: 0.000034 seconds.
  path: Assets/SpaceZeta_PlasticTrashBins/Demo Scene/BGMat.mat
  artifactKey: Guid(2f692c8d4b6c6af42becb4365d58fdf0) Importer(2089858483,192608db42251d675da83286b1cce702)
Start importing Assets/SpaceZeta_PlasticTrashBins/Demo Scene/BGMat.mat using Guid(2f692c8d4b6c6af42becb4365d58fdf0) Importer(2089858483,192608db42251d675da83286b1cce702) (ScriptedImporter) -> (artifact id: 'a8438b47b38b9870456191352552896c') in 0.016188 seconds
Number of updated asset objects reloaded before import = 0Number of asset objects unloaded after import = 1

========================================================================
Received Import Request.
  Time since last request: 0.000021 seconds.
  path: Assets/NikolayFedorov/OldVillage/SurvivalOldHouse01/Materials/SurvivalOldHouse01_model-05 - Default.mat
  artifactKey: Guid(cd70f445af1056e4d981d024dcc1b532) Importer(2089858483,192608db42251d675da83286b1cce702)
Start importing Assets/NikolayFedorov/OldVillage/SurvivalOldHouse01/Materials/SurvivalOldHouse01_model-05 - Default.mat using Guid(cd70f445af1056e4d981d024dcc1b532) Importer(2089858483,192608db42251d675da83286b1cce702) (ScriptedImporter) -> (artifact id: 'c8d443ca212943c717e3d588605f0e47') in 0.1195025 seconds
Number of updated asset objects reloaded before import = 0Number of asset objects unloaded after import = 1

========================================================================
Received Import Request.
  Time since last request: 0.000024 seconds.
  path: Assets/NikolayFedorov/OldVillage/SurvivalOldHouse01/Materials/door.mat
  artifactKey: Guid(3a2e89165f0eb934f9c0598baee888a2) Importer(2089858483,192608db42251d675da83286b1cce702)
Start importing Assets/NikolayFedorov/OldVillage/SurvivalOldHouse01/Materials/door.mat using Guid(3a2e89165f0eb934f9c0598baee888a2) Importer(2089858483,192608db42251d675da83286b1cce702) (ScriptedImporter) -> (artifact id: '95849fcb10b1fa745043d6ad421e727f') in 0.1266461 seconds
Number of updated asset objects reloaded before import = 0Number of asset objects unloaded after import = 4

========================================================================
Received Import Request.
  Time since last request: 0.000034 seconds.
  path: Assets/Scripts/SocksPowerUp.cs
  artifactKey: Guid(664a3af689bbebd4c83efec34181e4a9) Importer(2089858483,192608db42251d675da83286b1cce702)
Start importing Assets/Scripts/SocksPowerUp.cs using Guid(664a3af689bbebd4c83efec34181e4a9) Importer(2089858483,192608db42251d675da83286b1cce702) (ScriptedImporter) -> (artifact id: '0742d38ca55f78837d2ff3d3a939bd08') in 0.0130671 seconds
Number of updated asset objects reloaded before import = 0Number of asset objects unloaded after import = 0

========================================================================
Received Import Request.
  Time since last request: 0.000021 seconds.
  path: Assets/NikolayFedorov/PBR_Tiled/Textures/Wood/WoodPlanks05
  artifactKey: Guid(8bc3a10e7aca8444ab3c44621792d3be) Importer(2089858483,192608db42251d675da83286b1cce702)
Start importing Assets/NikolayFedorov/PBR_Tiled/Textures/Wood/WoodPlanks05 using Guid(8bc3a10e7aca8444ab3c44621792d3be) Importer(2089858483,192608db42251d675da83286b1cce702) (ScriptedImporter) -> (artifact id: 'e488ed6b60862b681dbb1df44520115e') in 0.0130662 seconds
Number of updated asset objects reloaded before import = 0Number of asset objects unloaded after import = 1

========================================================================
Received Import Request.
  Time since last request: 0.000021 seconds.
  path: Assets/Fantasy Skybox FREE/Cubemaps/Classic/FS000_Day_01_Sunless.png
  artifactKey: Guid(d6a64d96999aec647a489f7d73c1a4c6) Importer(2089858483,192608db42251d675da83286b1cce702)
Start importing Assets/Fantasy Skybox FREE/Cubemaps/Classic/FS000_Day_01_Sunless.png using Guid(d6a64d96999aec647a489f7d73c1a4c6) Importer(2089858483,192608db42251d675da83286b1cce702) (ScriptedImporter) -> (artifact id: '9b99ec0a6fd055619af3723ee3043f7e') in 0.0966304 seconds
Number of updated asset objects reloaded before import = 0Number of asset objects unloaded after import = 1

========================================================================
Received Import Request.
  Time since last request: 0.000025 seconds.
  path: Assets/DenysAlmaral/CityPeople/Textures/people_pal_s7.png
  artifactKey: Guid(450c758e512382a4380a0c97e1486fee) Importer(2089858483,192608db42251d675da83286b1cce702)
Start importing Assets/DenysAlmaral/CityPeople/Textures/people_pal_s7.png using Guid(450c758e512382a4380a0c97e1486fee) Importer(2089858483,192608db42251d675da83286b1cce702) (ScriptedImporter) -> (artifact id: 'c9890be217b65c4a30665af6c0f60be3') in 0.0274652 seconds
Number of updated asset objects reloaded before import = 0Number of asset objects unloaded after import = 1

========================================================================
Received Import Request.
  Time since last request: 0.000043 seconds.
  path: Assets/Fantasy Skybox FREE/Panoramics/FS017/FS017_Snowy.png
  artifactKey: Guid(787c830ffbe38b14a9c7bcf39669cdfe) Importer(2089858483,192608db42251d675da83286b1cce702)
Start importing Assets/Fantasy Skybox FREE/Panoramics/FS017/FS017_Snowy.png using Guid(787c830ffbe38b14a9c7bcf39669cdfe) Importer(2089858483,192608db42251d675da83286b1cce702) (ScriptedImporter) -> (artifact id: '25d800a3e7802d4d4033032d2781ec6e') in 0.1135643 seconds
Number of updated asset objects reloaded before import = 0Number of asset objects unloaded after import = 1

========================================================================
Received Import Request.
  Time since last request: 0.000022 seconds.
  path: Assets/Art/Animations/Ch46_nonPBR@Walking.fbx
  artifactKey: Guid(7bd55341a26b729499f5217bb7101da4) Importer(2089858483,192608db42251d675da83286b1cce702)
Start importing Assets/Art/Animations/Ch46_nonPBR@Walking.fbx using Guid(7bd55341a26b729499f5217bb7101da4) Importer(2089858483,192608db42251d675da83286b1cce702) (ScriptedImporter) -> (artifact id: 'a056464d73041cb7a0691ca2ec190681') in 0.0682207 seconds
Number of updated asset objects reloaded before import = 0Number of asset objects unloaded after import = 137

========================================================================
Received Import Request.
  Time since last request: 0.000028 seconds.
  path: Assets/DenysAlmaral/CityPeople/Animations/construction/ani_wtool_hammerUse.fbx
  artifactKey: Guid(9701ce458a465004bb292068d45d28eb) Importer(2089858483,192608db42251d675da83286b1cce702)
Start importing Assets/DenysAlmaral/CityPeople/Animations/construction/ani_wtool_hammerUse.fbx using Guid(9701ce458a465004bb292068d45d28eb) Importer(2089858483,192608db42251d675da83286b1cce702) (ScriptedImporter) -> (artifact id: '86ac2de7dc70d476c2f078fd5dfb78a3') in 0.3186643 seconds
Number of updated asset objects reloaded before import = 0Number of asset objects unloaded after import = 72

========================================================================
Received Import Request.
  Time since last request: 0.000042 seconds.
  path: Assets/DenysAlmaral/CityPeople/Prefabs/PROPS/dummy props/building_block_A.prefab
  artifactKey: Guid(68b8a65b331e82d4a90fbd2b0755e696) Importer(2089858483,192608db42251d675da83286b1cce702)
Start importing Assets/DenysAlmaral/CityPeople/Prefabs/PROPS/dummy props/building_block_A.prefab using Guid(68b8a65b331e82d4a90fbd2b0755e696) Importer(2089858483,192608db42251d675da83286b1cce702) (ScriptedImporter) -> (artifact id: '65e44e38029e1a3aa4f4f21b451dad48') in 0.1476818 seconds
Number of updated asset objects reloaded before import = 0Number of asset objects unloaded after import = 8

========================================================================
Received Import Request.
  Time since last request: 0.000022 seconds.
  path: Assets/Scripts/HidingSpot.cs
  artifactKey: Guid(67c9f66e5730e6d4390ad926b095ac80) Importer(2089858483,192608db42251d675da83286b1cce702)
Start importing Assets/Scripts/HidingSpot.cs using Guid(67c9f66e5730e6d4390ad926b095ac80) Importer(2089858483,192608db42251d675da83286b1cce702) (ScriptedImporter) -> (artifact id: '88d1f1365f984cf04f7c0afefb08c7f2') in 0.0116941 seconds
Number of updated asset objects reloaded before import = 0Number of asset objects unloaded after import = 0

========================================================================
Received Import Request.
  Time since last request: 0.000034 seconds.
  path: Assets/NikolayFedorov/PBR_Tiled/Textures/Wood/Wood_planks03
  artifactKey: Guid(1cb757d1c7363d84ca60f1e03ee5d819) Importer(2089858483,192608db42251d675da83286b1cce702)
Start importing Assets/NikolayFedorov/PBR_Tiled/Textures/Wood/Wood_planks03 using Guid(1cb757d1c7363d84ca60f1e03ee5d819) Importer(2089858483,192608db42251d675da83286b1cce702) (ScriptedImporter) -> (artifact id: '96fe027cb703c3c9df5426af721cd036') in 0.0120802 seconds
Number of updated asset objects reloaded before import = 0Number of asset objects unloaded after import = 1

========================================================================
Received Import Request.
  Time since last request: 0.000034 seconds.
  path: Assets/DenysAlmaral/CityPeople/Demo_Scenes
  artifactKey: Guid(cd064ab1efa24ab45a994433a58bd46d) Importer(2089858483,192608db42251d675da83286b1cce702)
Start importing Assets/DenysAlmaral/CityPeople/Demo_Scenes using Guid(cd064ab1efa24ab45a994433a58bd46d) Importer(2089858483,192608db42251d675da83286b1cce702) (ScriptedImporter) -> (artifact id: '4d132fd4ff0b3ec86616b5d737a340c5') in 0.0112343 seconds
Number of updated asset objects reloaded before import = 0Number of asset objects unloaded after import = 1

========================================================================
Received Import Request.
  Time since last request: 0.000021 seconds.
  path: Assets/NikolayFedorov/PBR_Tiled/Textures/Other/Soil01_Base_Color.tga
  artifactKey: Guid(ed6daef213fc899469cac425d35e862e) Importer(2089858483,192608db42251d675da83286b1cce702)
Start importing Assets/NikolayFedorov/PBR_Tiled/Textures/Other/Soil01_Base_Color.tga using Guid(ed6daef213fc899469cac425d35e862e) Importer(2089858483,192608db42251d675da83286b1cce702) (ScriptedImporter) -> (artifact id: '3fa52be57a95694963b98616dc5c5a2f') in 0.024447 seconds
Number of updated asset objects reloaded before import = 0Number of asset objects unloaded after import = 1

========================================================================
Received Import Request.
  Time since last request: 0.000024 seconds.
  path: Assets/Art/Animations/Stop Walking.fbx
  artifactKey: Guid(6cab1aa8e885c8b408112257a6afd59f) Importer(2089858483,192608db42251d675da83286b1cce702)
Start importing Assets/Art/Animations/Stop Walking.fbx using Guid(6cab1aa8e885c8b408112257a6afd59f) Importer(2089858483,192608db42251d675da83286b1cce702) (ScriptedImporter) -> (artifact id: '1b175b72e3cfbd85e637d2fd1de62aa1') in 0.0400575 seconds
Number of updated asset objects reloaded before import = 0Number of asset objects unloaded after import = 137

========================================================================
Received Import Request.
  Time since last request: 0.000036 seconds.
  path: Assets/DenysAlmaral/CityPeople/Meshes
  artifactKey: Guid(480fc46de3eadef4fb12210e3163714d) Importer(2089858483,192608db42251d675da83286b1cce702)
Start importing Assets/DenysAlmaral/CityPeople/Meshes using Guid(480fc46de3eadef4fb12210e3163714d) Importer(2089858483,192608db42251d675da83286b1cce702) (ScriptedImporter) -> (artifact id: 'a47274c05d40f956d8da113857648516') in 0.0105615 seconds
Number of updated asset objects reloaded before import = 0Number of asset objects unloaded after import = 1

========================================================================
Received Import Request.
  Time since last request: 0.000032 seconds.
  path: Assets/Prefabs/Resources/trash pile.prefab
  artifactKey: Guid(6ea43d5d77e49634fbf35e9884f9bb52) Importer(2089858483,192608db42251d675da83286b1cce702)
Start importing Assets/Prefabs/Resources/trash pile.prefab using Guid(6ea43d5d77e49634fbf35e9884f9bb52) Importer(2089858483,192608db42251d675da83286b1cce702) (ScriptedImporter) -> (artifact id: '94d4ac2e66075620735d466e3a4f94d9') in 0.0351654 seconds
Number of updated asset objects reloaded before import = 0Number of asset objects unloaded after import = 8

========================================================================
Received Import Request.
  Time since last request: 0.000022 seconds.
  path: Assets/Art/Character/Textures/Kurage_Outer_occlusion.png
  artifactKey: Guid(af23ed98547b4504287b169f739ad652) Importer(2089858483,192608db42251d675da83286b1cce702)
Start importing Assets/Art/Character/Textures/Kurage_Outer_occlusion.png using Guid(af23ed98547b4504287b169f739ad652) Importer(2089858483,192608db42251d675da83286b1cce702) (ScriptedImporter) -> (artifact id: '7c05cfaa422636222fc54d35c73f1e31') in 0.1329108 seconds
Number of updated asset objects reloaded before import = 0Number of asset objects unloaded after import = 1

========================================================================
Received Import Request.
  Time since last request: 0.000025 seconds.
  path: Assets/Fantasy Skybox FREE/Cubemaps/Classic/FS000_Night_02.png
  artifactKey: Guid(e60c8653c33d3da4d8f660c15214d3ac) Importer(2089858483,192608db42251d675da83286b1cce702)
Start importing Assets/Fantasy Skybox FREE/Cubemaps/Classic/FS000_Night_02.png using Guid(e60c8653c33d3da4d8f660c15214d3ac) Importer(2089858483,192608db42251d675da83286b1cce702) (ScriptedImporter) -> (artifact id: '09538e274f66ac72d186e4d9b90ee9af') in 0.0575722 seconds
Number of updated asset objects reloaded before import = 0Number of asset objects unloaded after import = 1

========================================================================
Received Import Request.
  Time since last request: 0.000045 seconds.
  path: Assets/Fantasy Skybox FREE/Scenes/Textures (Terrain)/TerrainDirt.terrainlayer
  artifactKey: Guid(d62e27a62f70e074eba77bbd9259e732) Importer(2089858483,192608db42251d675da83286b1cce702)
Start importing Assets/Fantasy Skybox FREE/Scenes/Textures (Terrain)/TerrainDirt.terrainlayer using Guid(d62e27a62f70e074eba77bbd9259e732) Importer(2089858483,192608db42251d675da83286b1cce702) (ScriptedImporter) -> (artifact id: 'e4459b53908425767a57dd55ad6110b2') in 0.4189732 seconds
Number of updated asset objects reloaded before import = 0Number of asset objects unloaded after import = 3

========================================================================
Received Import Request.
  Time since last request: 0.000048 seconds.
  path: Assets/Art/Character/Animations/Mot_Damage01.fbx
  artifactKey: Guid(5935b74d5103c4e45907aab3b5e9e2d8) Importer(2089858483,192608db42251d675da83286b1cce702)
Start importing Assets/Art/Character/Animations/Mot_Damage01.fbx using Guid(5935b74d5103c4e45907aab3b5e9e2d8) Importer(2089858483,192608db42251d675da83286b1cce702) (ScriptedImporter) -> (artifact id: 'eb3a7eec2126a93e9c866c6428fb3090') in 0.0617959 seconds
Number of updated asset objects reloaded before import = 0Number of asset objects unloaded after import = 233

========================================================================
Received Import Request.
  Time since last request: 0.000044 seconds.
  path: Assets/Fantasy Skybox FREE/Cubemaps/Classic/FS000_Day_04.mat
  artifactKey: Guid(1700716a8dd8948cf8c66ea34a2786d5) Importer(2089858483,192608db42251d675da83286b1cce702)
Start importing Assets/Fantasy Skybox FREE/Cubemaps/Classic/FS000_Day_04.mat using Guid(1700716a8dd8948cf8c66ea34a2786d5) Importer(2089858483,192608db42251d675da83286b1cce702) (ScriptedImporter) -> (artifact id: '4e30427029e7585703588fa217e6296b') in 0.0735971 seconds
Number of updated asset objects reloaded before import = 0Number of asset objects unloaded after import = 2

========================================================================
Received Import Request.
  Time since last request: 0.000020 seconds.
  path: Assets/Art/Character/Textures/HDR.exr
  artifactKey: Guid(c67ded51bdc296f46ac7c8be807e1662) Importer(2089858483,192608db42251d675da83286b1cce702)
Start importing Assets/Art/Character/Textures/HDR.exr using Guid(c67ded51bdc296f46ac7c8be807e1662) Importer(2089858483,192608db42251d675da83286b1cce702) (ScriptedImporter) -> (artifact id: '840ed42720a4326f6a3d428eda52419b') in 0.1747772 seconds
Number of updated asset objects reloaded before import = 0Number of asset objects unloaded after import = 1

========================================================================
Received Import Request.
  Time since last request: 0.000033 seconds.
  path: Assets/SpaceZeta_PlasticTrashBins/Materials/TrashbinGreen.mat
  artifactKey: Guid(9b519de37e5024c42a6d0e9986b50201) Importer(2089858483,192608db42251d675da83286b1cce702)
Start importing Assets/SpaceZeta_PlasticTrashBins/Materials/TrashbinGreen.mat using Guid(9b519de37e5024c42a6d0e9986b50201) Importer(2089858483,192608db42251d675da83286b1cce702) (ScriptedImporter) -> (artifact id: '5b42db15bdc02f3afec96862d62259b8') in 0.8838439 seconds
Number of updated asset objects reloaded before import = 0Number of asset objects unloaded after import = 5

========================================================================
Received Import Request.
  Time since last request: 0.000031 seconds.
  path: Assets/Art/Character/Textures/Kurage_Outer_specular.png
  artifactKey: Guid(bcaa7f06081054c4fa944e24f0018c6d) Importer(2089858483,192608db42251d675da83286b1cce702)
Start importing Assets/Art/Character/Textures/Kurage_Outer_specular.png using Guid(bcaa7f06081054c4fa944e24f0018c6d) Importer(2089858483,192608db42251d675da83286b1cce702) (ScriptedImporter) -> (artifact id: 'a71464b31037029c932cd51ffb7e4c2d') in 0.16012 seconds
Number of updated asset objects reloaded before import = 0Number of asset objects unloaded after import = 1

========================================================================
Received Import Request.
  Time since last request: 0.000025 seconds.
  path: Assets/DenysAlmaral/CityPeople/Meshes/PROPS/dummy props
  artifactKey: Guid(ac7510975b3971149b50bc9276843461) Importer(2089858483,192608db42251d675da83286b1cce702)
Start importing Assets/DenysAlmaral/CityPeople/Meshes/PROPS/dummy props using Guid(ac7510975b3971149b50bc9276843461) Importer(2089858483,192608db42251d675da83286b1cce702) (ScriptedImporter) -> (artifact id: 'ac313e791d157f2235a163ba5adf9e56') in 0.0191063 seconds
Number of updated asset objects reloaded before import = 0Number of asset objects unloaded after import = 1

========================================================================
Received Import Request.
  Time since last request: 0.000023 seconds.
  path: Assets/Art/Character/Animations/Mot_Walk01.fbx
  artifactKey: Guid(637e63c6801808446a4ac55f13a2d9ed) Importer(2089858483,192608db42251d675da83286b1cce702)
Start importing Assets/Art/Character/Animations/Mot_Walk01.fbx using Guid(637e63c6801808446a4ac55f13a2d9ed) Importer(2089858483,192608db42251d675da83286b1cce702) (ScriptedImporter) -> (artifact id: 'af9d6c23969465b687b905f8eb73f764') in 0.1419584 seconds
Number of updated asset objects reloaded before import = 0Number of asset objects unloaded after import = 233

========================================================================
Received Import Request.
  Time since last request: 0.000039 seconds.
  path: Assets/Fantasy Skybox FREE/Panoramics/FS002/FS002_Snowy.png
  artifactKey: Guid(0ffe8585761fae642bd4d7d85819a5f5) Importer(2089858483,192608db42251d675da83286b1cce702)
Start importing Assets/Fantasy Skybox FREE/Panoramics/FS002/FS002_Snowy.png using Guid(0ffe8585761fae642bd4d7d85819a5f5) Importer(2089858483,192608db42251d675da83286b1cce702) (ScriptedImporter) -> (artifact id: '36d0670996d264e7b4981f4f5ac429a0') in 0.136713 seconds
Number of updated asset objects reloaded before import = 0Number of asset objects unloaded after import = 1

========================================================================
Received Import Request.
  Time since last request: 0.000025 seconds.
  path: Assets/Art/Animations/X Bot@Dodging Back - Escapar de planta.fbx
  artifactKey: Guid(6dfca0b7b282a234ca5dcf7ff6fb037f) Importer(2089858483,192608db42251d675da83286b1cce702)
Start importing Assets/Art/Animations/X Bot@Dodging Back - Escapar de planta.fbx using Guid(6dfca0b7b282a234ca5dcf7ff6fb037f) Importer(2089858483,192608db42251d675da83286b1cce702) (ScriptedImporter) -> (artifact id: '751debc8bdd26b266909db8f3f30bf04') in 0.3291579 seconds
Number of updated asset objects reloaded before import = 0Number of asset objects unloaded after import = 147

========================================================================
Received Import Request.
  Time since last request: 0.000025 seconds.
  path: Assets/DenysAlmaral/CityPeople/Animations/locom_m_slowWalk_40f.fbx
  artifactKey: Guid(0c6daf1879bef5640b4cf41de422d655) Importer(2089858483,192608db42251d675da83286b1cce702)
Start importing Assets/DenysAlmaral/CityPeople/Animations/locom_m_slowWalk_40f.fbx using Guid(0c6daf1879bef5640b4cf41de422d655) Importer(2089858483,192608db42251d675da83286b1cce702) (ScriptedImporter) -> (artifact id: '7f8336fdededfc189d1c4c5fd77569dc') in 0.1171379 seconds
Number of updated asset objects reloaded before import = 0Number of asset objects unloaded after import = 72

========================================================================
Received Import Request.
  Time since last request: 0.000031 seconds.
  path: Assets/DenysAlmaral/CityPeople/Prefabs/tools/tool_screwdriver.prefab
  artifactKey: Guid(b7bcacfb2ab9cd9439c542af91e57cca) Importer(2089858483,192608db42251d675da83286b1cce702)
Start importing Assets/DenysAlmaral/CityPeople/Prefabs/tools/tool_screwdriver.prefab using Guid(b7bcacfb2ab9cd9439c542af91e57cca) Importer(2089858483,192608db42251d675da83286b1cce702) (ScriptedImporter) -> (artifact id: '5de285ffb3fc6f6b583b5b5a40f596a4') in 0.1966788 seconds
Number of updated asset objects reloaded before import = 0Number of asset objects unloaded after import = 8

========================================================================
Received Import Request.
  Time since last request: 0.000024 seconds.
  path: Assets/Art/Map/Materials
  artifactKey: Guid(8119b89db5e7aba4aa8b6a932aaac515) Importer(2089858483,192608db42251d675da83286b1cce702)
Start importing Assets/Art/Map/Materials using Guid(8119b89db5e7aba4aa8b6a932aaac515) Importer(2089858483,192608db42251d675da83286b1cce702) (ScriptedImporter) -> (artifact id: '4c908c7ad7a492e8fed39d8a20d7a8cb') in 0.0258297 seconds
Number of updated asset objects reloaded before import = 0Number of asset objects unloaded after import = 1

========================================================================
Received Import Request.
  Time since last request: 0.000042 seconds.
  path: Assets/NikolayFedorov/OldVillage/SurvivalOldHouse01/Materials/SurvivalOldHouse01_model-Window.mat
  artifactKey: Guid(729884ec2c76dc345adc2672d74ce302) Importer(2089858483,192608db42251d675da83286b1cce702)
Start importing Assets/NikolayFedorov/OldVillage/SurvivalOldHouse01/Materials/SurvivalOldHouse01_model-Window.mat using Guid(729884ec2c76dc345adc2672d74ce302) Importer(2089858483,192608db42251d675da83286b1cce702) (ScriptedImporter) -> (artifact id: '157e8f84ff298eb3f7b19e46e5237573') in 0.0658111 seconds
Number of updated asset objects reloaded before import = 0Number of asset objects unloaded after import = 1

========================================================================
Received Import Request.
  Time since last request: 0.000021 seconds.
  path: Assets/Art/Character/Textures/kurage_Skin_diffuse.png
  artifactKey: Guid(dacd189edce8c9f41b5272f50a5e46cb) Importer(2089858483,192608db42251d675da83286b1cce702)
Start importing Assets/Art/Character/Textures/kurage_Skin_diffuse.png using Guid(dacd189edce8c9f41b5272f50a5e46cb) Importer(2089858483,192608db42251d675da83286b1cce702) (ScriptedImporter) -> (artifact id: '3a3012b8231fbe9c65eb0d51816fd987') in 0.021145 seconds
Number of updated asset objects reloaded before import = 0Number of asset objects unloaded after import = 1

========================================================================
Received Import Request.
  Time since last request: 0.000030 seconds.
  path: Assets/DenysAlmaral/CityPeople/Materials/people_pal.mat
  artifactKey: Guid(c2de9ee12d731e14e93392e0a8046454) Importer(2089858483,192608db42251d675da83286b1cce702)
Start importing Assets/DenysAlmaral/CityPeople/Materials/people_pal.mat using Guid(c2de9ee12d731e14e93392e0a8046454) Importer(2089858483,192608db42251d675da83286b1cce702) (ScriptedImporter) -> (artifact id: '5cdb39b9f52a02c8a405812a6f6f2513') in 0.0853434 seconds
Number of updated asset objects reloaded before import = 0Number of asset objects unloaded after import = 3

========================================================================
Received Import Request.
  Time since last request: 0.000038 seconds.
  path: Assets/DenysAlmaral/CityPeople/Animations/locom_m_jogging_30f.fbx
  artifactKey: Guid(66fd1714b985d8c47806307c1442de96) Importer(2089858483,192608db42251d675da83286b1cce702)
Start importing Assets/DenysAlmaral/CityPeople/Animations/locom_m_jogging_30f.fbx using Guid(66fd1714b985d8c47806307c1442de96) Importer(2089858483,192608db42251d675da83286b1cce702) (ScriptedImporter) -> (artifact id: 'f00b564d001703de4d703984b41c308f') in 0.094514 seconds
Number of updated asset objects reloaded before import = 0Number of asset objects unloaded after import = 72

========================================================================
Received Import Request.
  Time since last request: 0.000053 seconds.
  path: Assets/Prefabs/Resources/ImageToStl.com_super_heavy_duty_square_trash.fbx
  artifactKey: Guid(415ecf285ae6bbd4688ac7d754e1ee46) Importer(2089858483,192608db42251d675da83286b1cce702)
Start importing Assets/Prefabs/Resources/ImageToStl.com_super_heavy_duty_square_trash.fbx using Guid(415ecf285ae6bbd4688ac7d754e1ee46) Importer(2089858483,192608db42251d675da83286b1cce702) (ScriptedImporter) -> (artifact id: '2b8c2f50bae3e1c25ef8ae03d766952f') in 0.055407 seconds
Number of updated asset objects reloaded before import = 0Number of asset objects unloaded after import = 17

========================================================================
Received Import Request.
  Time since last request: 0.000022 seconds.
  path: Assets/DenysAlmaral/CityPeople/Textures/people_pal_s10.png
  artifactKey: Guid(57ba63f0372def24e877040e427206a5) Importer(2089858483,192608db42251d675da83286b1cce702)
Start importing Assets/DenysAlmaral/CityPeople/Textures/people_pal_s10.png using Guid(57ba63f0372def24e877040e427206a5) Importer(2089858483,192608db42251d675da83286b1cce702) (ScriptedImporter) -> (artifact id: '346d91adac767e64e4faba3fa5a4bdf7') in 0.1444598 seconds
Number of updated asset objects reloaded before import = 0Number of asset objects unloaded after import = 1

========================================================================
Received Import Request.
  Time since last request: 0.000023 seconds.
  path: Assets/NikolayFedorov/PBR_Tiled/Textures/Wood/Wood_Bark01/plane_3_3_DefaultMaterial_MetallicSmoothness.tga
  artifactKey: Guid(fccc0d51ad5e3bc4a88330876f91a491) Importer(2089858483,192608db42251d675da83286b1cce702)
Start importing Assets/NikolayFedorov/PBR_Tiled/Textures/Wood/Wood_Bark01/plane_3_3_DefaultMaterial_MetallicSmoothness.tga using Guid(fccc0d51ad5e3bc4a88330876f91a491) Importer(2089858483,192608db42251d675da83286b1cce702) (ScriptedImporter) -> (artifact id: '122bd51c2a778cf3af2a164bd3fd7a4a') in 0.0220222 seconds
Number of updated asset objects reloaded before import = 0Number of asset objects unloaded after import = 1

========================================================================
Received Import Request.
  Time since last request: 0.000039 seconds.
  path: Assets/Fantasy Skybox FREE/Panoramics/FS002/FS002_Sunset.png
  artifactKey: Guid(88c4ef1770f6491408e50fd96829b1b6) Importer(2089858483,192608db42251d675da83286b1cce702)
Start importing Assets/Fantasy Skybox FREE/Panoramics/FS002/FS002_Sunset.png using Guid(88c4ef1770f6491408e50fd96829b1b6) Importer(2089858483,192608db42251d675da83286b1cce702) (ScriptedImporter) -> (artifact id: '7d9e3f7260be8e6655731749a8d56784') in 0.4794014 seconds
Number of updated asset objects reloaded before import = 0Number of asset objects unloaded after import = 1

========================================================================
Received Import Request.
  Time since last request: 0.000033 seconds.
  path: Assets/DenysAlmaral/CityPeople/Animations/dance_f_flossing_48f.fbx
  artifactKey: Guid(5b089a468d3d6a645a0194b9e381d959) Importer(2089858483,192608db42251d675da83286b1cce702)
Start importing Assets/DenysAlmaral/CityPeople/Animations/dance_f_flossing_48f.fbx using Guid(5b089a468d3d6a645a0194b9e381d959) Importer(2089858483,192608db42251d675da83286b1cce702) (ScriptedImporter) -> (artifact id: '51c3128d5a10b2d257bf49fb406ef2bb') in 0.4305358 seconds
Number of updated asset objects reloaded before import = 0Number of asset objects unloaded after import = 72

========================================================================
Received Import Request.
  Time since last request: 0.000042 seconds.
  path: Assets/DenysAlmaral/CityPeople/Materials/people_pal_s19.mat
  artifactKey: Guid(ed00d8d27abc09440b121cddf9012484) Importer(2089858483,192608db42251d675da83286b1cce702)
Start importing Assets/DenysAlmaral/CityPeople/Materials/people_pal_s19.mat using Guid(ed00d8d27abc09440b121cddf9012484) Importer(2089858483,192608db42251d675da83286b1cce702) (ScriptedImporter) -> (artifact id: '5912521710a5bc654bb83f466126bad7') in 0.0268154 seconds
Number of updated asset objects reloaded before import = 0Number of asset objects unloaded after import = 4

========================================================================
Received Import Request.
  Time since last request: 0.000023 seconds.
  path: Assets/Fantasy Skybox FREE/Panoramics/FS013/FS013_Snowy.png
  artifactKey: Guid(cd6e32b2b89313e4ba54e7fc07ea31f2) Importer(2089858483,192608db42251d675da83286b1cce702)
Start importing Assets/Fantasy Skybox FREE/Panoramics/FS013/FS013_Snowy.png using Guid(cd6e32b2b89313e4ba54e7fc07ea31f2) Importer(2089858483,192608db42251d675da83286b1cce702) (ScriptedImporter) -> (artifact id: 'e5e6727a3017351ef7d53463d870dd76') in 0.0721495 seconds
Number of updated asset objects reloaded before import = 0Number of asset objects unloaded after import = 1

========================================================================
Received Import Request.
  Time since last request: 0.000029 seconds.
  path: Assets/NikolayFedorov/PBR_Tiled/Textures/Roof/Roof_metall01/plane_3_3_DefaultMaterial_Normal.tga
  artifactKey: Guid(557441bc4a1efcc408c07d2cad051cfa) Importer(2089858483,192608db42251d675da83286b1cce702)
Start importing Assets/NikolayFedorov/PBR_Tiled/Textures/Roof/Roof_metall01/plane_3_3_DefaultMaterial_Normal.tga using Guid(557441bc4a1efcc408c07d2cad051cfa) Importer(2089858483,192608db42251d675da83286b1cce702) (ScriptedImporter) -> (artifact id: '62e87f89599441041b71f97014631afc') in 0.283926 seconds
Number of updated asset objects reloaded before import = 0Number of asset objects unloaded after import = 1

========================================================================
Received Import Request.
  Time since last request: 0.000036 seconds.
  path: Assets/NikolayFedorov/OldVillage/SurvivalOldHouse01
  artifactKey: Guid(7041741cf238e074e9a4b23064a19cd7) Importer(2089858483,192608db42251d675da83286b1cce702)
Start importing Assets/NikolayFedorov/OldVillage/SurvivalOldHouse01 using Guid(7041741cf238e074e9a4b23064a19cd7) Importer(2089858483,192608db42251d675da83286b1cce702) (ScriptedImporter) -> (artifact id: '5e6dfcaafa45dd91cbdfdd0916f6c40d') in 0.0122343 seconds
Number of updated asset objects reloaded before import = 0Number of asset objects unloaded after import = 1

========================================================================
Received Import Request.
  Time since last request: 0.000031 seconds.
  path: Assets/Fantasy Skybox FREE/Panoramics/FS002/FS002_Night_Moonless.mat
  artifactKey: Guid(1cc6e6796f833a94f94e6d794ca654c3) Importer(2089858483,192608db42251d675da83286b1cce702)
Start importing Assets/Fantasy Skybox FREE/Panoramics/FS002/FS002_Night_Moonless.mat using Guid(1cc6e6796f833a94f94e6d794ca654c3) Importer(2089858483,192608db42251d675da83286b1cce702) (ScriptedImporter) -> (artifact id: '4423abb4792b856b53ba99f7f12f299a') in 0.143724 seconds
Number of updated asset objects reloaded before import = 0Number of asset objects unloaded after import = 2

========================================================================
Received Import Request.
  Time since last request: 0.000025 seconds.
  path: Assets/Art/Character/Textures/Kurage_Gun01_diffuse.png
  artifactKey: Guid(bdb707f6d910b3345b1f067a187a7dc5) Importer(2089858483,192608db42251d675da83286b1cce702)
Start importing Assets/Art/Character/Textures/Kurage_Gun01_diffuse.png using Guid(bdb707f6d910b3345b1f067a187a7dc5) Importer(2089858483,192608db42251d675da83286b1cce702) (ScriptedImporter) -> (artifact id: '192ede6d8266d107e1807bad6314dba6') in 0.0503483 seconds
Number of updated asset objects reloaded before import = 0Number of asset objects unloaded after import = 1

========================================================================
Received Import Request.
  Time since last request: 0.000027 seconds.
  path: Assets/NikolayFedorov/OldVillage/SurvivalOldHouse01/Materials/SurvivalOldHouse01_model-04 - Default.mat
  artifactKey: Guid(6a49af25719acab47a32567f6fb51af3) Importer(2089858483,192608db42251d675da83286b1cce702)
Start importing Assets/NikolayFedorov/OldVillage/SurvivalOldHouse01/Materials/SurvivalOldHouse01_model-04 - Default.mat using Guid(6a49af25719acab47a32567f6fb51af3) Importer(2089858483,192608db42251d675da83286b1cce702) (ScriptedImporter) -> (artifact id: '895a1ced4cc3b8521b0cab3e5dfa3102') in 0.040708 seconds
Number of updated asset objects reloaded before import = 0Number of asset objects unloaded after import = 1

========================================================================
Received Import Request.
  Time since last request: 0.000097 seconds.
  path: Assets/Prefabs/Resources/Materials/M_o_trash1_baseColor.mat
  artifactKey: Guid(a32b3ba28b4d8754a859706ebd061003) Importer(2089858483,192608db42251d675da83286b1cce702)
Start importing Assets/Prefabs/Resources/Materials/M_o_trash1_baseColor.mat using Guid(a32b3ba28b4d8754a859706ebd061003) Importer(2089858483,192608db42251d675da83286b1cce702) (ScriptedImporter) -> (artifact id: 'f119b00af887aa0e3cf4095e0e688e37') in 0.0422091 seconds
Number of updated asset objects reloaded before import = 0Number of asset objects unloaded after import = 3

========================================================================
Received Import Request.
  Time since last request: 0.000026 seconds.
  path: Assets/DenysAlmaral/CityPeople/Demo_Scenes/Scripts
  artifactKey: Guid(96a84d35688f2674fa88dba3542e1b4d) Importer(2089858483,192608db42251d675da83286b1cce702)
Start importing Assets/DenysAlmaral/CityPeople/Demo_Scenes/Scripts using Guid(96a84d35688f2674fa88dba3542e1b4d) Importer(2089858483,192608db42251d675da83286b1cce702) (ScriptedImporter) -> (artifact id: '6d3f17f7db7c511a4f4147cfdbe8eabe') in 0.010788 seconds
Number of updated asset objects reloaded before import = 0Number of asset objects unloaded after import = 1

========================================================================
Received Import Request.
  Time since last request: 0.000046 seconds.
  path: Assets/Fantasy Skybox FREE/Panoramics/FS003/FS003_Rainy.mat
  artifactKey: Guid(e0a21ebc98cee4e46bbae873ec0be703) Importer(2089858483,192608db42251d675da83286b1cce702)
Start importing Assets/Fantasy Skybox FREE/Panoramics/FS003/FS003_Rainy.mat using Guid(e0a21ebc98cee4e46bbae873ec0be703) Importer(2089858483,192608db42251d675da83286b1cce702) (ScriptedImporter) -> (artifact id: '9447a4812a32412132f92a846534e4be') in 0.0601378 seconds
Number of updated asset objects reloaded before import = 0Number of asset objects unloaded after import = 2

========================================================================
Received Import Request.
  Time since last request: 0.000027 seconds.
  path: Assets/Art/Character/Animations/Mot_WalkLeft.fbx
  artifactKey: Guid(77a6f6f34789692459132878db07dfca) Importer(2089858483,192608db42251d675da83286b1cce702)
Start importing Assets/Art/Character/Animations/Mot_WalkLeft.fbx using Guid(77a6f6f34789692459132878db07dfca) Importer(2089858483,192608db42251d675da83286b1cce702) (ScriptedImporter) -> (artifact id: 'ea0c903f1caf8800cde85f1008f3c009') in 0.1159119 seconds
Number of updated asset objects reloaded before import = 0Number of asset objects unloaded after import = 233

========================================================================
Received Import Request.
  Time since last request: 0.000047 seconds.
  path: Assets/Fantasy Skybox FREE/Panoramics/FS003/FS003_Night_Moonless.png
  artifactKey: Guid(6185794ad33085a4a9f8446781cb8f15) Importer(2089858483,192608db42251d675da83286b1cce702)
Start importing Assets/Fantasy Skybox FREE/Panoramics/FS003/FS003_Night_Moonless.png using Guid(6185794ad33085a4a9f8446781cb8f15) Importer(2089858483,192608db42251d675da83286b1cce702) (ScriptedImporter) -> (artifact id: 'cc46b5c5c6f6fc6608a33487d3eb2e8d') in 0.22917 seconds
Number of updated asset objects reloaded before import = 0Number of asset objects unloaded after import = 1

========================================================================
Received Import Request.
  Time since last request: 0.000034 seconds.
  path: Assets/NikolayFedorov/OldVillage/SurvivalOldHouse01/Materials/SurvivalOldHouse01_model-08 - Default.mat
  artifactKey: Guid(1289800a158d4f14dac56b420bfed6b3) Importer(2089858483,192608db42251d675da83286b1cce702)
Start importing Assets/NikolayFedorov/OldVillage/SurvivalOldHouse01/Materials/SurvivalOldHouse01_model-08 - Default.mat using Guid(1289800a158d4f14dac56b420bfed6b3) Importer(2089858483,192608db42251d675da83286b1cce702) (ScriptedImporter) -> (artifact id: '46db03b52c600e22f7dc2a8d8416ce42') in 0.1108311 seconds
Number of updated asset objects reloaded before import = 0Number of asset objects unloaded after import = 2

========================================================================
Received Import Request.
  Time since last request: 0.000042 seconds.
  path: Assets/Fantasy Skybox FREE/Cubemaps/Classic/Materials
  artifactKey: Guid(c6179f1c11e69704d8e5f37f0cd4eb4d) Importer(2089858483,192608db42251d675da83286b1cce702)
Start importing Assets/Fantasy Skybox FREE/Cubemaps/Classic/Materials using Guid(c6179f1c11e69704d8e5f37f0cd4eb4d) Importer(2089858483,192608db42251d675da83286b1cce702) (ScriptedImporter) -> (artifact id: '35fb86372582a3d1a70662baa4cc86c1') in 0.0110581 seconds
Number of updated asset objects reloaded before import = 0Number of asset objects unloaded after import = 1

========================================================================
Received Import Request.
  Time since last request: 0.000023 seconds.
  path: Assets/Art/Character/Models/Materials/Kurage_Shoes01_diffuse.mat
  artifactKey: Guid(2eb74701be428604bb0efaa11ac031f2) Importer(2089858483,192608db42251d675da83286b1cce702)
Start importing Assets/Art/Character/Models/Materials/Kurage_Shoes01_diffuse.mat using Guid(2eb74701be428604bb0efaa11ac031f2) Importer(2089858483,192608db42251d675da83286b1cce702) (ScriptedImporter) -> (artifact id: '8b4dbbee5fdabaedda3c8ebda0fd11dd') in 0.8273451 seconds
Number of updated asset objects reloaded before import = 0Number of asset objects unloaded after import = 5

========================================================================
Received Import Request.
  Time since last request: 0.000026 seconds.
  path: Assets/DenysAlmaral/CityPeople/Textures/disaProps.png
  artifactKey: Guid(d0d02ea41cc02614c9c24e7004e00ba2) Importer(2089858483,192608db42251d675da83286b1cce702)
Start importing Assets/DenysAlmaral/CityPeople/Textures/disaProps.png using Guid(d0d02ea41cc02614c9c24e7004e00ba2) Importer(2089858483,192608db42251d675da83286b1cce702) (ScriptedImporter) -> (artifact id: '66d11c3e605990fa5fcb5a83639a4e67') in 0.1234883 seconds
Number of updated asset objects reloaded before import = 0Number of asset objects unloaded after import = 1

========================================================================
Received Import Request.
  Time since last request: 0.000041 seconds.
  path: Assets/Fantasy Skybox FREE/Cubemaps/Classic/FS000_Night_02.mat
  artifactKey: Guid(8202c457dff32486ba5ae1f2f548d983) Importer(2089858483,192608db42251d675da83286b1cce702)
Start importing Assets/Fantasy Skybox FREE/Cubemaps/Classic/FS000_Night_02.mat using Guid(8202c457dff32486ba5ae1f2f548d983) Importer(2089858483,192608db42251d675da83286b1cce702) (ScriptedImporter) -> (artifact id: '1de57c6051392a34969595c1d88bc1f3') in 0.1269126 seconds
Number of updated asset objects reloaded before import = 0Number of asset objects unloaded after import = 2

========================================================================
Received Import Request.
  Time since last request: 0.000023 seconds.
  path: Assets/SpaceZeta_PlasticTrashBins/Materials/TrashbinRed_basecolor.png
  artifactKey: Guid(e81b3bdbad2fb4a47b66056b7bd1762c) Importer(2089858483,192608db42251d675da83286b1cce702)
Start importing Assets/SpaceZeta_PlasticTrashBins/Materials/TrashbinRed_basecolor.png using Guid(e81b3bdbad2fb4a47b66056b7bd1762c) Importer(2089858483,192608db42251d675da83286b1cce702) (ScriptedImporter) -> (artifact id: '7d0f18a029ca379b816e62276569ecee') in 0.1150852 seconds
Number of updated asset objects reloaded before import = 0Number of asset objects unloaded after import = 1

========================================================================
Received Import Request.
  Time since last request: 0.000025 seconds.
  path: Assets/Fantasy Skybox FREE/Panoramics/FS002/FS002_Rainy.png
  artifactKey: Guid(9183c8173b34a5741a60673a672347cb) Importer(2089858483,192608db42251d675da83286b1cce702)
Start importing Assets/Fantasy Skybox FREE/Panoramics/FS002/FS002_Rainy.png using Guid(9183c8173b34a5741a60673a672347cb) Importer(2089858483,192608db42251d675da83286b1cce702) (ScriptedImporter) -> (artifact id: '7544778912275c832be18e12a6fa1d80') in 0.0187717 seconds
Number of updated asset objects reloaded before import = 0Number of asset objects unloaded after import = 1

========================================================================
Received Import Request.
  Time since last request: 0.000031 seconds.
  path: Assets/Prefabs/Enemies/Warden.prefab
  artifactKey: Guid(c91ff38c9ddb8f840bf58af401315c38) Importer(2089858483,192608db42251d675da83286b1cce702)
Start importing Assets/Prefabs/Enemies/Warden.prefab using Guid(c91ff38c9ddb8f840bf58af401315c38) Importer(2089858483,192608db42251d675da83286b1cce702) (ScriptedImporter) -> (artifact id: 'f8d0b71a2c2ad91068a33a9f4aa032ee') in 0.0989785 seconds
Number of updated asset objects reloaded before import = 0Number of asset objects unloaded after import = 78

========================================================================
Received Import Request.
  Time since last request: 0.000027 seconds.
  path: Assets/Art/Character/Textures/Kurage_Shoes01_diffuse.png
  artifactKey: Guid(e08c3fef5664b6c498f0bd31db195bac) Importer(2089858483,192608db42251d675da83286b1cce702)
Start importing Assets/Art/Character/Textures/Kurage_Shoes01_diffuse.png using Guid(e08c3fef5664b6c498f0bd31db195bac) Importer(2089858483,192608db42251d675da83286b1cce702) (ScriptedImporter) -> (artifact id: 'ad48d1b604422c1a80d22f214bc7a08f') in 0.0172692 seconds
Number of updated asset objects reloaded before import = 0Number of asset objects unloaded after import = 1

========================================================================
Received Import Request.
  Time since last request: 0.000030 seconds.
  path: Assets/DenysAlmaral/CityPeople/Textures
  artifactKey: Guid(fb3831adf2f5da0499f1060bd29fd0f3) Importer(2089858483,192608db42251d675da83286b1cce702)
Start importing Assets/DenysAlmaral/CityPeople/Textures using Guid(fb3831adf2f5da0499f1060bd29fd0f3) Importer(2089858483,192608db42251d675da83286b1cce702) (ScriptedImporter) -> (artifact id: '917b8deed855e84bd038332c35b6a9fe') in 0.010641 seconds
Number of updated asset objects reloaded before import = 0Number of asset objects unloaded after import = 1

========================================================================
Received Import Request.
  Time since last request: 0.000033 seconds.
  path: Assets/NikolayFedorov/OldVillage
  artifactKey: Guid(40c60557eb855874280fbe36b52e2f82) Importer(2089858483,192608db42251d675da83286b1cce702)
Start importing Assets/NikolayFedorov/OldVillage using Guid(40c60557eb855874280fbe36b52e2f82) Importer(2089858483,192608db42251d675da83286b1cce702) (ScriptedImporter) -> (artifact id: 'bf8bb9209c0cc569bc502778a2e5f87f') in 0.0103244 seconds
Number of updated asset objects reloaded before import = 0Number of asset objects unloaded after import = 1

========================================================================
Received Import Request.
  Time since last request: 0.000030 seconds.
  path: Assets/NikolayFedorov/PBR_Tiled/OtherMaterials
  artifactKey: Guid(ae222ee6bfa63914e893602608f0fe9b) Importer(2089858483,192608db42251d675da83286b1cce702)
Start importing Assets/NikolayFedorov/PBR_Tiled/OtherMaterials using Guid(ae222ee6bfa63914e893602608f0fe9b) Importer(2089858483,192608db42251d675da83286b1cce702) (ScriptedImporter) -> (artifact id: 'd7c4106097a4f847d633c9ed2774c714') in 0.0117845 seconds
Number of updated asset objects reloaded before import = 0Number of asset objects unloaded after import = 1

========================================================================
Received Import Request.
  Time since last request: 0.000023 seconds.
  path: Assets/Fantasy Skybox FREE/Scenes/Textures (Lightmaps)/Lightmap-0_comp_light.exr
  artifactKey: Guid(ad84e82e3cb160f4c8b52d5818e9150d) Importer(2089858483,192608db42251d675da83286b1cce702)
Start importing Assets/Fantasy Skybox FREE/Scenes/Textures (Lightmaps)/Lightmap-0_comp_light.exr using Guid(ad84e82e3cb160f4c8b52d5818e9150d) Importer(2089858483,192608db42251d675da83286b1cce702) (ScriptedImporter) -> (artifact id: 'ca3b70cce94d686cd04a0c587db175b3') in 0.0928119 seconds
Number of updated asset objects reloaded before import = 0Number of asset objects unloaded after import = 1

========================================================================
Received Import Request.
  Time since last request: 0.000022 seconds.
  path: Assets/DenysAlmaral/CityPeople/Textures/const_tools_metal_gloss.png
  artifactKey: Guid(569533d401e0375498985689d2eb0d95) Importer(2089858483,192608db42251d675da83286b1cce702)
Start importing Assets/DenysAlmaral/CityPeople/Textures/const_tools_metal_gloss.png using Guid(569533d401e0375498985689d2eb0d95) Importer(2089858483,192608db42251d675da83286b1cce702) (ScriptedImporter) -> (artifact id: 'afdf1e176b48ce8a4a694359925c5153') in 0.067521 seconds
Number of updated asset objects reloaded before import = 0Number of asset objects unloaded after import = 1

========================================================================
Received Import Request.
  Time since last request: 0.000040 seconds.
  path: Assets/Prefabs/Enemies/GuardDog.prefab
  artifactKey: Guid(4109492cbd292764aa394da23de840e1) Importer(2089858483,192608db42251d675da83286b1cce702)
Start importing Assets/Prefabs/Enemies/GuardDog.prefab using Guid(4109492cbd292764aa394da23de840e1) Importer(2089858483,192608db42251d675da83286b1cce702) (ScriptedImporter) -> (artifact id: '05061af2470dd0564b60059d8e6ae70e') in 0.0784746 seconds
Number of updated asset objects reloaded before import = 0Number of asset objects unloaded after import = 9

========================================================================
Received Import Request.
  Time since last request: 0.000024 seconds.
  path: Assets/Scripts/GloverPowerUp.cs
  artifactKey: Guid(d3bac01cb7fc65843859a78b9dad051b) Importer(2089858483,192608db42251d675da83286b1cce702)
Start importing Assets/Scripts/GloverPowerUp.cs using Guid(d3bac01cb7fc65843859a78b9dad051b) Importer(2089858483,192608db42251d675da83286b1cce702) (ScriptedImporter) -> (artifact id: '9f944f8a097d4b65f89c81356cd0cba0') in 0.0127473 seconds
Number of updated asset objects reloaded before import = 0Number of asset objects unloaded after import = 0

========================================================================
Received Import Request.
  Time since last request: 0.000023 seconds.
  path: Assets/DenysAlmaral/CityPeople/Animations/City M Animator.controller
  artifactKey: Guid(62283de8ca021c34aa5e61353fb9a6f4) Importer(2089858483,192608db42251d675da83286b1cce702)
Start importing Assets/DenysAlmaral/CityPeople/Animations/City M Animator.controller using Guid(62283de8ca021c34aa5e61353fb9a6f4) Importer(2089858483,192608db42251d675da83286b1cce702) (ScriptedImporter) -> (artifact id: '63b9c1a0cbceeebdc16834b48cd3f98f') in 0.5459061 seconds
Number of updated asset objects reloaded before import = 0Number of asset objects unloaded after import = 14

========================================================================
Received Import Request.
  Time since last request: 0.000030 seconds.
  path: Assets/Fantasy Skybox FREE/Panoramics/FS002/FS002_Sunset.mat
  artifactKey: Guid(44d0573bf6d91e447b62f3aff840f2ae) Importer(2089858483,192608db42251d675da83286b1cce702)
Start importing Assets/Fantasy Skybox FREE/Panoramics/FS002/FS002_Sunset.mat using Guid(44d0573bf6d91e447b62f3aff840f2ae) Importer(2089858483,192608db42251d675da83286b1cce702) (ScriptedImporter) -> (artifact id: '42074fc51b9a1f5dee8c794e34da1c15') in 0.0832302 seconds
Number of updated asset objects reloaded before import = 0Number of asset objects unloaded after import = 2

========================================================================
Received Import Request.
  Time since last request: 0.000030 seconds.
  path: Assets/Fantasy Skybox FREE/Panoramics/FS003/FS003_Day_Sunless.mat
  artifactKey: Guid(0f1401d983cde1c49a7f687a57e62c5a) Importer(2089858483,192608db42251d675da83286b1cce702)
Start importing Assets/Fantasy Skybox FREE/Panoramics/FS003/FS003_Day_Sunless.mat using Guid(0f1401d983cde1c49a7f687a57e62c5a) Importer(2089858483,192608db42251d675da83286b1cce702) (ScriptedImporter) -> (artifact id: 'b67f83664dded20996875fca83da6778') in 0.1258982 seconds
Number of updated asset objects reloaded before import = 0Number of asset objects unloaded after import = 2

========================================================================
Received Import Request.
  Time since last request: 0.000022 seconds.
  path: Assets/Fantasy Skybox FREE/Panoramics/FS013/FS013_Night_Moonless.mat
  artifactKey: Guid(56c9ed5ee739a324e8d8bdb9613f4890) Importer(2089858483,192608db42251d675da83286b1cce702)
Start importing Assets/Fantasy Skybox FREE/Panoramics/FS013/FS013_Night_Moonless.mat using Guid(56c9ed5ee739a324e8d8bdb9613f4890) Importer(2089858483,192608db42251d675da83286b1cce702) (ScriptedImporter) -> (artifact id: '38f667a1fed6dd125c336b5d3b436906') in 0.1006588 seconds
Number of updated asset objects reloaded before import = 0Number of asset objects unloaded after import = 2

========================================================================
Received Import Request.
  Time since last request: 0.000045 seconds.
  path: Assets/NikolayFedorov/OldVillage/SurvivalOldHouse01/SurvivalOldHouse01_DemoSettings.lighting
  artifactKey: Guid(8ade48875afa8924091fdbfeb7dc52cf) Importer(2089858483,192608db42251d675da83286b1cce702)
Start importing Assets/NikolayFedorov/OldVillage/SurvivalOldHouse01/SurvivalOldHouse01_DemoSettings.lighting using Guid(8ade48875afa8924091fdbfeb7dc52cf) Importer(2089858483,192608db42251d675da83286b1cce702) (ScriptedImporter) -> (artifact id: '8d3ee83ec102ed338ea3a83834ae0c5b') in 0.0564948 seconds
Number of updated asset objects reloaded before import = 0Number of asset objects unloaded after import = 1

========================================================================
Received Import Request.
  Time since last request: 0.000053 seconds.
  path: Assets/DenysAlmaral/CityPeople/Animations/Tpose_lpMale_rig.FBX
  artifactKey: Guid(379bbfa8110786c49953a0e1575f1f7c) Importer(2089858483,192608db42251d675da83286b1cce702)
Start importing Assets/DenysAlmaral/CityPeople/Animations/Tpose_lpMale_rig.FBX using Guid(379bbfa8110786c49953a0e1575f1f7c) Importer(2089858483,192608db42251d675da83286b1cce702) (ScriptedImporter) -> (artifact id: '674874250ae75e798e8591d788b761fe') in 0.0501291 seconds
Number of updated asset objects reloaded before import = 0Number of asset objects unloaded after import = 89

========================================================================
Received Import Request.
  Time since last request: 0.000024 seconds.
  path: Assets/DenysAlmaral/CityPeople/Meshes/elder
  artifactKey: Guid(dae8f12fe446f7c4aba0adc894215fc1) Importer(2089858483,192608db42251d675da83286b1cce702)
Start importing Assets/DenysAlmaral/CityPeople/Meshes/elder using Guid(dae8f12fe446f7c4aba0adc894215fc1) Importer(2089858483,192608db42251d675da83286b1cce702) (ScriptedImporter) -> (artifact id: '85dbd8d1ac97a7cec0ab35dfb7373e3f') in 0.0102305 seconds
Number of updated asset objects reloaded before import = 0Number of asset objects unloaded after import = 1

========================================================================
Received Import Request.
  Time since last request: 0.000019 seconds.
  path: Assets/DenysAlmaral/CityPeople/Meshes/elder/elder_Female_A.fbx
  artifactKey: Guid(e9603e7a3938b4e47abbb7121bcbae61) Importer(2089858483,192608db42251d675da83286b1cce702)
Start importing Assets/DenysAlmaral/CityPeople/Meshes/elder/elder_Female_A.fbx using Guid(e9603e7a3938b4e47abbb7121bcbae61) Importer(2089858483,192608db42251d675da83286b1cce702) (ScriptedImporter) -> (artifact id: 'a1632eb3a93ce61280b8813b42fe5ac4') in 0.0907631 seconds
Number of updated asset objects reloaded before import = 0Number of asset objects unloaded after import = 80

========================================================================
Received Import Request.
  Time since last request: 0.000027 seconds.
  path: Assets/NikolayFedorov/PBR_Tiled/Textures/Windows_atlas
  artifactKey: Guid(69488bf7759eabd4b8acc2f493326aba) Importer(2089858483,192608db42251d675da83286b1cce702)
Start importing Assets/NikolayFedorov/PBR_Tiled/Textures/Windows_atlas using Guid(69488bf7759eabd4b8acc2f493326aba) Importer(2089858483,192608db42251d675da83286b1cce702) (ScriptedImporter) -> (artifact id: 'bf279d69872e109be7b86fddfc477281') in 0.0474554 seconds
Number of updated asset objects reloaded before import = 0Number of asset objects unloaded after import = 1

========================================================================
Received Import Request.
  Time since last request: 0.000053 seconds.
  path: Assets/DenysAlmaral/CityPeople/Animations/dance_riverdance_60f.fbx
  artifactKey: Guid(2b09ecb342007ee4eabc8f6f51366e23) Importer(2089858483,192608db42251d675da83286b1cce702)
Start importing Assets/DenysAlmaral/CityPeople/Animations/dance_riverdance_60f.fbx using Guid(2b09ecb342007ee4eabc8f6f51366e23) Importer(2089858483,192608db42251d675da83286b1cce702) (ScriptedImporter) -> (artifact id: '81635c673ff3921801c9e0d34a819138') in 0.2898223 seconds
Number of updated asset objects reloaded before import = 0Number of asset objects unloaded after import = 88

========================================================================
Received Import Request.
  Time since last request: 0.000039 seconds.
  path: Assets/NikolayFedorov/PBR_Tiled/Textures
  artifactKey: Guid(3fde7c175911e524f809e099bcac5d6e) Importer(2089858483,192608db42251d675da83286b1cce702)
Start importing Assets/NikolayFedorov/PBR_Tiled/Textures using Guid(3fde7c175911e524f809e099bcac5d6e) Importer(2089858483,192608db42251d675da83286b1cce702) (ScriptedImporter) -> (artifact id: '259a7bd1f223a995372abf85a69f8d8f') in 0.0108949 seconds
Number of updated asset objects reloaded before import = 0Number of asset objects unloaded after import = 1

========================================================================
Received Import Request.
  Time since last request: 0.000034 seconds.
  path: Assets/Fantasy Skybox FREE/Cubemaps/Classic/FS000_Day_01.mat
  artifactKey: Guid(12ccb828343c3405fb94289774b51aad) Importer(2089858483,192608db42251d675da83286b1cce702)
Start importing Assets/Fantasy Skybox FREE/Cubemaps/Classic/FS000_Day_01.mat using Guid(12ccb828343c3405fb94289774b51aad) Importer(2089858483,192608db42251d675da83286b1cce702) (ScriptedImporter) -> (artifact id: 'be7196f554ffbf4fe930420a76281767') in 0.1844802 seconds
Number of updated asset objects reloaded before import = 0Number of asset objects unloaded after import = 2

========================================================================
Received Import Request.
  Time since last request: 0.000024 seconds.
  path: Assets/NikolayFedorov/OldVillage/SurvivalOldHouse01/Materials/SurvivalOldHouse01_model-WoodBark.mat
  artifactKey: Guid(023d16dd557d69e4ea00ceacbef3ca94) Importer(2089858483,192608db42251d675da83286b1cce702)
Start importing Assets/NikolayFedorov/OldVillage/SurvivalOldHouse01/Materials/SurvivalOldHouse01_model-WoodBark.mat using Guid(023d16dd557d69e4ea00ceacbef3ca94) Importer(2089858483,192608db42251d675da83286b1cce702) (ScriptedImporter) -> (artifact id: 'cb63d78431c042df45d1e44dcfed84a3') in 0.0264338 seconds
Number of updated asset objects reloaded before import = 0Number of asset objects unloaded after import = 1

========================================================================
Received Import Request.
  Time since last request: 0.000063 seconds.
  path: Assets/Art/Character/Models/Materials/Kurage_Hat01.mat
  artifactKey: Guid(91a5cacb67d1e4542ba510126841a223) Importer(2089858483,192608db42251d675da83286b1cce702)
Start importing Assets/Art/Character/Models/Materials/Kurage_Hat01.mat using Guid(91a5cacb67d1e4542ba510126841a223) Importer(2089858483,192608db42251d675da83286b1cce702) (ScriptedImporter) -> (artifact id: 'b7c91d3429561c019fecfff20b130ddc') in 0.3334509 seconds
Number of updated asset objects reloaded before import = 0Number of asset objects unloaded after import = 3

========================================================================
Received Import Request.
  Time since last request: 0.000024 seconds.
  path: Assets/DenysAlmaral/CityPeople/Animations/idle_f_1_150f.fbx
  artifactKey: Guid(0cac3c50cffd14044b6352edd76b2cfc) Importer(2089858483,192608db42251d675da83286b1cce702)
Start importing Assets/DenysAlmaral/CityPeople/Animations/idle_f_1_150f.fbx using Guid(0cac3c50cffd14044b6352edd76b2cfc) Importer(2089858483,192608db42251d675da83286b1cce702) (ScriptedImporter) -> (artifact id: 'edc087aed36e423d288d8de515ca4f91') in 0.0773998 seconds
Number of updated asset objects reloaded before import = 0Number of asset objects unloaded after import = 72

========================================================================
Received Import Request.
  Time since last request: 0.000036 seconds.
  path: Assets/DenysAlmaral/CityPeople/Textures/people_pal_s13.png
  artifactKey: Guid(651c765665d64894fb7f135c02938fa6) Importer(2089858483,192608db42251d675da83286b1cce702)
Start importing Assets/DenysAlmaral/CityPeople/Textures/people_pal_s13.png using Guid(651c765665d64894fb7f135c02938fa6) Importer(2089858483,192608db42251d675da83286b1cce702) (ScriptedImporter) -> (artifact id: '05c04d93428754143177748b90a231bf') in 0.0227439 seconds
Number of updated asset objects reloaded before import = 0Number of asset objects unloaded after import = 1

========================================================================
Received Import Request.
  Time since last request: 0.000023 seconds.
  path: Assets/DenysAlmaral/CityPeople/Materials/disaProps.mat
  artifactKey: Guid(723ed4c8a00fd5546bf0bb71d745a59f) Importer(2089858483,192608db42251d675da83286b1cce702)
Start importing Assets/DenysAlmaral/CityPeople/Materials/disaProps.mat using Guid(723ed4c8a00fd5546bf0bb71d745a59f) Importer(2089858483,192608db42251d675da83286b1cce702) (ScriptedImporter) -> (artifact id: '2d2f92c4b4cb3f1b3f799c165c8de08b') in 0.0711248 seconds
Number of updated asset objects reloaded before import = 0Number of asset objects unloaded after import = 3

========================================================================
Received Import Request.
  Time since last request: 0.000021 seconds.
  path: Assets/DenysAlmaral/CityPeople/Prefabs/PROPS/christmas/xmas_santa_hat.prefab
  artifactKey: Guid(b2fbc36a7ddfc844f9f71b30bd8d12e9) Importer(2089858483,192608db42251d675da83286b1cce702)
Start importing Assets/DenysAlmaral/CityPeople/Prefabs/PROPS/christmas/xmas_santa_hat.prefab using Guid(b2fbc36a7ddfc844f9f71b30bd8d12e9) Importer(2089858483,192608db42251d675da83286b1cce702) (ScriptedImporter) -> (artifact id: 'f6859f6b197575db1da1a8c5ac54f13a') in 0.0633598 seconds
Number of updated asset objects reloaded before import = 0Number of asset objects unloaded after import = 17

========================================================================
Received Import Request.
  Time since last request: 0.000025 seconds.
  path: Assets/Art/MenuArt/botones portadas controles.png
  artifactKey: Guid(be2909ef72ffec94baee065d66c431b7) Importer(2089858483,192608db42251d675da83286b1cce702)
Start importing Assets/Art/MenuArt/botones portadas controles.png using Guid(be2909ef72ffec94baee065d66c431b7) Importer(2089858483,192608db42251d675da83286b1cce702) (ScriptedImporter) -> (artifact id: 'f2fa1f4953dc10e159141e13c6b8daad') in 0.0895366 seconds
Number of updated asset objects reloaded before import = 0Number of asset objects unloaded after import = 3

========================================================================
Received Import Request.
  Time since last request: 0.000031 seconds.
  path: Assets/DenysAlmaral/CityPeople/Animations/City F Animator.controller
  artifactKey: Guid(afe9de63454bbd448a9886ad5a285ae7) Importer(2089858483,192608db42251d675da83286b1cce702)
Start importing Assets/DenysAlmaral/CityPeople/Animations/City F Animator.controller using Guid(afe9de63454bbd448a9886ad5a285ae7) Importer(2089858483,192608db42251d675da83286b1cce702) (ScriptedImporter) -> (artifact id: 'fc966ff70921e0e0c49fcb53be0a2452') in 0.2322455 seconds
Number of updated asset objects reloaded before import = 0Number of asset objects unloaded after import = 14

========================================================================
Received Import Request.
  Time since last request: 0.000032 seconds.
  path: Assets/DenysAlmaral/CityPeople/Textures/people_pal_s21.png
  artifactKey: Guid(27518883091fcb84d98169124e4c347d) Importer(2089858483,192608db42251d675da83286b1cce702)
Start importing Assets/DenysAlmaral/CityPeople/Textures/people_pal_s21.png using Guid(27518883091fcb84d98169124e4c347d) Importer(2089858483,192608db42251d675da83286b1cce702) (ScriptedImporter) -> (artifact id: 'c673593a3812ffc2a5d62d944d9d74cf') in 0.0292833 seconds
Number of updated asset objects reloaded before import = 0Number of asset objects unloaded after import = 1

========================================================================
Received Import Request.
  Time since last request: 0.000076 seconds.
  path: Assets/DenysAlmaral/CityPeople/Meshes/PROPS/dummy props/dprop_bicycle.fbx
  artifactKey: Guid(8a4f704e60b3f704cbcb213ac237deff) Importer(2089858483,192608db42251d675da83286b1cce702)
Start importing Assets/DenysAlmaral/CityPeople/Meshes/PROPS/dummy props/dprop_bicycle.fbx using Guid(8a4f704e60b3f704cbcb213ac237deff) Importer(2089858483,192608db42251d675da83286b1cce702) (ScriptedImporter) -> (artifact id: '28bac1f2952b61cdc65a1eab0175351f') in 0.0421854 seconds
Number of updated asset objects reloaded before import = 0Number of asset objects unloaded after import = 42

========================================================================
Received Import Request.
  Time since last request: 0.000019 seconds.
  path: Assets/NikolayFedorov/OldVillage/SurvivalOldHouse01/Materials/plane.mat
  artifactKey: Guid(1ea29f96985568a479d5f630268e8328) Importer(2089858483,192608db42251d675da83286b1cce702)
Start importing Assets/NikolayFedorov/OldVillage/SurvivalOldHouse01/Materials/plane.mat using Guid(1ea29f96985568a479d5f630268e8328) Importer(2089858483,192608db42251d675da83286b1cce702) (ScriptedImporter) -> (artifact id: 'a01695293157e9acdb704bd19d5a1a10') in 0.4941256 seconds
Number of updated asset objects reloaded before import = 0Number of asset objects unloaded after import = 4

========================================================================
Received Import Request.
  Time since last request: 0.000026 seconds.
  path: Assets/Art/Character
  artifactKey: Guid(b22bc70669708664c987b2528b968a07) Importer(2089858483,192608db42251d675da83286b1cce702)
Start importing Assets/Art/Character using Guid(b22bc70669708664c987b2528b968a07) Importer(2089858483,192608db42251d675da83286b1cce702) (ScriptedImporter) -> (artifact id: 'b965a35b1a1a1ac32f2e6bee0243637a') in 0.0134415 seconds
Number of updated asset objects reloaded before import = 0Number of asset objects unloaded after import = 1

========================================================================
Received Import Request.
  Time since last request: 0.000031 seconds.
  path: Assets/Fantasy Skybox FREE/Panoramics/FS017/FS017_Snowy.mat
  artifactKey: Guid(24d76106ebc1bd947a3fed862f899b82) Importer(2089858483,192608db42251d675da83286b1cce702)
Start importing Assets/Fantasy Skybox FREE/Panoramics/FS017/FS017_Snowy.mat using Guid(24d76106ebc1bd947a3fed862f899b82) Importer(2089858483,192608db42251d675da83286b1cce702) (ScriptedImporter) -> (artifact id: 'e3d5ecc610d24b9deffc58b82e135630') in 0.0242563 seconds
Number of updated asset objects reloaded before import = 0Number of asset objects unloaded after import = 2

========================================================================
Received Import Request.
  Time since last request: 0.000069 seconds.
  path: Assets/Fantasy Skybox FREE/Cubemaps/Classic/FS000_Day_03_Sunless.mat
  artifactKey: Guid(8f2c8ef98c47442d4b0e1896539bf7f1) Importer(2089858483,192608db42251d675da83286b1cce702)
Start importing Assets/Fantasy Skybox FREE/Cubemaps/Classic/FS000_Day_03_Sunless.mat using Guid(8f2c8ef98c47442d4b0e1896539bf7f1) Importer(2089858483,192608db42251d675da83286b1cce702) (ScriptedImporter) -> (artifact id: '2f56f08b17711f9773d93f053c0e99e9') in 0.0309934 seconds
Number of updated asset objects reloaded before import = 0Number of asset objects unloaded after import = 2

========================================================================
Received Import Request.
  Time since last request: 0.000021 seconds.
  path: Assets/Art/Character/Scripts/Move.cs
  artifactKey: Guid(7953487de8baee741860f4a26861c4cd) Importer(2089858483,192608db42251d675da83286b1cce702)
Start importing Assets/Art/Character/Scripts/Move.cs using Guid(7953487de8baee741860f4a26861c4cd) Importer(2089858483,192608db42251d675da83286b1cce702) (ScriptedImporter) -> (artifact id: 'aa8b936cc535d1110559cec70f3cbbf3') in 0.0241859 seconds
Number of updated asset objects reloaded before import = 0Number of asset objects unloaded after import = 0

========================================================================
Received Import Request.
  Time since last request: 0.000043 seconds.
  path: Assets/DenysAlmaral/CityPeople/Materials/beach_accesories.mat
  artifactKey: Guid(95a08eb1a0567b54f905e0a48383b401) Importer(2089858483,192608db42251d675da83286b1cce702)
Start importing Assets/DenysAlmaral/CityPeople/Materials/beach_accesories.mat using Guid(95a08eb1a0567b54f905e0a48383b401) Importer(2089858483,192608db42251d675da83286b1cce702) (ScriptedImporter) -> (artifact id: '7777cd8aa306908485d1d86b34900aed') in 0.0317087 seconds
Number of updated asset objects reloaded before import = 0Number of asset objects unloaded after import = 2

========================================================================
Received Import Request.
  Time since last request: 0.000034 seconds.
  path: Assets/DenysAlmaral/CityPeople/Textures/people_pal_s17.png
  artifactKey: Guid(aec3bdee4da40274f923b32a60af2ec2) Importer(2089858483,192608db42251d675da83286b1cce702)
Start importing Assets/DenysAlmaral/CityPeople/Textures/people_pal_s17.png using Guid(aec3bdee4da40274f923b32a60af2ec2) Importer(2089858483,192608db42251d675da83286b1cce702) (ScriptedImporter) -> (artifact id: '567df6d32b8d1b13a233936f826b5555') in 0.0302316 seconds
Number of updated asset objects reloaded before import = 0Number of asset objects unloaded after import = 1

========================================================================
Received Import Request.
  Time since last request: 0.000025 seconds.
  path: Assets/DenysAlmaral/CityPeople/Meshes/city/casual_Male_G.fbx
  artifactKey: Guid(50c8fe73844fb0a42bdb72b9873224e6) Importer(2089858483,192608db42251d675da83286b1cce702)
Start importing Assets/DenysAlmaral/CityPeople/Meshes/city/casual_Male_G.fbx using Guid(50c8fe73844fb0a42bdb72b9873224e6) Importer(2089858483,192608db42251d675da83286b1cce702) (ScriptedImporter) -> (artifact id: '3d2a73231708b34a519f9a76666c2c8e') in 0.0585305 seconds
Number of updated asset objects reloaded before import = 0Number of asset objects unloaded after import = 72

========================================================================
Received Import Request.
  Time since last request: 0.000039 seconds.
  path: Assets/DenysAlmaral/CityPeople/Demo_Scenes/Scripts-construction
  artifactKey: Guid(02e01553484b6a14a98477262e851f0f) Importer(2089858483,192608db42251d675da83286b1cce702)
Start importing Assets/DenysAlmaral/CityPeople/Demo_Scenes/Scripts-construction using Guid(02e01553484b6a14a98477262e851f0f) Importer(2089858483,192608db42251d675da83286b1cce702) (ScriptedImporter) -> (artifact id: 'c16d1d21e782bab95587dff30ec240c4') in 0.0127732 seconds
Number of updated asset objects reloaded before import = 0Number of asset objects unloaded after import = 1

========================================================================
Received Import Request.
  Time since last request: 0.000024 seconds.
  path: Assets/DenysAlmaral/CityPeople/Animations/dance_hype_100f.fbx
  artifactKey: Guid(3009e9874947eb241a515202d231c0e0) Importer(2089858483,192608db42251d675da83286b1cce702)
Start importing Assets/DenysAlmaral/CityPeople/Animations/dance_hype_100f.fbx using Guid(3009e9874947eb241a515202d231c0e0) Importer(2089858483,192608db42251d675da83286b1cce702) (ScriptedImporter) -> (artifact id: 'c9e1141756df157ccfbebffbc68f8531') in 0.0490568 seconds
Number of updated asset objects reloaded before import = 0Number of asset objects unloaded after import = 72

========================================================================
Received Import Request.
  Time since last request: 0.000033 seconds.
  path: Assets/Prefabs/Resources/ImageToStl.com_super_heavy_duty_square_trash.fbm/M_o_trash1_metallicRoughness.png
  artifactKey: Guid(7c23505a88f7ac74facf4ab1facc452f) Importer(2089858483,192608db42251d675da83286b1cce702)
Start importing Assets/Prefabs/Resources/ImageToStl.com_super_heavy_duty_square_trash.fbm/M_o_trash1_metallicRoughness.png using Guid(7c23505a88f7ac74facf4ab1facc452f) Importer(2089858483,192608db42251d675da83286b1cce702) (ScriptedImporter) -> (artifact id: '1bf9feed496ee24a6fd699ed694d314e') in 0.0607947 seconds
Number of updated asset objects reloaded before import = 0Number of asset objects unloaded after import = 1

========================================================================
Received Import Request.
  Time since last request: 0.000021 seconds.
  path: Assets/Art/MenuArt/menu pmuerte.jpg
  artifactKey: Guid(c98585252f6639e4780b981af339d5ed) Importer(2089858483,192608db42251d675da83286b1cce702)
Start importing Assets/Art/MenuArt/menu pmuerte.jpg using Guid(c98585252f6639e4780b981af339d5ed) Importer(2089858483,192608db42251d675da83286b1cce702) (ScriptedImporter) -> (artifact id: '7601f920a2be3331fa5664e76af9d62e') in 0.0862985 seconds
Number of updated asset objects reloaded before import = 0Number of asset objects unloaded after import = 3

========================================================================
Received Import Request.
  Time since last request: 0.000025 seconds.
  path: Assets/Scripts/TrashCan.cs
  artifactKey: Guid(aba7d47e78c94bb4a863bd5ad44bc9f3) Importer(2089858483,192608db42251d675da83286b1cce702)
Start importing Assets/Scripts/TrashCan.cs using Guid(aba7d47e78c94bb4a863bd5ad44bc9f3) Importer(2089858483,192608db42251d675da83286b1cce702) (ScriptedImporter) -> (artifact id: '276635fb450ae4de583fdaee846024af') in 0.0126694 seconds
Number of updated asset objects reloaded before import = 0Number of asset objects unloaded after import = 0

========================================================================
Received Import Request.
  Time since last request: 0.000038 seconds.
  path: Assets/Scripts/CitizenAI.cs
  artifactKey: Guid(b1caf5f83f712124e8f56d675e289ea8) Importer(2089858483,192608db42251d675da83286b1cce702)
Start importing Assets/Scripts/CitizenAI.cs using Guid(b1caf5f83f712124e8f56d675e289ea8) Importer(2089858483,192608db42251d675da83286b1cce702) (ScriptedImporter) -> (artifact id: '2ec58dcfa6a53367c5f85696967041c7') in 0.0114982 seconds
Number of updated asset objects reloaded before import = 0Number of asset objects unloaded after import = 0

========================================================================
Received Import Request.
  Time since last request: 0.000024 seconds.
  path: Assets/Fantasy Skybox FREE/Panoramics/FS013/FS013_Day.png
  artifactKey: Guid(163214a3accfb80488d2e6a27f45b743) Importer(2089858483,192608db42251d675da83286b1cce702)
Start importing Assets/Fantasy Skybox FREE/Panoramics/FS013/FS013_Day.png using Guid(163214a3accfb80488d2e6a27f45b743) Importer(2089858483,192608db42251d675da83286b1cce702) (ScriptedImporter) -> (artifact id: '3989d2bbcb5fe191e29bade8b34e61b1') in 0.0428769 seconds
Number of updated asset objects reloaded before import = 0Number of asset objects unloaded after import = 1

========================================================================
Received Import Request.
  Time since last request: 0.000025 seconds.
  path: Assets/DenysAlmaral/CityPeople/Textures/people_pal.png
  artifactKey: Guid(9ffdc8b7919d763478da45016239eace) Importer(2089858483,192608db42251d675da83286b1cce702)
Start importing Assets/DenysAlmaral/CityPeople/Textures/people_pal.png using Guid(9ffdc8b7919d763478da45016239eace) Importer(2089858483,192608db42251d675da83286b1cce702) (ScriptedImporter) -> (artifact id: '94fa378e966cd2ff6569bb95a351b1b0') in 0.0197789 seconds
Number of updated asset objects reloaded before import = 0Number of asset objects unloaded after import = 1

========================================================================
Received Import Request.
  Time since last request: 0.000046 seconds.
  path: Assets/Fantasy Skybox FREE/Cubemaps/Classic/FS000_Day_05.mat
  artifactKey: Guid(e11f5b66aad75483b8cd16ee18a0c917) Importer(2089858483,192608db42251d675da83286b1cce702)
Start importing Assets/Fantasy Skybox FREE/Cubemaps/Classic/FS000_Day_05.mat using Guid(e11f5b66aad75483b8cd16ee18a0c917) Importer(2089858483,192608db42251d675da83286b1cce702) (ScriptedImporter) -> (artifact id: 'bff55d479c52e02161a91cda0d8bfa0e') in 0.0857934 seconds
Number of updated asset objects reloaded before import = 0Number of asset objects unloaded after import = 2

========================================================================
Received Import Request.
  Time since last request: 0.000031 seconds.
  path: Assets/DenysAlmaral/CityPeople/Meshes/professions/police_Female_A.fbx
  artifactKey: Guid(b6804d93e01b7124294eccd05c06e280) Importer(2089858483,192608db42251d675da83286b1cce702)
Start importing Assets/DenysAlmaral/CityPeople/Meshes/professions/police_Female_A.fbx using Guid(b6804d93e01b7124294eccd05c06e280) Importer(2089858483,192608db42251d675da83286b1cce702) (ScriptedImporter) -> (artifact id: '13807b1d9b897ac1edbb8676fd768688') in 0.0237601 seconds
Number of updated asset objects reloaded before import = 0Number of asset objects unloaded after import = 72

========================================================================
Received Import Request.
  Time since last request: 0.000046 seconds.
  path: Assets/Fantasy Skybox FREE/Panoramics/FS017/FS017_Night_Moonless.mat
  artifactKey: Guid(48d4f62e2d5af1643a431d2f4b07ccbb) Importer(2089858483,192608db42251d675da83286b1cce702)
Start importing Assets/Fantasy Skybox FREE/Panoramics/FS017/FS017_Night_Moonless.mat using Guid(48d4f62e2d5af1643a431d2f4b07ccbb) Importer(2089858483,192608db42251d675da83286b1cce702) (ScriptedImporter) -> (artifact id: 'b5c0dd0f6b35c6590b6a4e1d914ccbf1') in 0.0805236 seconds
Number of updated asset objects reloaded before import = 0Number of asset objects unloaded after import = 2

========================================================================
Received Import Request.
  Time since last request: 0.000030 seconds.
  path: Assets/si
  artifactKey: Guid(7c8015e59f69c674cb4532b3cc0fe45e) Importer(2089858483,192608db42251d675da83286b1cce702)
Start importing Assets/si using Guid(7c8015e59f69c674cb4532b3cc0fe45e) Importer(2089858483,192608db42251d675da83286b1cce702) (ScriptedImporter) -> (artifact id: 'c0856e01e3afa9b387474b81ef7c9919') in 0.01354 seconds
Number of updated asset objects reloaded before import = 0Number of asset objects unloaded after import = 1

========================================================================
Received Import Request.
  Time since last request: 0.000031 seconds.
  path: Assets/DenysAlmaral/CityPeople/Demo_Scenes/Demo_2_IsoCity free-samples/Lightmap-0_comp_light.exr
  artifactKey: Guid(9bd50ebb0c1505841a920179c5b50852) Importer(2089858483,192608db42251d675da83286b1cce702)
Start importing Assets/DenysAlmaral/CityPeople/Demo_Scenes/Demo_2_IsoCity free-samples/Lightmap-0_comp_light.exr using Guid(9bd50ebb0c1505841a920179c5b50852) Importer(2089858483,192608db42251d675da83286b1cce702) (ScriptedImporter) -> (artifact id: '70822cc9ad7ac554bede5133b46a9d28') in 0.2540525 seconds
Number of updated asset objects reloaded before import = 0Number of asset objects unloaded after import = 1

========================================================================
Received Import Request.
  Time since last request: 0.000022 seconds.
  path: Assets/DenysAlmaral/CityPeople/Prefabs/professions/police_Female_A.prefab
  artifactKey: Guid(f0ac6fb9ada49f24683e3eca20786103) Importer(2089858483,192608db42251d675da83286b1cce702)
Start importing Assets/DenysAlmaral/CityPeople/Prefabs/professions/police_Female_A.prefab using Guid(f0ac6fb9ada49f24683e3eca20786103) Importer(2089858483,192608db42251d675da83286b1cce702) (ScriptedImporter) -> (artifact id: '35530b7fcf98ea0fc6c4ca2f20e84939') in 0.0408451 seconds
Number of updated asset objects reloaded before import = 0Number of asset objects unloaded after import = 86

========================================================================
Received Import Request.
  Time since last request: 0.000033 seconds.
  path: Assets/Art/Animations/Ch46_nonPBR@Crouch Walk.fbx
  artifactKey: Guid(5660343b664a0a847928f78062bab804) Importer(2089858483,192608db42251d675da83286b1cce702)
Start importing Assets/Art/Animations/Ch46_nonPBR@Crouch Walk.fbx using Guid(5660343b664a0a847928f78062bab804) Importer(2089858483,192608db42251d675da83286b1cce702) (ScriptedImporter) -> (artifact id: '58d63f17484505c0436bdc048bde7935') in 0.0573059 seconds
Number of updated asset objects reloaded before import = 0Number of asset objects unloaded after import = 137

========================================================================
Received Import Request.
  Time since last request: 0.000044 seconds.
  path: Assets/Art/Map/Materials/maoa.mat
  artifactKey: Guid(0ea9b4988c6da5745b0e0b5a325d74d3) Importer(2089858483,192608db42251d675da83286b1cce702)
Start importing Assets/Art/Map/Materials/maoa.mat using Guid(0ea9b4988c6da5745b0e0b5a325d74d3) Importer(2089858483,192608db42251d675da83286b1cce702) (ScriptedImporter) -> (artifact id: '316ecb0923b2be87f394814c93566bb1') in 0.0201039 seconds
Number of updated asset objects reloaded before import = 0Number of asset objects unloaded after import = 1

========================================================================
Received Import Request.
  Time since last request: 0.000030 seconds.
  path: Assets/DenysAlmaral/CityPeople/Animations/construction/ani_wtool_screwdriverUse.fbx
  artifactKey: Guid(d77a930ff65b2694886bdb0f01ad0f3e) Importer(2089858483,192608db42251d675da83286b1cce702)
Start importing Assets/DenysAlmaral/CityPeople/Animations/construction/ani_wtool_screwdriverUse.fbx using Guid(d77a930ff65b2694886bdb0f01ad0f3e) Importer(2089858483,192608db42251d675da83286b1cce702) (ScriptedImporter) -> (artifact id: '2ac7875d320ac164773eb3c116494086') in 0.0232355 seconds
Number of updated asset objects reloaded before import = 0Number of asset objects unloaded after import = 72

========================================================================
Received Import Request.
  Time since last request: 0.000024 seconds.
  path: Assets/Art/QuikEvent/SK - VERTICAL - movimiento.png
  artifactKey: Guid(4c4c29ebda8725048bec6272cb112c6b) Importer(2089858483,192608db42251d675da83286b1cce702)
Start importing Assets/Art/QuikEvent/SK - VERTICAL - movimiento.png using Guid(4c4c29ebda8725048bec6272cb112c6b) Importer(2089858483,192608db42251d675da83286b1cce702) (ScriptedImporter) -> (artifact id: '236ea3e94ac378100bf87181bc1b303b') in 0.0408817 seconds
Number of updated asset objects reloaded before import = 0Number of asset objects unloaded after import = 3

========================================================================
Received Import Request.
  Time since last request: 0.000030 seconds.
  path: Assets/Fantasy Skybox FREE/Cubemaps/Classic/FS000_Day_02_Sunless.png
  artifactKey: Guid(a12ea62fd952d57439f49b6287da4762) Importer(2089858483,192608db42251d675da83286b1cce702)
Start importing Assets/Fantasy Skybox FREE/Cubemaps/Classic/FS000_Day_02_Sunless.png using Guid(a12ea62fd952d57439f49b6287da4762) Importer(2089858483,192608db42251d675da83286b1cce702) (ScriptedImporter) -> (artifact id: 'b849240027f644018590b597e35e7a19') in 0.1250376 seconds
Number of updated asset objects reloaded before import = 0Number of asset objects unloaded after import = 1

========================================================================
Received Import Request.
  Time since last request: 0.000021 seconds.
  path: Assets/Fantasy Skybox FREE/Panoramics/FS002/FS002_Night.mat
  artifactKey: Guid(d1fdb8e44b28da34d9e922cca0bc740e) Importer(2089858483,192608db42251d675da83286b1cce702)
Start importing Assets/Fantasy Skybox FREE/Panoramics/FS002/FS002_Night.mat using Guid(d1fdb8e44b28da34d9e922cca0bc740e) Importer(2089858483,192608db42251d675da83286b1cce702) (ScriptedImporter) -> (artifact id: '85d35d53b2542b1cf0c6a75894e8a466') in 0.2346081 seconds
Number of updated asset objects reloaded before import = 0Number of asset objects unloaded after import = 2

========================================================================
Received Import Request.
  Time since last request: 0.000047 seconds.
  path: Assets/DenysAlmaral/CityPeople/Meshes/city/casual_Female_G.fbx
  artifactKey: Guid(efa7cf83928a3bd42935d7898c6fe1df) Importer(2089858483,192608db42251d675da83286b1cce702)
Start importing Assets/DenysAlmaral/CityPeople/Meshes/city/casual_Female_G.fbx using Guid(efa7cf83928a3bd42935d7898c6fe1df) Importer(2089858483,192608db42251d675da83286b1cce702) (ScriptedImporter) -> (artifact id: '3f1322188d8d0c897ce519f4f370ff9b') in 0.1989757 seconds
Number of updated asset objects reloaded before import = 0Number of asset objects unloaded after import = 72

========================================================================
Received Import Request.
  Time since last request: 0.000032 seconds.
  path: Assets/NikolayFedorov/PBR_Tiled/Textures/Other
  artifactKey: Guid(d1720d69565de9546974ff18e47d4a3d) Importer(2089858483,192608db42251d675da83286b1cce702)
Start importing Assets/NikolayFedorov/PBR_Tiled/Textures/Other using Guid(d1720d69565de9546974ff18e47d4a3d) Importer(2089858483,192608db42251d675da83286b1cce702) (ScriptedImporter) -> (artifact id: 'e49552d32ab89f7b2aa75c83815931b0') in 0.0686065 seconds
Number of updated asset objects reloaded before import = 0Number of asset objects unloaded after import = 1

========================================================================
Received Import Request.
  Time since last request: 0.000022 seconds.
  path: Assets/Art/Character/Animations/Mot_Walk02.fbx
  artifactKey: Guid(21b7e12ffadee9c43a6dc42fd9b07958) Importer(2089858483,192608db42251d675da83286b1cce702)
Start importing Assets/Art/Character/Animations/Mot_Walk02.fbx using Guid(21b7e12ffadee9c43a6dc42fd9b07958) Importer(2089858483,192608db42251d675da83286b1cce702) (ScriptedImporter) -> (artifact id: 'd9560f95c61623ec4063f8134f318aa9') in 0.0543744 seconds
Number of updated asset objects reloaded before import = 0Number of asset objects unloaded after import = 233

========================================================================
Received Import Request.
  Time since last request: 0.000026 seconds.
  path: Assets/SpaceZeta_PlasticTrashBins/Materials/TrashbinBlue_basecolor.png
  artifactKey: Guid(9f957342930f56b468e1ddea685503f7) Importer(2089858483,192608db42251d675da83286b1cce702)
Start importing Assets/SpaceZeta_PlasticTrashBins/Materials/TrashbinBlue_basecolor.png using Guid(9f957342930f56b468e1ddea685503f7) Importer(2089858483,192608db42251d675da83286b1cce702) (ScriptedImporter) -> (artifact id: '98e099fd3c12cc1987e442bc0d23e83f') in 0.0630615 seconds
Number of updated asset objects reloaded before import = 0Number of asset objects unloaded after import = 1

========================================================================
Received Import Request.
  Time since last request: 0.000031 seconds.
  path: Assets/DenysAlmaral/CityPeople/Prefabs/elder/elder_Female_A.prefab
  artifactKey: Guid(bcc8732b8b44622449c23934f89e68c0) Importer(2089858483,192608db42251d675da83286b1cce702)
Start importing Assets/DenysAlmaral/CityPeople/Prefabs/elder/elder_Female_A.prefab using Guid(bcc8732b8b44622449c23934f89e68c0) Importer(2089858483,192608db42251d675da83286b1cce702) (ScriptedImporter) -> (artifact id: 'ce70ed5a6327880cb109f3f89bb107ea') in 0.0443386 seconds
Number of updated asset objects reloaded before import = 0Number of asset objects unloaded after import = 95

========================================================================
Received Import Request.
  Time since last request: 0.000021 seconds.
  path: Assets/Art/Character/Textures/Kurage_Outer_normal.png
  artifactKey: Guid(acfc18bf189dabb4b8d94673a946caea) Importer(2089858483,192608db42251d675da83286b1cce702)
Start importing Assets/Art/Character/Textures/Kurage_Outer_normal.png using Guid(acfc18bf189dabb4b8d94673a946caea) Importer(2089858483,192608db42251d675da83286b1cce702) (ScriptedImporter) -> (artifact id: '674fa94f29d151d8823dd873b10683e2') in 0.0190558 seconds
Number of updated asset objects reloaded before import = 0Number of asset objects unloaded after import = 1

========================================================================
Received Import Request.
  Time since last request: 0.000022 seconds.
  path: Assets/Scenes/LevelInit.unity
  artifactKey: Guid(62d9f1f7f8ad8d8468f1d93df4ed59fa) Importer(2089858483,192608db42251d675da83286b1cce702)
Start importing Assets/Scenes/LevelInit.unity using Guid(62d9f1f7f8ad8d8468f1d93df4ed59fa) Importer(2089858483,192608db42251d675da83286b1cce702) (ScriptedImporter) -> (artifact id: '5cacbac28fa596fc2dcdbb7bafdba4b2') in 0.0229134 seconds
Number of updated asset objects reloaded before import = 0Number of asset objects unloaded after import = 1

========================================================================
Received Import Request.
  Time since last request: 0.000023 seconds.
  path: Assets/Fantasy Skybox FREE/Panoramics/FS017/FS017_Rainy.png
  artifactKey: Guid(16d9adf6c3330a04791bfc80481167c2) Importer(2089858483,192608db42251d675da83286b1cce702)
Start importing Assets/Fantasy Skybox FREE/Panoramics/FS017/FS017_Rainy.png using Guid(16d9adf6c3330a04791bfc80481167c2) Importer(2089858483,192608db42251d675da83286b1cce702) (ScriptedImporter) -> (artifact id: 'ed1ea9dafebe501924a6565090e4e69c') in 0.1689415 seconds
Number of updated asset objects reloaded before import = 0Number of asset objects unloaded after import = 1

========================================================================
Received Import Request.
  Time since last request: 0.000082 seconds.
  path: Assets/Art/Character/Models/Materials/Kurage_Shoes01.mat
  artifactKey: Guid(2b34be029fa1be140b19ae22d57bcf96) Importer(2089858483,192608db42251d675da83286b1cce702)
Start importing Assets/Art/Character/Models/Materials/Kurage_Shoes01.mat using Guid(2b34be029fa1be140b19ae22d57bcf96) Importer(2089858483,192608db42251d675da83286b1cce702) (ScriptedImporter) -> (artifact id: '313aaf3a0184f6e9019c1069722ffc93') in 0.0262292 seconds
Number of updated asset objects reloaded before import = 0Number of asset objects unloaded after import = 3

========================================================================
Received Import Request.
  Time since last request: 0.000022 seconds.
  path: Assets/DenysAlmaral/CityPeople/Textures/DummyProp_bluep.png
  artifactKey: Guid(7387e952669dcad4488a2a4fb57775b7) Importer(2089858483,192608db42251d675da83286b1cce702)
Start importing Assets/DenysAlmaral/CityPeople/Textures/DummyProp_bluep.png using Guid(7387e952669dcad4488a2a4fb57775b7) Importer(2089858483,192608db42251d675da83286b1cce702) (ScriptedImporter) -> (artifact id: '1f24d9bd2f0e2b8c89c3c0dcbaadfd1b') in 0.2219873 seconds
Number of updated asset objects reloaded before import = 0Number of asset objects unloaded after import = 1

========================================================================
Received Import Request.
  Time since last request: 0.000030 seconds.
  path: Assets/si/edi_lejos.fbx
  artifactKey: Guid(7eb355aea32d18b4ebe45fb23cc90de4) Importer(2089858483,192608db42251d675da83286b1cce702)
Start importing Assets/si/edi_lejos.fbx using Guid(7eb355aea32d18b4ebe45fb23cc90de4) Importer(2089858483,192608db42251d675da83286b1cce702) (ScriptedImporter) -> (artifact id: 'b54737628790815541c72ff3959a5c9a') in 0.0282288 seconds
Number of updated asset objects reloaded before import = 0Number of asset objects unloaded after import = 62

========================================================================
Received Import Request.
  Time since last request: 0.000030 seconds.
  path: Assets/SpaceZeta_PlasticTrashBins/Base Mesh
  artifactKey: Guid(307aea4e1451cc74d8410482ee1eb323) Importer(2089858483,192608db42251d675da83286b1cce702)
Start importing Assets/SpaceZeta_PlasticTrashBins/Base Mesh using Guid(307aea4e1451cc74d8410482ee1eb323) Importer(2089858483,192608db42251d675da83286b1cce702) (ScriptedImporter) -> (artifact id: 'ac913cc863e8191f6c529225f399e698') in 0.0097009 seconds
Number of updated asset objects reloaded before import = 0Number of asset objects unloaded after import = 1

========================================================================
Received Import Request.
  Time since last request: 0.000031 seconds.
  path: Assets/DenysAlmaral/CityPeople/Materials/dummyProp_default.mat
  artifactKey: Guid(ab05773699cff7d47aed04fdd9d09f36) Importer(2089858483,192608db42251d675da83286b1cce702)
Start importing Assets/DenysAlmaral/CityPeople/Materials/dummyProp_default.mat using Guid(ab05773699cff7d47aed04fdd9d09f36) Importer(2089858483,192608db42251d675da83286b1cce702) (ScriptedImporter) -> (artifact id: 'e48507d027963fde1e6f52cc5dc69bb9') in 0.0380173 seconds
Number of updated asset objects reloaded before import = 0Number of asset objects unloaded after import = 1

========================================================================
Received Import Request.
  Time since last request: 0.000036 seconds.
  path: Assets/NikolayFedorov/OldVillage/SurvivalOldHouse01/Materials/WoodBark_Base_Color.mat
  artifactKey: Guid(2e11c3d524f73cd44a87632cc69800be) Importer(2089858483,192608db42251d675da83286b1cce702)
Start importing Assets/NikolayFedorov/OldVillage/SurvivalOldHouse01/Materials/WoodBark_Base_Color.mat using Guid(2e11c3d524f73cd44a87632cc69800be) Importer(2089858483,192608db42251d675da83286b1cce702) (ScriptedImporter) -> (artifact id: 'afaab49616f12143e81c1c84fccb9792') in 0.0465106 seconds
Number of updated asset objects reloaded before import = 0Number of asset objects unloaded after import = 1

========================================================================
Received Import Request.
  Time since last request: 0.000024 seconds.
  path: Assets/SpaceZeta_PlasticTrashBins
  artifactKey: Guid(4b7302214ad78af429996412e86f854e) Importer(2089858483,192608db42251d675da83286b1cce702)
Start importing Assets/SpaceZeta_PlasticTrashBins using Guid(4b7302214ad78af429996412e86f854e) Importer(2089858483,192608db42251d675da83286b1cce702) (ScriptedImporter) -> (artifact id: '1a672ddc32afd6d3bf865a95dd42a6dc') in 0.011149 seconds
Number of updated asset objects reloaded before import = 0Number of asset objects unloaded after import = 1

========================================================================
Received Import Request.
  Time since last request: 0.000034 seconds.
  path: Assets/DenysAlmaral/CityPeople/Prefabs/little_kids/little_boy_B.prefab
  artifactKey: Guid(87a7b985b15a4244091de35d7df9169a) Importer(2089858483,192608db42251d675da83286b1cce702)
Start importing Assets/DenysAlmaral/CityPeople/Prefabs/little_kids/little_boy_B.prefab using Guid(87a7b985b15a4244091de35d7df9169a) Importer(2089858483,192608db42251d675da83286b1cce702) (ScriptedImporter) -> (artifact id: 'fa3d00160ea8d3e40d5534a5425ea066') in 0.0749072 seconds
Number of updated asset objects reloaded before import = 0Number of asset objects unloaded after import = 91

========================================================================
Received Import Request.
  Time since last request: 0.000022 seconds.
  path: Assets/Fantasy Skybox FREE/Scenes/Textures (Terrain)/Brush_Grass_01.png
  artifactKey: Guid(e3970f24555e12a46b75cdf5140ff23e) Importer(2089858483,192608db42251d675da83286b1cce702)
Start importing Assets/Fantasy Skybox FREE/Scenes/Textures (Terrain)/Brush_Grass_01.png using Guid(e3970f24555e12a46b75cdf5140ff23e) Importer(2089858483,192608db42251d675da83286b1cce702) (ScriptedImporter) -> (artifact id: '1f1f972432262dcc7a27041cbe1452ed') in 0.0351085 seconds
Number of updated asset objects reloaded before import = 0Number of asset objects unloaded after import = 1

========================================================================
Received Import Request.
  Time since last request: 0.000032 seconds.
  path: Assets/Fantasy Skybox FREE/Cubemaps/Classic/FS000_Day_03.mat
  artifactKey: Guid(33ab377b49aa14f6fae6e5bac230a5d4) Importer(2089858483,192608db42251d675da83286b1cce702)
Start importing Assets/Fantasy Skybox FREE/Cubemaps/Classic/FS000_Day_03.mat using Guid(33ab377b49aa14f6fae6e5bac230a5d4) Importer(2089858483,192608db42251d675da83286b1cce702) (ScriptedImporter) -> (artifact id: 'b409f206764e8606d0fa4853d1b03977') in 0.0194486 seconds
Number of updated asset objects reloaded before import = 0Number of asset objects unloaded after import = 2

========================================================================
Received Import Request.
  Time since last request: 0.000034 seconds.
  path: Assets/DenysAlmaral/CityPeople/Meshes/disabilities/prostheticLeg_girl_ani.fbx
  artifactKey: Guid(5c84b49838c1acd4cbe63ecc028d64fe) Importer(2089858483,192608db42251d675da83286b1cce702)
Start importing Assets/DenysAlmaral/CityPeople/Meshes/disabilities/prostheticLeg_girl_ani.fbx using Guid(5c84b49838c1acd4cbe63ecc028d64fe) Importer(2089858483,192608db42251d675da83286b1cce702) (ScriptedImporter) -> (artifact id: '67d3e3cacbd2bec47aafba2b87bfc6c7') in 0.0350501 seconds
Number of updated asset objects reloaded before import = 0Number of asset objects unloaded after import = 95

========================================================================
Received Import Request.
  Time since last request: 0.000035 seconds.
  path: Assets/Fantasy Skybox FREE/Panoramics/FS013/FS013_Day.mat
  artifactKey: Guid(8dd2f17b6e3f8174390967bc55ead836) Importer(2089858483,192608db42251d675da83286b1cce702)
Start importing Assets/Fantasy Skybox FREE/Panoramics/FS013/FS013_Day.mat using Guid(8dd2f17b6e3f8174390967bc55ead836) Importer(2089858483,192608db42251d675da83286b1cce702) (ScriptedImporter) -> (artifact id: 'f4a832329fe28d63afdf9976f45950fb') in 0.0328073 seconds
Number of updated asset objects reloaded before import = 0Number of asset objects unloaded after import = 2

========================================================================
Received Import Request.
  Time since last request: 0.000038 seconds.
  path: Assets/DenysAlmaral/CityPeople/Materials/people_pal_s8.mat
  artifactKey: Guid(9b60aefc9654bf242a2d750f05757cab) Importer(2089858483,192608db42251d675da83286b1cce702)
Start importing Assets/DenysAlmaral/CityPeople/Materials/people_pal_s8.mat using Guid(9b60aefc9654bf242a2d750f05757cab) Importer(2089858483,192608db42251d675da83286b1cce702) (ScriptedImporter) -> (artifact id: '1e8d9d949de3590e135912aebf2fb153') in 0.014074 seconds
Number of updated asset objects reloaded before import = 0Number of asset objects unloaded after import = 5

========================================================================
Received Import Request.
  Time since last request: 0.000023 seconds.
  path: Assets/NikolayFedorov/OldVillage/SurvivalOldHouse01/Materials/Wall01_Base_Color.mat
  artifactKey: Guid(edca0d3c1470f12448a839debccc234b) Importer(2089858483,192608db42251d675da83286b1cce702)
Start importing Assets/NikolayFedorov/OldVillage/SurvivalOldHouse01/Materials/Wall01_Base_Color.mat using Guid(edca0d3c1470f12448a839debccc234b) Importer(2089858483,192608db42251d675da83286b1cce702) (ScriptedImporter) -> (artifact id: '7dc7c4335c49c884283137303bd5ed4f') in 0.0312947 seconds
Number of updated asset objects reloaded before import = 0Number of asset objects unloaded after import = 1

========================================================================
Received Import Request.
  Time since last request: 0.000031 seconds.
  path: Assets/DenysAlmaral/CityPeople/Prefabs/PROPS/dummy props/dprop_chair.prefab
  artifactKey: Guid(32e5504a73c63954b948e9947e5b9d55) Importer(2089858483,192608db42251d675da83286b1cce702)
Start importing Assets/DenysAlmaral/CityPeople/Prefabs/PROPS/dummy props/dprop_chair.prefab using Guid(32e5504a73c63954b948e9947e5b9d55) Importer(2089858483,192608db42251d675da83286b1cce702) (ScriptedImporter) -> (artifact id: '1af12079e2c44767f299326223cf3cdb') in 0.0789249 seconds
Number of updated asset objects reloaded before import = 0Number of asset objects unloaded after import = 8

========================================================================
Received Import Request.
  Time since last request: 0.000035 seconds.
  path: Assets/Art/Character/Models/Materials/Kurage_Skin01.mat
  artifactKey: Guid(51448734b75c7bf4f827e7705a90ba52) Importer(2089858483,192608db42251d675da83286b1cce702)
Start importing Assets/Art/Character/Models/Materials/Kurage_Skin01.mat using Guid(51448734b75c7bf4f827e7705a90ba52) Importer(2089858483,192608db42251d675da83286b1cce702) (ScriptedImporter) -> (artifact id: '0cba02bf9622a3446641d2a677c254dc') in 0.0261091 seconds
Number of updated asset objects reloaded before import = 0Number of asset objects unloaded after import = 2

========================================================================
Received Import Request.
  Time since last request: 0.000035 seconds.
  path: Assets/Fantasy Skybox FREE/Panoramics/FS017/FS017_Sunrise.mat
  artifactKey: Guid(39d27e80110a983468075fd1868610d7) Importer(2089858483,192608db42251d675da83286b1cce702)
Start importing Assets/Fantasy Skybox FREE/Panoramics/FS017/FS017_Sunrise.mat using Guid(39d27e80110a983468075fd1868610d7) Importer(2089858483,192608db42251d675da83286b1cce702) (ScriptedImporter) -> (artifact id: 'caabcafb56bca3a70752aad97daa3bb4') in 0.3052345 seconds
Number of updated asset objects reloaded before import = 0Number of asset objects unloaded after import = 2

========================================================================
Received Import Request.
  Time since last request: 0.000042 seconds.
  path: Assets/Fantasy Skybox FREE/Cubemaps/Classic/FS000_Day_06.mat
  artifactKey: Guid(123caa41e84e041d0bd65bb3ae888dd1) Importer(2089858483,192608db42251d675da83286b1cce702)
Start importing Assets/Fantasy Skybox FREE/Cubemaps/Classic/FS000_Day_06.mat using Guid(123caa41e84e041d0bd65bb3ae888dd1) Importer(2089858483,192608db42251d675da83286b1cce702) (ScriptedImporter) -> (artifact id: 'b86fd352fe99dd3e03ac4db77c466304') in 0.0464376 seconds
Number of updated asset objects reloaded before import = 0Number of asset objects unloaded after import = 2

========================================================================
Received Import Request.
  Time since last request: 0.000032 seconds.
  path: Assets/NikolayFedorov/PBR_Tiled/Textures/Wood/Wood_Planks04/plane_3_3_DefaultMaterial_AlbedoTransparency.tga
  artifactKey: Guid(b6e75dcb7649688499298c23daa6998f) Importer(2089858483,192608db42251d675da83286b1cce702)
Start importing Assets/NikolayFedorov/PBR_Tiled/Textures/Wood/Wood_Planks04/plane_3_3_DefaultMaterial_AlbedoTransparency.tga using Guid(b6e75dcb7649688499298c23daa6998f) Importer(2089858483,192608db42251d675da83286b1cce702) (ScriptedImporter) -> (artifact id: '4bf3c0a3e2135278db1913562a8df71a') in 0.0226436 seconds
Number of updated asset objects reloaded before import = 0Number of asset objects unloaded after import = 1

========================================================================
Received Import Request.
  Time since last request: 0.000032 seconds.
  path: Assets/Fantasy Skybox FREE/Panoramics/FS017/FS017_Night.png
  artifactKey: Guid(32cef6a96e79c904387df9d92260fabf) Importer(2089858483,192608db42251d675da83286b1cce702)
Start importing Assets/Fantasy Skybox FREE/Panoramics/FS017/FS017_Night.png using Guid(32cef6a96e79c904387df9d92260fabf) Importer(2089858483,192608db42251d675da83286b1cce702) (ScriptedImporter) -> (artifact id: 'c8319e1ab77125e47221b534dc5d42e5') in 0.0204648 seconds
Number of updated asset objects reloaded before import = 0Number of asset objects unloaded after import = 1

========================================================================
Received Import Request.
  Time since last request: 0.000048 seconds.
  path: Assets/DenysAlmaral/CityPeople/Textures/people_pal_s12.png
  artifactKey: Guid(1005f44cba64e0545b816df2322b1ae2) Importer(2089858483,192608db42251d675da83286b1cce702)
Start importing Assets/DenysAlmaral/CityPeople/Textures/people_pal_s12.png using Guid(1005f44cba64e0545b816df2322b1ae2) Importer(2089858483,192608db42251d675da83286b1cce702) (ScriptedImporter) -> (artifact id: 'a0300532ce1c9afa83930871945ba309') in 0.0228107 seconds
Number of updated asset objects reloaded before import = 0Number of asset objects unloaded after import = 1

========================================================================
Received Import Request.
  Time since last request: 0.000037 seconds.
  path: Assets/DenysAlmaral/CityPeople/Materials/people_pal_s16.mat
  artifactKey: Guid(08a4b6d08b95d134587198c1b6620853) Importer(2089858483,192608db42251d675da83286b1cce702)
Start importing Assets/DenysAlmaral/CityPeople/Materials/people_pal_s16.mat using Guid(08a4b6d08b95d134587198c1b6620853) Importer(2089858483,192608db42251d675da83286b1cce702) (ScriptedImporter) -> (artifact id: '61ee318045e23252fcdd167c5ebbae9d') in 0.0999031 seconds
Number of updated asset objects reloaded before import = 0Number of asset objects unloaded after import = 4

========================================================================
Received Import Request.
  Time since last request: 0.000028 seconds.
  path: Assets/DenysAlmaral/CityPeople/Meshes/PROPS/dummy props/plane_floor.fbx
  artifactKey: Guid(02feb4b17ca061f4492c38fd726a4fcd) Importer(2089858483,192608db42251d675da83286b1cce702)
Start importing Assets/DenysAlmaral/CityPeople/Meshes/PROPS/dummy props/plane_floor.fbx using Guid(02feb4b17ca061f4492c38fd726a4fcd) Importer(2089858483,192608db42251d675da83286b1cce702) (ScriptedImporter) -> (artifact id: 'de14fa1427d1d3c12c10c65ca9dd9b5e') in 0.0186921 seconds
Number of updated asset objects reloaded before import = 0Number of asset objects unloaded after import = 7

========================================================================
Received Import Request.
  Time since last request: 0.000023 seconds.
  path: Assets/Art/Animations/Ch46_nonPBR@Standing Up.fbx
  artifactKey: Guid(35ade40322865274e88d35f6fc57c5a1) Importer(2089858483,192608db42251d675da83286b1cce702)
Start importing Assets/Art/Animations/Ch46_nonPBR@Standing Up.fbx using Guid(35ade40322865274e88d35f6fc57c5a1) Importer(2089858483,192608db42251d675da83286b1cce702) (ScriptedImporter) -> (artifact id: 'c128648fe346836a783b44cb108921ad') in 0.022313 seconds
Number of updated asset objects reloaded before import = 0Number of asset objects unloaded after import = 137

========================================================================
Received Import Request.
  Time since last request: 0.000021 seconds.
  path: Assets/Art/Character/Textures/Kurage_Gun01_occlusion.png
  artifactKey: Guid(a0ad7f9f655fd7c4cb6ff594d3517b1d) Importer(2089858483,192608db42251d675da83286b1cce702)
Start importing Assets/Art/Character/Textures/Kurage_Gun01_occlusion.png using Guid(a0ad7f9f655fd7c4cb6ff594d3517b1d) Importer(2089858483,192608db42251d675da83286b1cce702) (ScriptedImporter) -> (artifact id: 'e29c552eed8e2ff4cd76baee54da7428') in 0.067651 seconds
Number of updated asset objects reloaded before import = 0Number of asset objects unloaded after import = 1

========================================================================
Received Import Request.
  Time since last request: 0.000024 seconds.
  path: Assets/DenysAlmaral/CityPeople/Textures/people_pal_s18.png
  artifactKey: Guid(7be4229309293414cbe6cdffd67aada9) Importer(2089858483,192608db42251d675da83286b1cce702)
Start importing Assets/DenysAlmaral/CityPeople/Textures/people_pal_s18.png using Guid(7be4229309293414cbe6cdffd67aada9) Importer(2089858483,192608db42251d675da83286b1cce702) (ScriptedImporter) -> (artifact id: 'adaed9e574f68ac7b089c5960ed13eb2') in 0.0304318 seconds
Number of updated asset objects reloaded before import = 0Number of asset objects unloaded after import = 1

========================================================================
Received Import Request.
  Time since last request: 0.000028 seconds.
  path: Assets/Scenes/DEVroom/ReflectionProbe-0.exr
  artifactKey: Guid(a50efbd9a1a11ea4589adb00c1f0fc29) Importer(2089858483,192608db42251d675da83286b1cce702)
Start importing Assets/Scenes/DEVroom/ReflectionProbe-0.exr using Guid(a50efbd9a1a11ea4589adb00c1f0fc29) Importer(2089858483,192608db42251d675da83286b1cce702) (ScriptedImporter) -> (artifact id: '85fa04624113a1893c9a96a202dcda57') in 0.0390853 seconds
Number of updated asset objects reloaded before import = 0Number of asset objects unloaded after import = 1

========================================================================
Received Import Request.
  Time since last request: 0.000027 seconds.
  path: Assets/Fantasy Skybox FREE/Scenes/Textures (Terrain)/Texure_Rock_Normal.png
  artifactKey: Guid(758b1fc63752a1e44957111d5af9b00c) Importer(2089858483,192608db42251d675da83286b1cce702)
Start importing Assets/Fantasy Skybox FREE/Scenes/Textures (Terrain)/Texure_Rock_Normal.png using Guid(758b1fc63752a1e44957111d5af9b00c) Importer(2089858483,192608db42251d675da83286b1cce702) (ScriptedImporter) -> (artifact id: '14a2975ce9bb2f0b4bd29d91e11fa91d') in 0.4143503 seconds
Number of updated asset objects reloaded before import = 0Number of asset objects unloaded after import = 1

========================================================================
Received Import Request.
  Time since last request: 0.000055 seconds.
  path: Assets/DenysAlmaral/CityPeople/Textures/people_pal_s15.png
  artifactKey: Guid(24906462162058e4c96b3a5c607c6a9b) Importer(2089858483,192608db42251d675da83286b1cce702)
Start importing Assets/DenysAlmaral/CityPeople/Textures/people_pal_s15.png using Guid(24906462162058e4c96b3a5c607c6a9b) Importer(2089858483,192608db42251d675da83286b1cce702) (ScriptedImporter) -> (artifact id: 'c47520467f81d0684062addbb77b8c9c') in 0.0361859 seconds
Number of updated asset objects reloaded before import = 0Number of asset objects unloaded after import = 1

========================================================================
Received Import Request.
  Time since last request: 0.000033 seconds.
  path: Assets/DenysAlmaral/CityPeople/Prefabs/PROPS/dummy props/backdrop.prefab
  artifactKey: Guid(88bc98a59e1aa924c955861f4696635e) Importer(2089858483,192608db42251d675da83286b1cce702)
Start importing Assets/DenysAlmaral/CityPeople/Prefabs/PROPS/dummy props/backdrop.prefab using Guid(88bc98a59e1aa924c955861f4696635e) Importer(2089858483,192608db42251d675da83286b1cce702) (ScriptedImporter) -> (artifact id: 'ff25cc37e991e0c01b404fe8a5f6ff23') in 0.1261654 seconds
Number of updated asset objects reloaded before import = 0Number of asset objects unloaded after import = 8

========================================================================
Received Import Request.
  Time since last request: 0.000023 seconds.
  path: Assets/DenysAlmaral/CityPeople/Materials/people_pal_s13.mat
  artifactKey: Guid(02cbbe825fdd71a4a9158ac61c12851a) Importer(2089858483,192608db42251d675da83286b1cce702)
Start importing Assets/DenysAlmaral/CityPeople/Materials/people_pal_s13.mat using Guid(02cbbe825fdd71a4a9158ac61c12851a) Importer(2089858483,192608db42251d675da83286b1cce702) (ScriptedImporter) -> (artifact id: '21762a1ea24778df1518caac6f768a63') in 0.0410763 seconds
Number of updated asset objects reloaded before import = 0Number of asset objects unloaded after import = 4

========================================================================
Received Import Request.
  Time since last request: 0.000025 seconds.
  path: Assets/New Terrain.asset
  artifactKey: Guid(5b40ab45d77b4de43b12c3a2e4c3ebc7) Importer(2089858483,192608db42251d675da83286b1cce702)
Start importing Assets/New Terrain.asset using Guid(5b40ab45d77b4de43b12c3a2e4c3ebc7) Importer(2089858483,192608db42251d675da83286b1cce702) (ScriptedImporter) -> (artifact id: '8af5900e9b59bd55e2ef3c834b5d0a80') in 0.1446618 seconds
Number of updated asset objects reloaded before import = 0Number of asset objects unloaded after import = 1

========================================================================
Received Import Request.
  Time since last request: 0.000044 seconds.
  path: Assets/DenysAlmaral/CityPeople/Prefabs/tools/tool_pipewrench.prefab
  artifactKey: Guid(159d0a02f9b0cd640aaa9e79042933f9) Importer(2089858483,192608db42251d675da83286b1cce702)
Start importing Assets/DenysAlmaral/CityPeople/Prefabs/tools/tool_pipewrench.prefab using Guid(159d0a02f9b0cd640aaa9e79042933f9) Importer(2089858483,192608db42251d675da83286b1cce702) (ScriptedImporter) -> (artifact id: 'f90fbfd6f960426784d1f72c108a8e95') in 0.0350852 seconds
Number of updated asset objects reloaded before import = 0Number of asset objects unloaded after import = 8

========================================================================
Received Import Request.
  Time since last request: 0.000024 seconds.
  path: Assets/DenysAlmaral/CityPeople/Prefabs/PROPS/dummy props/dprop_plantPot.prefab
  artifactKey: Guid(0657d632a80ceca4aab29978c4759d67) Importer(2089858483,192608db42251d675da83286b1cce702)
Start importing Assets/DenysAlmaral/CityPeople/Prefabs/PROPS/dummy props/dprop_plantPot.prefab using Guid(0657d632a80ceca4aab29978c4759d67) Importer(2089858483,192608db42251d675da83286b1cce702) (ScriptedImporter) -> (artifact id: '6f6b2986697612b3a471bff2f910f6f5') in 0.0713601 seconds
Number of updated asset objects reloaded before import = 0Number of asset objects unloaded after import = 8

========================================================================
Received Import Request.
  Time since last request: 0.000031 seconds.
  path: Assets/NikolayFedorov/PBR_Tiled/Textures/Other/Soil01_Normal.tga
  artifactKey: Guid(0e15af665fcba014897671d1baf4747c) Importer(2089858483,192608db42251d675da83286b1cce702)
Start importing Assets/NikolayFedorov/PBR_Tiled/Textures/Other/Soil01_Normal.tga using Guid(0e15af665fcba014897671d1baf4747c) Importer(2089858483,192608db42251d675da83286b1cce702) (ScriptedImporter) -> (artifact id: '8fe1a10b2e4e3cf0401bfe9983af5789') in 0.0469569 seconds
Number of updated asset objects reloaded before import = 0Number of asset objects unloaded after import = 1

========================================================================
Received Import Request.
  Time since last request: 0.000030 seconds.
  path: Assets/Fantasy Skybox FREE/Panoramics
  artifactKey: Guid(e0454b514da2ecd429e000f40050d4fa) Importer(2089858483,192608db42251d675da83286b1cce702)
Start importing Assets/Fantasy Skybox FREE/Panoramics using Guid(e0454b514da2ecd429e000f40050d4fa) Importer(2089858483,192608db42251d675da83286b1cce702) (ScriptedImporter) -> (artifact id: '8d110cc3b7d859b0a9f291a42ef1eee9') in 0.0157229 seconds
Number of updated asset objects reloaded before import = 0Number of asset objects unloaded after import = 1

========================================================================
Received Import Request.
  Time since last request: 0.000038 seconds.
  path: Assets/DenysAlmaral/CityPeople/Animations/construction/ani_wtool_wrenchUse.fbx
  artifactKey: Guid(e0d28ba84d8a11041ac6b85a252e22f2) Importer(2089858483,192608db42251d675da83286b1cce702)
Start importing Assets/DenysAlmaral/CityPeople/Animations/construction/ani_wtool_wrenchUse.fbx using Guid(e0d28ba84d8a11041ac6b85a252e22f2) Importer(2089858483,192608db42251d675da83286b1cce702) (ScriptedImporter) -> (artifact id: 'bca33fa52f9c43a09b32837b7bdafe99') in 0.0238551 seconds
Number of updated asset objects reloaded before import = 0Number of asset objects unloaded after import = 72

========================================================================
Received Import Request.
  Time since last request: 0.000025 seconds.
  path: Assets/Fantasy Skybox FREE/Panoramics/FS017/FS017_Sunset.png
  artifactKey: Guid(89878140665978f4f9f27f55a61fb12d) Importer(2089858483,192608db42251d675da83286b1cce702)
Start importing Assets/Fantasy Skybox FREE/Panoramics/FS017/FS017_Sunset.png using Guid(89878140665978f4f9f27f55a61fb12d) Importer(2089858483,192608db42251d675da83286b1cce702) (ScriptedImporter) -> (artifact id: 'e7165bf16fa53411646e3a401a2cb00d') in 0.0512972 seconds
Number of updated asset objects reloaded before import = 0Number of asset objects unloaded after import = 1

========================================================================
Received Import Request.
  Time since last request: 0.000040 seconds.
  path: Assets/DenysAlmaral/CityPeople/Textures/people_pal_s9.png
  artifactKey: Guid(1d899b651f1f0fe46b2630594b2eb5bd) Importer(2089858483,192608db42251d675da83286b1cce702)
Start importing Assets/DenysAlmaral/CityPeople/Textures/people_pal_s9.png using Guid(1d899b651f1f0fe46b2630594b2eb5bd) Importer(2089858483,192608db42251d675da83286b1cce702) (ScriptedImporter) -> (artifact id: '2b6d5e1db6a91f0e7c6cc7d5c4c6aaf2') in 0.0201545 seconds
Number of updated asset objects reloaded before import = 0Number of asset objects unloaded after import = 1

========================================================================
Received Import Request.
  Time since last request: 0.000025 seconds.
  path: Assets/SpaceZeta_PlasticTrashBins/Prefabs/TrashbinRed.prefab
  artifactKey: Guid(0f7b3117c02f5a34591d7757a1876e31) Importer(2089858483,192608db42251d675da83286b1cce702)
Start importing Assets/SpaceZeta_PlasticTrashBins/Prefabs/TrashbinRed.prefab using Guid(0f7b3117c02f5a34591d7757a1876e31) Importer(2089858483,192608db42251d675da83286b1cce702) (ScriptedImporter) -> (artifact id: '3a64ae8e68d06092e80f72337235da79') in 0.0688968 seconds
Number of updated asset objects reloaded before import = 0Number of asset objects unloaded after import = 20

========================================================================
Received Import Request.
  Time since last request: 0.000038 seconds.
  path: Assets/Art/Character/Models/Materials/Kurage_Gun01_diffuse.mat
  artifactKey: Guid(b13762d93456fc840984b6e7ae20003f) Importer(2089858483,192608db42251d675da83286b1cce702)
Start importing Assets/Art/Character/Models/Materials/Kurage_Gun01_diffuse.mat using Guid(b13762d93456fc840984b6e7ae20003f) Importer(2089858483,192608db42251d675da83286b1cce702) (ScriptedImporter) -> (artifact id: 'ba82bbd43816734b1c563edcd9a7a487') in 0.0645359 seconds
Number of updated asset objects reloaded before import = 0Number of asset objects unloaded after import = 4

========================================================================
Received Import Request.
  Time since last request: 0.000022 seconds.
  path: Assets/DenysAlmaral/CityPeople/Materials/people_pal_s18.mat
  artifactKey: Guid(d326e4d2c16efea41870b40bfcd95ca0) Importer(2089858483,192608db42251d675da83286b1cce702)
Start importing Assets/DenysAlmaral/CityPeople/Materials/people_pal_s18.mat using Guid(d326e4d2c16efea41870b40bfcd95ca0) Importer(2089858483,192608db42251d675da83286b1cce702) (ScriptedImporter) -> (artifact id: '87bbf5ae6b3cf065655283f08597fdcb') in 0.0254421 seconds
Number of updated asset objects reloaded before import = 0Number of asset objects unloaded after import = 4

========================================================================
Received Import Request.
  Time since last request: 0.000027 seconds.
  path: Assets/Fantasy Skybox FREE/Panoramics/FS002/FS002_Sunrise.png
  artifactKey: Guid(7deb3454b299fae498f2365d40aee326) Importer(2089858483,192608db42251d675da83286b1cce702)
Start importing Assets/Fantasy Skybox FREE/Panoramics/FS002/FS002_Sunrise.png using Guid(7deb3454b299fae498f2365d40aee326) Importer(2089858483,192608db42251d675da83286b1cce702) (ScriptedImporter) -> (artifact id: '0bc89271dcbf34e30400fd839c5616c9') in 0.0568177 seconds
Number of updated asset objects reloaded before import = 0Number of asset objects unloaded after import = 1

========================================================================
Received Import Request.
  Time since last request: 0.000059 seconds.
  path: Assets/Fantasy Skybox FREE/Cubemaps/Classic
  artifactKey: Guid(69ee00d9176dabc4687615071b161c20) Importer(2089858483,192608db42251d675da83286b1cce702)
Start importing Assets/Fantasy Skybox FREE/Cubemaps/Classic using Guid(69ee00d9176dabc4687615071b161c20) Importer(2089858483,192608db42251d675da83286b1cce702) (ScriptedImporter) -> (artifact id: '0cb792c011357a2ac76801ae72554adb') in 0.012801 seconds
Number of updated asset objects reloaded before import = 0Number of asset objects unloaded after import = 1

========================================================================
Received Import Request.
  Time since last request: 0.000034 seconds.
  path: Assets/DenysAlmaral/CityPeople/Demo_Scenes/Demo_free-samples_IsoCity.unity
  artifactKey: Guid(ab36b943f0a5fd14eaac25f51400f9cf) Importer(2089858483,192608db42251d675da83286b1cce702)
Start importing Assets/DenysAlmaral/CityPeople/Demo_Scenes/Demo_free-samples_IsoCity.unity using Guid(ab36b943f0a5fd14eaac25f51400f9cf) Importer(2089858483,192608db42251d675da83286b1cce702) (ScriptedImporter) -> (artifact id: '9778ca1664b77912cfac6e9e93d745a9') in 0.0330681 seconds
Number of updated asset objects reloaded before import = 0Number of asset objects unloaded after import = 1

========================================================================
Received Import Request.
  Time since last request: 0.000064 seconds.
  path: Assets/Scripts/Hub/BaseMapView.cs
  artifactKey: Guid(22005eb12f51c044bbd4f0753c6e9e16) Importer(2089858483,192608db42251d675da83286b1cce702)
Start importing Assets/Scripts/Hub/BaseMapView.cs using Guid(22005eb12f51c044bbd4f0753c6e9e16) Importer(2089858483,192608db42251d675da83286b1cce702) (ScriptedImporter) -> (artifact id: '60fdd4efe73d7e1459985c294c316d2d') in 0.0120939 seconds
Number of updated asset objects reloaded before import = 0Number of asset objects unloaded after import = 0

========================================================================
Received Import Request.
  Time since last request: 0.000028 seconds.
  path: Assets/Scripts/WardenAI.cs
  artifactKey: Guid(2066a047cf7ce604b8d4350c06c07e1b) Importer(2089858483,192608db42251d675da83286b1cce702)
Start importing Assets/Scripts/WardenAI.cs using Guid(2066a047cf7ce604b8d4350c06c07e1b) Importer(2089858483,192608db42251d675da83286b1cce702) (ScriptedImporter) -> (artifact id: '6855da320328359a0c27821945819175') in 0.0126296 seconds
Number of updated asset objects reloaded before import = 0Number of asset objects unloaded after import = 0

========================================================================
Received Import Request.
  Time since last request: 0.000031 seconds.
  path: Assets/DenysAlmaral/CityPeople/Animations/construction/ani_wtool_pipewrenchUse.fbx
  artifactKey: Guid(5bfd76ce34d2d5540b3beac253df64f3) Importer(2089858483,192608db42251d675da83286b1cce702)
Start importing Assets/DenysAlmaral/CityPeople/Animations/construction/ani_wtool_pipewrenchUse.fbx using Guid(5bfd76ce34d2d5540b3beac253df64f3) Importer(2089858483,192608db42251d675da83286b1cce702) (ScriptedImporter) -> (artifact id: '75f94b41b0bcd0ea9b3145ff04cdaac6') in 0.0203094 seconds
Number of updated asset objects reloaded before import = 0Number of asset objects unloaded after import = 72

========================================================================
Received Import Request.
  Time since last request: 0.000029 seconds.
  path: Assets/Fantasy Skybox FREE/Scenes/Textures (Lightmaps)
  artifactKey: Guid(dda702a668e5aff4e9f4f3c7ed4c199b) Importer(2089858483,192608db42251d675da83286b1cce702)
Start importing Assets/Fantasy Skybox FREE/Scenes/Textures (Lightmaps) using Guid(dda702a668e5aff4e9f4f3c7ed4c199b) Importer(2089858483,192608db42251d675da83286b1cce702) (ScriptedImporter) -> (artifact id: '5250de1a85a5017eb586ad115e4fe861') in 0.0101789 seconds
Number of updated asset objects reloaded before import = 0Number of asset objects unloaded after import = 1

========================================================================
Received Import Request.
  Time since last request: 0.000034 seconds.
  path: Assets/DenysAlmaral/CityPeople/Textures/people_pal_s16.png
  artifactKey: Guid(dcb30c3d715de094caf36c6e9ac128a8) Importer(2089858483,192608db42251d675da83286b1cce702)
Start importing Assets/DenysAlmaral/CityPeople/Textures/people_pal_s16.png using Guid(dcb30c3d715de094caf36c6e9ac128a8) Importer(2089858483,192608db42251d675da83286b1cce702) (ScriptedImporter) -> (artifact id: '6a629e66d43ca8dc886d437b73b15fc2') in 0.0202928 seconds
Number of updated asset objects reloaded before import = 0Number of asset objects unloaded after import = 1

========================================================================
Received Import Request.
  Time since last request: 0.000027 seconds.
  path: Assets/DenysAlmaral/CityPeople/Meshes/construction/tradesperson_man.fbx
  artifactKey: Guid(83482a1ea274a074c880e13ba22c5bf0) Importer(2089858483,192608db42251d675da83286b1cce702)
Start importing Assets/DenysAlmaral/CityPeople/Meshes/construction/tradesperson_man.fbx using Guid(83482a1ea274a074c880e13ba22c5bf0) Importer(2089858483,192608db42251d675da83286b1cce702) (ScriptedImporter) -> (artifact id: '932d2138b4c8e97c1cf949e05e380f8f') in 0.0209099 seconds
Number of updated asset objects reloaded before import = 0Number of asset objects unloaded after import = 74

========================================================================
Received Prepare
'Packages/com.unity.cinemachine/Editor/Obsolete/CinemachineVirtualCameraBaseEditor.cs' contains partial class of Unity.Object, exactly 1 of the partial classes needs to be in a file with the same filename. This is to know the one that can be referenced from ie. GameObjects
'Packages/com.unity.cinemachine/Editor/Editors/CinemachineVirtualCameraBaseEditor.cs' contains partial class of Unity.Object, exactly 1 of the partial classes needs to be in a file with the same filename. This is to know the one that can be referenced from ie. GameObjects
Shader Hidden/ProbeVolume/VoxelizeScene is not supported: GPU does not support conservative rasterization
Refreshing native plugins compatible for Editor in 1.09 ms, found 3 plugins.
Preloading 0 native plugins for Editor in 0.00 ms.
Unloading 14 Unused Serialized files (Serialized files now loaded: 0)
Unloading 6556 unused Assets / (4.2 MB). Loaded Objects now: 7540.
Memory consumption went from 168.5 MB to 164.3 MB.
Total: 12.467700 ms (FindLiveObjects: 0.684000 ms CreateObjectMapping: 0.813400 ms MarkObjects: 8.006600 ms  DeleteObjects: 2.962700 ms)

Prepare: number of updated asset objects reloaded= 0
========================================================================
Received Import Request.
  Time since last request: 0.422691 seconds.
  path: Assets/DenysAlmaral/CityPeople/Meshes/professions
  artifactKey: Guid(0a620b8d30ebaae42bfce5b4714f5b92) Importer(2089858483,192608db42251d675da83286b1cce702)
Start importing Assets/DenysAlmaral/CityPeople/Meshes/professions using Guid(0a620b8d30ebaae42bfce5b4714f5b92) Importer(2089858483,192608db42251d675da83286b1cce702) (ScriptedImporter) -> (artifact id: 'a7abcc18ec4fc13e9b82e2afb3f216cd') in 0.0120567 seconds
Number of updated asset objects reloaded before import = 0Number of asset objects unloaded after import = 1

========================================================================
Received Import Request.
  Time since last request: 0.000023 seconds.
  path: Assets/Art/QuikEvent/SK - VERTICAL - fijo.png
  artifactKey: Guid(fc3eef1f66aee5246a8fed911b3235eb) Importer(2089858483,192608db42251d675da83286b1cce702)
Start importing Assets/Art/QuikEvent/SK - VERTICAL - fijo.png using Guid(fc3eef1f66aee5246a8fed911b3235eb) Importer(2089858483,192608db42251d675da83286b1cce702) (ScriptedImporter) -> (artifact id: 'a2f75a79a021e1158df05a79c0f4eebc') in 0.0552109 seconds
Number of updated asset objects reloaded before import = 0Number of asset objects unloaded after import = 3

========================================================================
Received Import Request.
  Time since last request: 0.000021 seconds.
  path: Assets/DenysAlmaral/CityPeople/Animations/locom_f_basicWalk_30f.fbx
  artifactKey: Guid(a9ce97152abb7fc41ae2a29525434851) Importer(2089858483,192608db42251d675da83286b1cce702)
Start importing Assets/DenysAlmaral/CityPeople/Animations/locom_f_basicWalk_30f.fbx using Guid(a9ce97152abb7fc41ae2a29525434851) Importer(2089858483,192608db42251d675da83286b1cce702) (ScriptedImporter) -> (artifact id: '8c52f610d5179839f4f518cb8c9294aa') in 0.1629493 seconds
Number of updated asset objects reloaded before import = 0Number of asset objects unloaded after import = 72

========================================================================
Received Import Request.
  Time since last request: 0.000024 seconds.
  path: Assets/NikolayFedorov/PBR_Tiled/Textures/Wood/Wood_Bark01
  artifactKey: Guid(9abc5cbee4382ef4da5bd7567abeba89) Importer(2089858483,192608db42251d675da83286b1cce702)
Start importing Assets/NikolayFedorov/PBR_Tiled/Textures/Wood/Wood_Bark01 using Guid(9abc5cbee4382ef4da5bd7567abeba89) Importer(2089858483,192608db42251d675da83286b1cce702) (ScriptedImporter) -> (artifact id: '4e5f596562e3ff8890753534a8b5efb0') in 0.0126734 seconds
Number of updated asset objects reloaded before import = 0Number of asset objects unloaded after import = 1

========================================================================
Received Import Request.
  Time since last request: 0.000034 seconds.
  path: Assets/Art/Animations/Ch46_nonPBR@Standing To Crouched.fbx
  artifactKey: Guid(51ed2fcbb77c98243b22e56547ad05fb) Importer(2089858483,192608db42251d675da83286b1cce702)
Start importing Assets/Art/Animations/Ch46_nonPBR@Standing To Crouched.fbx using Guid(51ed2fcbb77c98243b22e56547ad05fb) Importer(2089858483,192608db42251d675da83286b1cce702) (ScriptedImporter) -> (artifact id: 'df656bc2a6ac7f435d91f30873d3f5f2') in 0.0699943 seconds
Number of updated asset objects reloaded before import = 0Number of asset objects unloaded after import = 137

========================================================================
Received Import Request.
  Time since last request: 0.000024 seconds.
  path: Assets/NikolayFedorov/PBR_Tiled/Textures/Roof/Roof_metall01/plane_3_3_DefaultMaterial_MetallicSmoothness.tga
  artifactKey: Guid(377de81c7d34eaa49875b28dde915719) Importer(2089858483,192608db42251d675da83286b1cce702)
Start importing Assets/NikolayFedorov/PBR_Tiled/Textures/Roof/Roof_metall01/plane_3_3_DefaultMaterial_MetallicSmoothness.tga using Guid(377de81c7d34eaa49875b28dde915719) Importer(2089858483,192608db42251d675da83286b1cce702) (ScriptedImporter) -> (artifact id: '52d3a1cdd459ae11e562f088c33342b0') in 0.0203473 seconds
Number of updated asset objects reloaded before import = 0Number of asset objects unloaded after import = 1

========================================================================
Received Import Request.
  Time since last request: 0.000033 seconds.
  path: Assets/DenysAlmaral/CityPeople/Materials/people_pal_s20.mat
  artifactKey: Guid(82f0aa2bc0c03634193a2331e5b66c6f) Importer(2089858483,192608db42251d675da83286b1cce702)
Start importing Assets/DenysAlmaral/CityPeople/Materials/people_pal_s20.mat using Guid(82f0aa2bc0c03634193a2331e5b66c6f) Importer(2089858483,192608db42251d675da83286b1cce702) (ScriptedImporter) -> (artifact id: '0b5bb3f0d0f2af96c7e3b80c9725fc4b') in 0.0522951 seconds
Number of updated asset objects reloaded before import = 0Number of asset objects unloaded after import = 4

========================================================================
Received Import Request.
  Time since last request: 0.350378 seconds.
  path: Assets/Fantasy Skybox FREE/Readme.txt
  artifactKey: Guid(53399a9960b4d94419f1b8fa47c146b7) Importer(2089858483,192608db42251d675da83286b1cce702)
Start importing Assets/Fantasy Skybox FREE/Readme.txt using Guid(53399a9960b4d94419f1b8fa47c146b7) Importer(2089858483,192608db42251d675da83286b1cce702) (ScriptedImporter) -> (artifact id: 'c28858385c31564367d79df6a223c110') in 0.074687 seconds
Number of updated asset objects reloaded before import = 0Number of asset objects unloaded after import = 1

========================================================================
Received Import Request.
  Time since last request: 0.000027 seconds.
  path: Assets/DenysAlmaral/CityPeople/Textures/people_pal_s14.png
  artifactKey: Guid(4326d46581a2ad240b03c7b17dd0704d) Importer(2089858483,192608db42251d675da83286b1cce702)
Start importing Assets/DenysAlmaral/CityPeople/Textures/people_pal_s14.png using Guid(4326d46581a2ad240b03c7b17dd0704d) Importer(2089858483,192608db42251d675da83286b1cce702) (ScriptedImporter) -> (artifact id: '9c7bdef3eed89fa1bb7175216cf0c447') in 0.0449157 seconds
Number of updated asset objects reloaded before import = 0Number of asset objects unloaded after import = 1

========================================================================
Received Import Request.
  Time since last request: 0.000031 seconds.
  path: Assets/Fantasy Skybox FREE/Panoramics/FS002/FS002_Sunrise.mat
  artifactKey: Guid(7c86d4abbd33b564b9e773aceadb8572) Importer(2089858483,192608db42251d675da83286b1cce702)
Start importing Assets/Fantasy Skybox FREE/Panoramics/FS002/FS002_Sunrise.mat using Guid(7c86d4abbd33b564b9e773aceadb8572) Importer(2089858483,192608db42251d675da83286b1cce702) (ScriptedImporter) -> (artifact id: '70d63e918bb5e0e72e2509bc81af65b3') in 0.0311155 seconds
Number of updated asset objects reloaded before import = 0Number of asset objects unloaded after import = 2

========================================================================
Received Import Request.
  Time since last request: 0.000026 seconds.
  path: Assets/Fantasy Skybox FREE/Cubemaps/Classic/FS000_Day_06.png
  artifactKey: Guid(5dd1dab73acb80a4ca4a200b35ea95e2) Importer(2089858483,192608db42251d675da83286b1cce702)
Start importing Assets/Fantasy Skybox FREE/Cubemaps/Classic/FS000_Day_06.png using Guid(5dd1dab73acb80a4ca4a200b35ea95e2) Importer(2089858483,192608db42251d675da83286b1cce702) (ScriptedImporter) -> (artifact id: 'a72af899c04388e0fab7a89775a67af1') in 0.0194027 seconds
Number of updated asset objects reloaded before import = 0Number of asset objects unloaded after import = 1

========================================================================
Received Import Request.
  Time since last request: 0.000023 seconds.
  path: Assets/Fantasy Skybox FREE/Panoramics/FS017/FS017_Day.mat
  artifactKey: Guid(0d5771081eb9abb43b1792b52260d914) Importer(2089858483,192608db42251d675da83286b1cce702)
Start importing Assets/Fantasy Skybox FREE/Panoramics/FS017/FS017_Day.mat using Guid(0d5771081eb9abb43b1792b52260d914) Importer(2089858483,192608db42251d675da83286b1cce702) (ScriptedImporter) -> (artifact id: '05bfe0da47d7ebe97a423ca896526bae') in 0.5554564 seconds
Number of updated asset objects reloaded before import = 0Number of asset objects unloaded after import = 2

========================================================================
Received Import Request.
  Time since last request: 0.799081 seconds.
  path: Assets/DenysAlmaral/CityPeople/Textures/people_pal_s6.png
  artifactKey: Guid(cbcae488c76beb248b268a89951b94b2) Importer(2089858483,192608db42251d675da83286b1cce702)
Start importing Assets/DenysAlmaral/CityPeople/Textures/people_pal_s6.png using Guid(cbcae488c76beb248b268a89951b94b2) Importer(2089858483,192608db42251d675da83286b1cce702) (ScriptedImporter) -> (artifact id: '595063557532e2af3b2ec8f0f7185f5d') in 0.02547 seconds
Number of updated asset objects reloaded before import = 0Number of asset objects unloaded after import = 1

========================================================================
Received Import Request.
  Time since last request: 0.000031 seconds.
  path: Assets/DenysAlmaral/CityPeople/Prefabs/PROPS/dummy props/dprop_streetSign.prefab
  artifactKey: Guid(c01b96ed1ad990043a05e4d301a114a7) Importer(2089858483,192608db42251d675da83286b1cce702)
Start importing Assets/DenysAlmaral/CityPeople/Prefabs/PROPS/dummy props/dprop_streetSign.prefab using Guid(c01b96ed1ad990043a05e4d301a114a7) Importer(2089858483,192608db42251d675da83286b1cce702) (ScriptedImporter) -> (artifact id: '768961a6f4066a0e4baac2475b811c8c') in 0.0699302 seconds
Number of updated asset objects reloaded before import = 0Number of asset objects unloaded after import = 8

========================================================================
Received Import Request.
  Time since last request: 0.000038 seconds.
  path: Assets/DenysAlmaral/CityPeople/Meshes/city
  artifactKey: Guid(026abde311a7c614f88343f648317434) Importer(2089858483,192608db42251d675da83286b1cce702)
Start importing Assets/DenysAlmaral/CityPeople/Meshes/city using Guid(026abde311a7c614f88343f648317434) Importer(2089858483,192608db42251d675da83286b1cce702) (ScriptedImporter) -> (artifact id: 'fdd3b4d814f651844a4f2f342b63ca24') in 0.0118604 seconds
Number of updated asset objects reloaded before import = 0Number of asset objects unloaded after import = 1

========================================================================
Received Import Request.
  Time since last request: 0.000040 seconds.
  path: Assets/NikolayFedorov/OldVillage/SurvivalOldHouse01/Materials/Wood_01_Base_Color.mat
  artifactKey: Guid(4db28192d88daba4b83a866c729d2d45) Importer(2089858483,192608db42251d675da83286b1cce702)
Start importing Assets/NikolayFedorov/OldVillage/SurvivalOldHouse01/Materials/Wood_01_Base_Color.mat using Guid(4db28192d88daba4b83a866c729d2d45) Importer(2089858483,192608db42251d675da83286b1cce702) (ScriptedImporter) -> (artifact id: '7df27ca607bddefb5d428a480d54a693') in 0.0324643 seconds
Number of updated asset objects reloaded before import = 0Number of asset objects unloaded after import = 1

========================================================================
Received Import Request.
  Time since last request: 0.000029 seconds.
  path: Assets/DenysAlmaral/CityPeople/Animations
  artifactKey: Guid(e427e8fa869636f499d239bae04c44f0) Importer(2089858483,192608db42251d675da83286b1cce702)
Start importing Assets/DenysAlmaral/CityPeople/Animations using Guid(e427e8fa869636f499d239bae04c44f0) Importer(2089858483,192608db42251d675da83286b1cce702) (ScriptedImporter) -> (artifact id: '886a879e19a9abab3a2e29886808d4fe') in 0.013404 seconds
Number of updated asset objects reloaded before import = 0Number of asset objects unloaded after import = 1

========================================================================
Received Import Request.
  Time since last request: 0.000025 seconds.
  path: Assets/DenysAlmaral/CityPeople/Materials/people_pal_s4.mat
  artifactKey: Guid(a53b5cf10715ebd49b6eb951b3b62c7a) Importer(2089858483,192608db42251d675da83286b1cce702)
Start importing Assets/DenysAlmaral/CityPeople/Materials/people_pal_s4.mat using Guid(a53b5cf10715ebd49b6eb951b3b62c7a) Importer(2089858483,192608db42251d675da83286b1cce702) (ScriptedImporter) -> (artifact id: '9c4843c97e1efb1d7cfd7f40c69cfb30') in 0.0315804 seconds
Number of updated asset objects reloaded before import = 0Number of asset objects unloaded after import = 4

========================================================================
Received Import Request.
  Time since last request: 0.000079 seconds.
  path: Assets/Fantasy Skybox FREE/Cubemaps/Classic/FS000_Day_02_Sunless.mat
  artifactKey: Guid(99a400087584f4263b1a8979d6007ad4) Importer(2089858483,192608db42251d675da83286b1cce702)
Start importing Assets/Fantasy Skybox FREE/Cubemaps/Classic/FS000_Day_02_Sunless.mat using Guid(99a400087584f4263b1a8979d6007ad4) Importer(2089858483,192608db42251d675da83286b1cce702) (ScriptedImporter) -> (artifact id: '9f9b9e680dd25c81f7a378d2552c32a2') in 0.0368623 seconds
Number of updated asset objects reloaded before import = 0Number of asset objects unloaded after import = 2

========================================================================
Received Import Request.
  Time since last request: 0.000051 seconds.
  path: Assets/DenysAlmaral/CityPeople/Meshes/PROPS/dummy props/dprop_plantPot.fbx
  artifactKey: Guid(e0f2c977fe35cf44986c7e9562a0af20) Importer(2089858483,192608db42251d675da83286b1cce702)
Start importing Assets/DenysAlmaral/CityPeople/Meshes/PROPS/dummy props/dprop_plantPot.fbx using Guid(e0f2c977fe35cf44986c7e9562a0af20) Importer(2089858483,192608db42251d675da83286b1cce702) (ScriptedImporter) -> (artifact id: '698aecd20cd329832bd5b673bf442e7c') in 0.0234016 seconds
Number of updated asset objects reloaded before import = 0Number of asset objects unloaded after import = 7

========================================================================
Received Import Request.
  Time since last request: 0.000026 seconds.
  path: Assets/Art/Character/Textures/Kurage_Shoes01_normal.png
  artifactKey: Guid(9a3ef8f079398044abc05003a6ffc8a2) Importer(2089858483,192608db42251d675da83286b1cce702)
Start importing Assets/Art/Character/Textures/Kurage_Shoes01_normal.png using Guid(9a3ef8f079398044abc05003a6ffc8a2) Importer(2089858483,192608db42251d675da83286b1cce702) (ScriptedImporter) -> (artifact id: '67e5dee55b7dd54a0b23840ea2920acd') in 0.0280182 seconds
Number of updated asset objects reloaded before import = 0Number of asset objects unloaded after import = 1

========================================================================
Received Import Request.
  Time since last request: 0.000031 seconds.
  path: Assets/DenysAlmaral/CityPeople/Demo_Scenes/Lights&Cameras/DLight.prefab
  artifactKey: Guid(46c628f13d7ddce4e8c6832926a6ce56) Importer(2089858483,192608db42251d675da83286b1cce702)
Start importing Assets/DenysAlmaral/CityPeople/Demo_Scenes/Lights&Cameras/DLight.prefab using Guid(46c628f13d7ddce4e8c6832926a6ce56) Importer(2089858483,192608db42251d675da83286b1cce702) (ScriptedImporter) -> (artifact id: 'eb4696cbe8f66a5dbcc8d236b77330e3') in 0.0542173 seconds
Number of updated asset objects reloaded before import = 0Number of asset objects unloaded after import = 6

========================================================================
Received Import Request.
  Time since last request: 0.074434 seconds.
  path: Assets/DenysAlmaral/CityPeople/Materials/tools.mat
  artifactKey: Guid(5d025c435a9d2ad4e9080be6f6b67964) Importer(2089858483,192608db42251d675da83286b1cce702)
Start importing Assets/DenysAlmaral/CityPeople/Materials/tools.mat using Guid(5d025c435a9d2ad4e9080be6f6b67964) Importer(2089858483,192608db42251d675da83286b1cce702) (ScriptedImporter) -> (artifact id: '333a6718c0a1cb6013d3651b9ef19b1b') in 0.0155746 seconds
Number of updated asset objects reloaded before import = 0Number of asset objects unloaded after import = 3

========================================================================
Received Import Request.
  Time since last request: 0.000025 seconds.
  path: Assets/DenysAlmaral/CityPeople/Prefabs/PROPS/dummy props/dprop_bicycle.prefab
  artifactKey: Guid(70d20ff69b07b984ba5cc86bdca25457) Importer(2089858483,192608db42251d675da83286b1cce702)
Start importing Assets/DenysAlmaral/CityPeople/Prefabs/PROPS/dummy props/dprop_bicycle.prefab using Guid(70d20ff69b07b984ba5cc86bdca25457) Importer(2089858483,192608db42251d675da83286b1cce702) (ScriptedImporter) -> (artifact id: 'b569bc43824356bdb0f0bbe51f1519eb') in 0.072248 seconds
Number of updated asset objects reloaded before import = 0Number of asset objects unloaded after import = 43

========================================================================
Received Import Request.
  Time since last request: 0.299092 seconds.
  path: Assets/DenysAlmaral/CityPeople/Demo_Scenes/Demo_2_IsoCity free-samples/Lightmap-0_comp_dir.png
  artifactKey: Guid(d365d9712fcb95a4e883fe77a85d0fdb) Importer(2089858483,192608db42251d675da83286b1cce702)
Start importing Assets/DenysAlmaral/CityPeople/Demo_Scenes/Demo_2_IsoCity free-samples/Lightmap-0_comp_dir.png using Guid(d365d9712fcb95a4e883fe77a85d0fdb) Importer(2089858483,192608db42251d675da83286b1cce702) (ScriptedImporter) -> (artifact id: 'a6aaac7617c689867658140e4c6335a9') in 0.2031233 seconds
Number of updated asset objects reloaded before import = 0Number of asset objects unloaded after import = 1

========================================================================
Received Import Request.
  Time since last request: 0.240350 seconds.
  path: Assets/NikolayFedorov/PBR_Tiled/MaterialsPBR/Wall01.mat
  artifactKey: Guid(cbe552ac1dea29242a52090848b90493) Importer(2089858483,192608db42251d675da83286b1cce702)
Start importing Assets/NikolayFedorov/PBR_Tiled/MaterialsPBR/Wall01.mat using Guid(cbe552ac1dea29242a52090848b90493) Importer(2089858483,192608db42251d675da83286b1cce702) (ScriptedImporter) -> (artifact id: 'b73f75738c65b6afd29fc7409b6600a6') in 0.1165475 seconds
Number of updated asset objects reloaded before import = 0Number of asset objects unloaded after import = 4

========================================================================
Received Import Request.
  Time since last request: 0.318437 seconds.
  path: Assets/DenysAlmaral/CityPeople/Materials/people_pal_s15.mat
  artifactKey: Guid(5f1f813d6374c8942a690118d2c0c070) Importer(2089858483,192608db42251d675da83286b1cce702)
Start importing Assets/DenysAlmaral/CityPeople/Materials/people_pal_s15.mat using Guid(5f1f813d6374c8942a690118d2c0c070) Importer(2089858483,192608db42251d675da83286b1cce702) (ScriptedImporter) -> (artifact id: '61833b954d99224678153d4d0de7f7fe') in 0.1392134 seconds
Number of updated asset objects reloaded before import = 0Number of asset objects unloaded after import = 4

========================================================================
Received Import Request.
  Time since last request: 0.000029 seconds.
  path: Assets/SpaceZeta_PlasticTrashBins/Materials/Trashbin_normal.png
  artifactKey: Guid(b30d7f199a9fff64a89c38806194cd6e) Importer(2089858483,192608db42251d675da83286b1cce702)
Start importing Assets/SpaceZeta_PlasticTrashBins/Materials/Trashbin_normal.png using Guid(b30d7f199a9fff64a89c38806194cd6e) Importer(2089858483,192608db42251d675da83286b1cce702) (ScriptedImporter) -> (artifact id: '914a523201619d6a21ee501c90c21335') in 0.0228777 seconds
Number of updated asset objects reloaded before import = 0Number of asset objects unloaded after import = 1

========================================================================
Received Import Request.
  Time since last request: 0.000034 seconds.
  path: Assets/DenysAlmaral/CityPeople/Materials/dummyProp.mat
  artifactKey: Guid(21d9e169241a90a45bf52ac307cb6a95) Importer(2089858483,192608db42251d675da83286b1cce702)
Start importing Assets/DenysAlmaral/CityPeople/Materials/dummyProp.mat using Guid(21d9e169241a90a45bf52ac307cb6a95) Importer(2089858483,192608db42251d675da83286b1cce702) (ScriptedImporter) -> (artifact id: '591290c0cd21d1cd86866cc9fe3a8ce0') in 0.0274681 seconds
Number of updated asset objects reloaded before import = 0Number of asset objects unloaded after import = 2

========================================================================
Received Import Request.
  Time since last request: 0.000041 seconds.
  path: Assets/NikolayFedorov/OldVillage/SurvivalOldHouse01/Materials/WoodBark.mat
  artifactKey: Guid(61513ce0e48de954d82d52f5e32ca328) Importer(2089858483,192608db42251d675da83286b1cce702)
Start importing Assets/NikolayFedorov/OldVillage/SurvivalOldHouse01/Materials/WoodBark.mat using Guid(61513ce0e48de954d82d52f5e32ca328) Importer(2089858483,192608db42251d675da83286b1cce702) (ScriptedImporter) -> (artifact id: 'f42d97926986d9697c2f5eae53511796') in 0.132162 seconds
Number of updated asset objects reloaded before import = 0Number of asset objects unloaded after import = 1

========================================================================
Received Import Request.
  Time since last request: 0.953113 seconds.
  path: Assets/DenysAlmaral/CityPeople/Demo_Scenes/Scripts/PackageExporterRefs.cs
  artifactKey: Guid(bca55c8cc0c4e224bad8e5152626b422) Importer(2089858483,192608db42251d675da83286b1cce702)
Start importing Assets/DenysAlmaral/CityPeople/Demo_Scenes/Scripts/PackageExporterRefs.cs using Guid(bca55c8cc0c4e224bad8e5152626b422) Importer(2089858483,192608db42251d675da83286b1cce702) (ScriptedImporter) -> (artifact id: '00f59e518334f0ca62c18cf441813b2b') in 0.0120179 seconds
Number of updated asset objects reloaded before import = 0Number of asset objects unloaded after import = 0

========================================================================
Received Import Request.
  Time since last request: 0.000036 seconds.
  path: Assets/Art/Character/Models/Materials/Kurage_Skirt_diffuse.mat
  artifactKey: Guid(3149764364dd7f942ac9f526f3e8b06f) Importer(2089858483,192608db42251d675da83286b1cce702)
Start importing Assets/Art/Character/Models/Materials/Kurage_Skirt_diffuse.mat using Guid(3149764364dd7f942ac9f526f3e8b06f) Importer(2089858483,192608db42251d675da83286b1cce702) (ScriptedImporter) -> (artifact id: '7f66e25adb16f2effa76fcfd14bd2278') in 0.0685838 seconds
Number of updated asset objects reloaded before import = 0Number of asset objects unloaded after import = 4

========================================================================
Received Import Request.
  Time since last request: 0.299445 seconds.
  path: Assets/DenysAlmaral/CityPeople/Animations/locom_m_phoneWalking_40f.fbx
  artifactKey: Guid(2956c9278508b1b43bc612bda9a89c85) Importer(2089858483,192608db42251d675da83286b1cce702)
Start importing Assets/DenysAlmaral/CityPeople/Animations/locom_m_phoneWalking_40f.fbx using Guid(2956c9278508b1b43bc612bda9a89c85) Importer(2089858483,192608db42251d675da83286b1cce702) (ScriptedImporter) -> (artifact id: '1bb15af126952d5d1bc8604706ebfeab') in 0.0815894 seconds
Number of updated asset objects reloaded before import = 0Number of asset objects unloaded after import = 72

========================================================================
Received Import Request.
  Time since last request: 0.362248 seconds.
  path: Assets/DenysAlmaral/CityPeople/Materials/people_pal_s11.mat
  artifactKey: Guid(a7f5d31735ea3364eb13ebcddfa6fa13) Importer(2089858483,192608db42251d675da83286b1cce702)
Start importing Assets/DenysAlmaral/CityPeople/Materials/people_pal_s11.mat using Guid(a7f5d31735ea3364eb13ebcddfa6fa13) Importer(2089858483,192608db42251d675da83286b1cce702) (ScriptedImporter) -> (artifact id: 'b77c4169a5f053483e5021f12d2e7522') in 0.0285214 seconds
Number of updated asset objects reloaded before import = 0Number of asset objects unloaded after import = 4

========================================================================
Received Import Request.
  Time since last request: 0.410787 seconds.
  path: Assets/Scripts/PressurePlate.cs
  artifactKey: Guid(02fe411acc3b34f44a437677ab971dea) Importer(2089858483,192608db42251d675da83286b1cce702)
Start importing Assets/Scripts/PressurePlate.cs using Guid(02fe411acc3b34f44a437677ab971dea) Importer(2089858483,192608db42251d675da83286b1cce702) (ScriptedImporter) -> (artifact id: '0b73324cae8b8dfcc8fae247d634f929') in 0.0132961 seconds
Number of updated asset objects reloaded before import = 0Number of asset objects unloaded after import = 0

========================================================================
Received Import Request.
  Time since last request: 0.000032 seconds.
  path: Assets/Fantasy Skybox FREE/Cubemaps/Classic/FS000_Day_02.mat
  artifactKey: Guid(fa95802f80bd745cfb5e9c89f7e22341) Importer(2089858483,192608db42251d675da83286b1cce702)
Start importing Assets/Fantasy Skybox FREE/Cubemaps/Classic/FS000_Day_02.mat using Guid(fa95802f80bd745cfb5e9c89f7e22341) Importer(2089858483,192608db42251d675da83286b1cce702) (ScriptedImporter) -> (artifact id: '989517931140de7edfc1bb5366491683') in 0.0343657 seconds
Number of updated asset objects reloaded before import = 0Number of asset objects unloaded after import = 2

========================================================================
Received Import Request.
  Time since last request: 0.000030 seconds.
  path: Assets/Fantasy Skybox FREE/Cubemaps/Classic/FS000_Night_02_Moonless.mat
  artifactKey: Guid(94caf2ba4ca5e46bfaba53afcc8778dd) Importer(2089858483,192608db42251d675da83286b1cce702)
Start importing Assets/Fantasy Skybox FREE/Cubemaps/Classic/FS000_Night_02_Moonless.mat using Guid(94caf2ba4ca5e46bfaba53afcc8778dd) Importer(2089858483,192608db42251d675da83286b1cce702) (ScriptedImporter) -> (artifact id: '79f1a8e7ad7795fdce37652bf7152039') in 0.0216542 seconds
Number of updated asset objects reloaded before import = 0Number of asset objects unloaded after import = 2

========================================================================
Received Import Request.
  Time since last request: 0.000029 seconds.
  path: Assets/Fantasy Skybox FREE/Panoramics/FS017/FS017_Day.png
  artifactKey: Guid(53129b20db5c19c4a9f4fcd4efd08b96) Importer(2089858483,192608db42251d675da83286b1cce702)
Start importing Assets/Fantasy Skybox FREE/Panoramics/FS017/FS017_Day.png using Guid(53129b20db5c19c4a9f4fcd4efd08b96) Importer(2089858483,192608db42251d675da83286b1cce702) (ScriptedImporter) -> (artifact id: '838790073372992f9a62fb126f214f8a') in 0.0241425 seconds
Number of updated asset objects reloaded before import = 0Number of asset objects unloaded after import = 1

========================================================================
Received Import Request.
  Time since last request: 0.000038 seconds.
  path: Assets/DenysAlmaral/CityPeople/Animations/locom_f_phoneWalking_40f.fbx
  artifactKey: Guid(a589e693a8baf10489fd11987487a4f8) Importer(2089858483,192608db42251d675da83286b1cce702)
Start importing Assets/DenysAlmaral/CityPeople/Animations/locom_f_phoneWalking_40f.fbx using Guid(a589e693a8baf10489fd11987487a4f8) Importer(2089858483,192608db42251d675da83286b1cce702) (ScriptedImporter) -> (artifact id: '1455b2d58b11dc83aa4fda2e68e03e24') in 0.0474586 seconds
Number of updated asset objects reloaded before import = 0Number of asset objects unloaded after import = 72

========================================================================
Received Import Request.
  Time since last request: 0.000028 seconds.
  path: Assets/Scripts/PowerUp.cs
  artifactKey: Guid(240d1480b57d2ea49a1fb322302d41c9) Importer(2089858483,192608db42251d675da83286b1cce702)
Start importing Assets/Scripts/PowerUp.cs using Guid(240d1480b57d2ea49a1fb322302d41c9) Importer(2089858483,192608db42251d675da83286b1cce702) (ScriptedImporter) -> (artifact id: 'ec48ca972e08b4435ca6da42ff84d68e') in 0.0162855 seconds
Number of updated asset objects reloaded before import = 0Number of asset objects unloaded after import = 0

========================================================================
Received Import Request.
  Time since last request: 0.000031 seconds.
  path: Assets/DenysAlmaral/CityPeople/Prefabs/tools/tool_drill.prefab
  artifactKey: Guid(bd829d79e9886b74384d5b60036b4ecc) Importer(2089858483,192608db42251d675da83286b1cce702)
Start importing Assets/DenysAlmaral/CityPeople/Prefabs/tools/tool_drill.prefab using Guid(bd829d79e9886b74384d5b60036b4ecc) Importer(2089858483,192608db42251d675da83286b1cce702) (ScriptedImporter) -> (artifact id: '2914c0c0eab8bb9d3cd6f46420183f78') in 0.0432732 seconds
Number of updated asset objects reloaded before import = 0Number of asset objects unloaded after import = 8

========================================================================
Received Import Request.
  Time since last request: 0.000027 seconds.
  path: Assets/DenysAlmaral/CityPeople/Animations/construction/ani_wtool_swap.fbx
  artifactKey: Guid(059ecfaf0825e92468d4e6ea34d82a74) Importer(2089858483,192608db42251d675da83286b1cce702)
Start importing Assets/DenysAlmaral/CityPeople/Animations/construction/ani_wtool_swap.fbx using Guid(059ecfaf0825e92468d4e6ea34d82a74) Importer(2089858483,192608db42251d675da83286b1cce702) (ScriptedImporter) -> (artifact id: 'f294be62899168d5780ed88f3de58eaa') in 0.1027985 seconds
Number of updated asset objects reloaded before import = 0Number of asset objects unloaded after import = 74

========================================================================
Received Import Request.
  Time since last request: 0.000039 seconds.
  path: Assets/NikolayFedorov/PBR_Tiled/Textures/Wood/Wood_planks02/plane_3_3_DefaultMaterial_Normal.tga
  artifactKey: Guid(f845b8c49b6fdd44abf7e8cb1d494b62) Importer(2089858483,192608db42251d675da83286b1cce702)
Start importing Assets/NikolayFedorov/PBR_Tiled/Textures/Wood/Wood_planks02/plane_3_3_DefaultMaterial_Normal.tga using Guid(f845b8c49b6fdd44abf7e8cb1d494b62) Importer(2089858483,192608db42251d675da83286b1cce702) (ScriptedImporter) -> (artifact id: '799fab0bee4d81425523cc08b7622cf3') in 0.0253542 seconds
Number of updated asset objects reloaded before import = 0Number of asset objects unloaded after import = 1

========================================================================
Received Import Request.
  Time since last request: 0.000027 seconds.
  path: Assets/Fantasy Skybox FREE/Panoramics/FS013/FS013_Night.mat
  artifactKey: Guid(6eecb3bb77b3f7a43a504fceda3b0b5f) Importer(2089858483,192608db42251d675da83286b1cce702)
Start importing Assets/Fantasy Skybox FREE/Panoramics/FS013/FS013_Night.mat using Guid(6eecb3bb77b3f7a43a504fceda3b0b5f) Importer(2089858483,192608db42251d675da83286b1cce702) (ScriptedImporter) -> (artifact id: '7edfcf157f256e35e4bac7141958631d') in 0.0215419 seconds
Number of updated asset objects reloaded before import = 0Number of asset objects unloaded after import = 2

========================================================================
Received Import Request.
  Time since last request: 0.000034 seconds.
  path: Assets/Fantasy Skybox FREE/Scenes/Textures (Terrain)/TerrainRock.terrainlayer
  artifactKey: Guid(ca948470117be2143a600fa882a2b77a) Importer(2089858483,192608db42251d675da83286b1cce702)
Start importing Assets/Fantasy Skybox FREE/Scenes/Textures (Terrain)/TerrainRock.terrainlayer using Guid(ca948470117be2143a600fa882a2b77a) Importer(2089858483,192608db42251d675da83286b1cce702) (ScriptedImporter) -> (artifact id: '6a103a811de69536befdd05bd42a9102') in 0.0297213 seconds
Number of updated asset objects reloaded before import = 0Number of asset objects unloaded after import = 3

========================================================================
Received Import Request.
  Time since last request: 0.000126 seconds.
  path: Assets/Art/Character/Textures/Kurage_Hat_occlusion.png
  artifactKey: Guid(cd91818738b6cca4aa157cf2efb02a46) Importer(2089858483,192608db42251d675da83286b1cce702)
Start importing Assets/Art/Character/Textures/Kurage_Hat_occlusion.png using Guid(cd91818738b6cca4aa157cf2efb02a46) Importer(2089858483,192608db42251d675da83286b1cce702) (ScriptedImporter) -> (artifact id: '45b864fb5fbae89574e8577879da1efc') in 0.0256417 seconds
Number of updated asset objects reloaded before import = 0Number of asset objects unloaded after import = 1

========================================================================
Received Prepare
'Packages/com.unity.cinemachine/Editor/Obsolete/CinemachineVirtualCameraBaseEditor.cs' contains partial class of Unity.Object, exactly 1 of the partial classes needs to be in a file with the same filename. This is to know the one that can be referenced from ie. GameObjects
'Packages/com.unity.cinemachine/Editor/Editors/CinemachineVirtualCameraBaseEditor.cs' contains partial class of Unity.Object, exactly 1 of the partial classes needs to be in a file with the same filename. This is to know the one that can be referenced from ie. GameObjects
Shader Hidden/ProbeVolume/VoxelizeScene is not supported: GPU does not support conservative rasterization
Refreshing native plugins compatible for Editor in 1.30 ms, found 3 plugins.
Preloading 0 native plugins for Editor in 0.00 ms.
Unloading 14 Unused Serialized files (Serialized files now loaded: 0)
Unloading 6556 unused Assets / (4.4 MB). Loaded Objects now: 7540.
Memory consumption went from 168.6 MB to 164.2 MB.
Total: 15.762200 ms (FindLiveObjects: 1.019000 ms CreateObjectMapping: 0.756300 ms MarkObjects: 10.600600 ms  DeleteObjects: 3.385200 ms)

Prepare: number of updated asset objects reloaded= 0
========================================================================
Received Prepare
Assembly reference Packages/com.unity.cinemachine/Editor/Samples/ExposeHDRPInternals/HDRP-Editor-ref.asmref has no target assembly definition
Assembly reference Packages/com.unity.cinemachine/Editor/Samples/ExposeHDRPInternals/HDRP-Editor-ref.asmref has no target assembly definition
Begin MonoManager ReloadAssembly
[Licensing::Client] Successfully resolved entitlement details
- Loaded All Assemblies, in  0.932 seconds
Assembly reference Packages/com.unity.cinemachine/Editor/Samples/ExposeHDRPInternals/HDRP-Editor-ref.asmref has no target assembly definition
'Packages/com.unity.cinemachine/Editor/Obsolete/CinemachineVirtualCameraBaseEditor.cs' contains partial class of Unity.Object, exactly 1 of the partial classes needs to be in a file with the same filename. This is to know the one that can be referenced from ie. GameObjects
'Packages/com.unity.cinemachine/Editor/Editors/CinemachineVirtualCameraBaseEditor.cs' contains partial class of Unity.Object, exactly 1 of the partial classes needs to be in a file with the same filename. This is to know the one that can be referenced from ie. GameObjects
Refreshing native plugins compatible for Editor in 1.26 ms, found 3 plugins.
Native extension for WindowsStandalone target not found
Assembly reference Packages/com.unity.cinemachine/Editor/Samples/ExposeHDRPInternals/HDRP-Editor-ref.asmref has no target assembly definition
[Package Manager] Failed to launch server process. Reason: Unity was launched with the -noUpm command-line argument
[Package Manager] Unable to send message (not connected to server process).
[Package Manager] Cannot connect to Unity Package Manager local server
[Package Manager] Failed to launch server process. Reason: Unity was launched with the -noUpm command-line argument
[Package Manager] Unable to send message (not connected to server process).
[Package Manager] Cannot connect to Unity Package Manager local server
Mono: successfully reloaded assembly
- Finished resetting the current domain, in  0.849 seconds
Domain Reload Profiling: 1784ms
	BeginReloadAssembly (311ms)
		ExecutionOrderSort (0ms)
		DisableScriptedObjects (34ms)
		BackupInstance (0ms)
		ReleaseScriptingObjects (0ms)
		CreateAndSetChildDomain (96ms)
	RebuildCommonClasses (44ms)
	RebuildNativeTypeToScriptingClass (13ms)
	initialDomainReloadingComplete (36ms)
	LoadAllAssembliesAndSetupDomain (531ms)
		LoadAssemblies (428ms)
		RebuildTransferFunctionScriptingTraits (0ms)
		AnalyzeDomain (206ms)
			TypeCache.Refresh (11ms)
				TypeCache.ScanAssembly (1ms)
			BuildScriptInfoCaches (178ms)
			ResolveRequiredComponents (13ms)
	FinalizeReload (850ms)
		ReleaseScriptCaches (0ms)
		RebuildScriptCaches (0ms)
		SetupLoadedEditorAssemblies (678ms)
			LogAssemblyErrors (0ms)
			InitializePlatformSupportModulesInManaged (3ms)
			SetLoadedEditorAssemblies (5ms)
			BeforeProcessingInitializeOnLoad (125ms)
			ProcessInitializeOnLoadAttributes (476ms)
			ProcessInitializeOnLoadMethodAttributes (62ms)
			AfterProcessingInitializeOnLoad (7ms)
			EditorAssembliesLoaded (1ms)
		ExecutionOrderSort2 (0ms)
		AwakeInstancesAfterBackupRestoration (16ms)
Shader Hidden/ProbeVolume/VoxelizeScene is not supported: GPU does not support conservative rasterization
Refreshing native plugins compatible for Editor in 1.30 ms, found 3 plugins.
Preloading 0 native plugins for Editor in 0.00 ms.
Unloading 14 Unused Serialized files (Serialized files now loaded: 0)
Unloading 6559 unused Assets / (4.7 MB). Loaded Objects now: 7423.
Memory consumption went from 162.9 MB to 158.2 MB.
Total: 9.005000 ms (FindLiveObjects: 0.710800 ms CreateObjectMapping: 0.493300 ms MarkObjects: 4.545400 ms  DeleteObjects: 3.254500 ms)

Prepare: number of updated asset objects reloaded= 0
========================================================================
Received Import Request.
  Time since last request: 20.246441 seconds.
  path: Assets/Scripts/MaterialInventory.cs
  artifactKey: Guid(6ccf48ae6374de34d93608ad7d80a8e7) Importer(815301076,1909f56bfc062723c751e8b465ee728b)
Start importing Assets/Scripts/MaterialInventory.cs using Guid(6ccf48ae6374de34d93608ad7d80a8e7) Importer(815301076,1909f56bfc062723c751e8b465ee728b) (PreviewImporter) -> (artifact id: 'af778ca16a2ac8d0b6150d855ffba010') in 0.0019942 seconds
Number of updated asset objects reloaded before import = 0Number of asset objects unloaded after import = 0

========================================================================
Received Prepare
'Packages/com.unity.cinemachine/Editor/Obsolete/CinemachineVirtualCameraBaseEditor.cs' contains partial class of Unity.Object, exactly 1 of the partial classes needs to be in a file with the same filename. This is to know the one that can be referenced from ie. GameObjects
'Packages/com.unity.cinemachine/Editor/Editors/CinemachineVirtualCameraBaseEditor.cs' contains partial class of Unity.Object, exactly 1 of the partial classes needs to be in a file with the same filename. This is to know the one that can be referenced from ie. GameObjects
Shader Hidden/ProbeVolume/VoxelizeScene is not supported: GPU does not support conservative rasterization
Refreshing native plugins compatible for Editor in 1.13 ms, found 3 plugins.
Preloading 0 native plugins for Editor in 0.00 ms.
Unloading 14 Unused Serialized files (Serialized files now loaded: 0)
Unloading 6553 unused Assets / (4.6 MB). Loaded Objects now: 7423.
Memory consumption went from 163.0 MB to 158.4 MB.
Total: 11.365000 ms (FindLiveObjects: 1.096400 ms CreateObjectMapping: 0.959400 ms MarkObjects: 6.277600 ms  DeleteObjects: 3.030300 ms)

Prepare: number of updated asset objects reloaded= 0
========================================================================
Received Prepare
Assembly reference Packages/com.unity.cinemachine/Editor/Samples/ExposeHDRPInternals/HDRP-Editor-ref.asmref has no target assembly definition
Assembly reference Packages/com.unity.cinemachine/Editor/Samples/ExposeHDRPInternals/HDRP-Editor-ref.asmref has no target assembly definition
Begin MonoManager ReloadAssembly
[Licensing::Client] Successfully resolved entitlement details
- Loaded All Assemblies, in  0.865 seconds
Assembly reference Packages/com.unity.cinemachine/Editor/Samples/ExposeHDRPInternals/HDRP-Editor-ref.asmref has no target assembly definition
'Packages/com.unity.cinemachine/Editor/Obsolete/CinemachineVirtualCameraBaseEditor.cs' contains partial class of Unity.Object, exactly 1 of the partial classes needs to be in a file with the same filename. This is to know the one that can be referenced from ie. GameObjects
'Packages/com.unity.cinemachine/Editor/Editors/CinemachineVirtualCameraBaseEditor.cs' contains partial class of Unity.Object, exactly 1 of the partial classes needs to be in a file with the same filename. This is to know the one that can be referenced from ie. GameObjects
Refreshing native plugins compatible for Editor in 1.54 ms, found 3 plugins.
Native extension for WindowsStandalone target not found
Assembly reference Packages/com.unity.cinemachine/Editor/Samples/ExposeHDRPInternals/HDRP-Editor-ref.asmref has no target assembly definition
[Package Manager] Failed to launch server process. Reason: Unity was launched with the -noUpm command-line argument
[Package Manager] Unable to send message (not connected to server process).
[Package Manager] Cannot connect to Unity Package Manager local server
[Package Manager] Failed to launch server process. Reason: Unity was launched with the -noUpm command-line argument
[Package Manager] Unable to send message (not connected to server process).
[Package Manager] Cannot connect to Unity Package Manager local server
Mono: successfully reloaded assembly
- Finished resetting the current domain, in  0.926 seconds
Domain Reload Profiling: 1792ms
	BeginReloadAssembly (250ms)
		ExecutionOrderSort (0ms)
		DisableScriptedObjects (8ms)
		BackupInstance (0ms)
		ReleaseScriptingObjects (0ms)
		CreateAndSetChildDomain (64ms)
	RebuildCommonClasses (42ms)
	RebuildNativeTypeToScriptingClass (15ms)
	initialDomainReloadingComplete (37ms)
	LoadAllAssembliesAndSetupDomain (521ms)
		LoadAssemblies (416ms)
		RebuildTransferFunctionScriptingTraits (0ms)
		AnalyzeDomain (215ms)
			TypeCache.Refresh (10ms)
				TypeCache.ScanAssembly (1ms)
			BuildScriptInfoCaches (183ms)
			ResolveRequiredComponents (15ms)
	FinalizeReload (927ms)
		ReleaseScriptCaches (0ms)
		RebuildScriptCaches (0ms)
		SetupLoadedEditorAssemblies (736ms)
			LogAssemblyErrors (0ms)
			InitializePlatformSupportModulesInManaged (3ms)
			SetLoadedEditorAssemblies (7ms)
			BeforeProcessingInitializeOnLoad (154ms)
			ProcessInitializeOnLoadAttributes (500ms)
			ProcessInitializeOnLoadMethodAttributes (62ms)
			AfterProcessingInitializeOnLoad (9ms)
			EditorAssembliesLoaded (0ms)
		ExecutionOrderSort2 (0ms)
		AwakeInstancesAfterBackupRestoration (18ms)
Shader Hidden/ProbeVolume/VoxelizeScene is not supported: GPU does not support conservative rasterization
Refreshing native plugins compatible for Editor in 1.36 ms, found 3 plugins.
Preloading 0 native plugins for Editor in 0.00 ms.
Unloading 14 Unused Serialized files (Serialized files now loaded: 0)
Unloading 6559 unused Assets / (4.6 MB). Loaded Objects now: 7426.
Memory consumption went from 162.8 MB to 158.2 MB.
Total: 13.177500 ms (FindLiveObjects: 1.230200 ms CreateObjectMapping: 0.706600 ms MarkObjects: 6.671100 ms  DeleteObjects: 4.568500 ms)

Prepare: number of updated asset objects reloaded= 0
========================================================================
Received Prepare
'Packages/com.unity.cinemachine/Editor/Obsolete/CinemachineVirtualCameraBaseEditor.cs' contains partial class of Unity.Object, exactly 1 of the partial classes needs to be in a file with the same filename. This is to know the one that can be referenced from ie. GameObjects
'Packages/com.unity.cinemachine/Editor/Editors/CinemachineVirtualCameraBaseEditor.cs' contains partial class of Unity.Object, exactly 1 of the partial classes needs to be in a file with the same filename. This is to know the one that can be referenced from ie. GameObjects
Shader Hidden/ProbeVolume/VoxelizeScene is not supported: GPU does not support conservative rasterization
Refreshing native plugins compatible for Editor in 1.12 ms, found 3 plugins.
Preloading 0 native plugins for Editor in 0.00 ms.
Unloading 14 Unused Serialized files (Serialized files now loaded: 0)
Unloading 6553 unused Assets / (4.4 MB). Loaded Objects now: 7426.
Memory consumption went from 163.0 MB to 158.6 MB.
Total: 10.023800 ms (FindLiveObjects: 0.851500 ms CreateObjectMapping: 0.636800 ms MarkObjects: 5.550500 ms  DeleteObjects: 2.983800 ms)

Prepare: number of updated asset objects reloaded= 0
========================================================================
Received Prepare
Assembly reference Packages/com.unity.cinemachine/Editor/Samples/ExposeHDRPInternals/HDRP-Editor-ref.asmref has no target assembly definition
Assembly reference Packages/com.unity.cinemachine/Editor/Samples/ExposeHDRPInternals/HDRP-Editor-ref.asmref has no target assembly definition
Begin MonoManager ReloadAssembly
[Licensing::Client] Successfully resolved entitlement details
- Loaded All Assemblies, in  0.852 seconds
Assembly reference Packages/com.unity.cinemachine/Editor/Samples/ExposeHDRPInternals/HDRP-Editor-ref.asmref has no target assembly definition
'Packages/com.unity.cinemachine/Editor/Obsolete/CinemachineVirtualCameraBaseEditor.cs' contains partial class of Unity.Object, exactly 1 of the partial classes needs to be in a file with the same filename. This is to know the one that can be referenced from ie. GameObjects
'Packages/com.unity.cinemachine/Editor/Editors/CinemachineVirtualCameraBaseEditor.cs' contains partial class of Unity.Object, exactly 1 of the partial classes needs to be in a file with the same filename. This is to know the one that can be referenced from ie. GameObjects
Refreshing native plugins compatible for Editor in 1.13 ms, found 3 plugins.
Native extension for WindowsStandalone target not found
Assembly reference Packages/com.unity.cinemachine/Editor/Samples/ExposeHDRPInternals/HDRP-Editor-ref.asmref has no target assembly definition
[Package Manager] Failed to launch server process. Reason: Unity was launched with the -noUpm command-line argument
[Package Manager] Unable to send message (not connected to server process).
[Package Manager] Cannot connect to Unity Package Manager local server
[Package Manager] Failed to launch server process. Reason: Unity was launched with the -noUpm command-line argument
[Package Manager] Unable to send message (not connected to server process).
[Package Manager] Cannot connect to Unity Package Manager local server
Mono: successfully reloaded assembly
- Finished resetting the current domain, in  0.824 seconds
Domain Reload Profiling: 1675ms
	BeginReloadAssembly (233ms)
		ExecutionOrderSort (0ms)
		DisableScriptedObjects (6ms)
		BackupInstance (0ms)
		ReleaseScriptingObjects (0ms)
		CreateAndSetChildDomain (58ms)
	RebuildCommonClasses (43ms)
	RebuildNativeTypeToScriptingClass (13ms)
	initialDomainReloadingComplete (39ms)
	LoadAllAssembliesAndSetupDomain (524ms)
		LoadAssemblies (412ms)
		RebuildTransferFunctionScriptingTraits (0ms)
		AnalyzeDomain (219ms)
			TypeCache.Refresh (11ms)
				TypeCache.ScanAssembly (1ms)
			BuildScriptInfoCaches (187ms)
			ResolveRequiredComponents (16ms)
	FinalizeReload (824ms)
		ReleaseScriptCaches (0ms)
		RebuildScriptCaches (0ms)
		SetupLoadedEditorAssemblies (641ms)
			LogAssemblyErrors (0ms)
			InitializePlatformSupportModulesInManaged (3ms)
			SetLoadedEditorAssemblies (4ms)
			BeforeProcessingInitializeOnLoad (143ms)
			ProcessInitializeOnLoadAttributes (420ms)
			ProcessInitializeOnLoadMethodAttributes (61ms)
			AfterProcessingInitializeOnLoad (9ms)
			EditorAssembliesLoaded (0ms)
		ExecutionOrderSort2 (0ms)
		AwakeInstancesAfterBackupRestoration (16ms)
Shader Hidden/ProbeVolume/VoxelizeScene is not supported: GPU does not support conservative rasterization
Refreshing native plugins compatible for Editor in 1.53 ms, found 3 plugins.
Preloading 0 native plugins for Editor in 0.00 ms.
Unloading 14 Unused Serialized files (Serialized files now loaded: 0)
Unloading 6559 unused Assets / (4.5 MB). Loaded Objects now: 7429.
Memory consumption went from 162.9 MB to 158.4 MB.
Total: 10.048500 ms (FindLiveObjects: 0.700400 ms CreateObjectMapping: 0.427800 ms MarkObjects: 6.321400 ms  DeleteObjects: 2.598100 ms)

Prepare: number of updated asset objects reloaded= 0
========================================================================
Received Prepare
Assembly reference Packages/com.unity.cinemachine/Editor/Samples/ExposeHDRPInternals/HDRP-Editor-ref.asmref has no target assembly definition
Assembly reference Packages/com.unity.cinemachine/Editor/Samples/ExposeHDRPInternals/HDRP-Editor-ref.asmref has no target assembly definition
Begin MonoManager ReloadAssembly
- Loaded All Assemblies, in  0.799 seconds
Assembly reference Packages/com.unity.cinemachine/Editor/Samples/ExposeHDRPInternals/HDRP-Editor-ref.asmref has no target assembly definition
'Packages/com.unity.cinemachine/Editor/Obsolete/CinemachineVirtualCameraBaseEditor.cs' contains partial class of Unity.Object, exactly 1 of the partial classes needs to be in a file with the same filename. This is to know the one that can be referenced from ie. GameObjects
'Packages/com.unity.cinemachine/Editor/Editors/CinemachineVirtualCameraBaseEditor.cs' contains partial class of Unity.Object, exactly 1 of the partial classes needs to be in a file with the same filename. This is to know the one that can be referenced from ie. GameObjects
Refreshing native plugins compatible for Editor in 0.99 ms, found 3 plugins.
Native extension for WindowsStandalone target not found
Assembly reference Packages/com.unity.cinemachine/Editor/Samples/ExposeHDRPInternals/HDRP-Editor-ref.asmref has no target assembly definition
[Package Manager] Failed to launch server process. Reason: Unity was launched with the -noUpm command-line argument
[Package Manager] Unable to send message (not connected to server process).
[Package Manager] Cannot connect to Unity Package Manager local server
[Package Manager] Failed to launch server process. Reason: Unity was launched with the -noUpm command-line argument
[Package Manager] Unable to send message (not connected to server process).
[Package Manager] Cannot connect to Unity Package Manager local server
Mono: successfully reloaded assembly
- Finished resetting the current domain, in  0.805 seconds
Domain Reload Profiling: 1605ms
	BeginReloadAssembly (224ms)
		ExecutionOrderSort (0ms)
		DisableScriptedObjects (6ms)
		BackupInstance (0ms)
		ReleaseScriptingObjects (0ms)
		CreateAndSetChildDomain (57ms)
	RebuildCommonClasses (39ms)
	RebuildNativeTypeToScriptingClass (16ms)
	initialDomainReloadingComplete (38ms)
	LoadAllAssembliesAndSetupDomain (484ms)
		LoadAssemblies (392ms)
		RebuildTransferFunctionScriptingTraits (0ms)
		AnalyzeDomain (196ms)
			TypeCache.Refresh (8ms)
				TypeCache.ScanAssembly (0ms)
			BuildScriptInfoCaches (170ms)
			ResolveRequiredComponents (12ms)
	FinalizeReload (805ms)
		ReleaseScriptCaches (0ms)
		RebuildScriptCaches (0ms)
		SetupLoadedEditorAssemblies (644ms)
			LogAssemblyErrors (0ms)
			InitializePlatformSupportModulesInManaged (3ms)
			SetLoadedEditorAssemblies (6ms)
			BeforeProcessingInitializeOnLoad (130ms)
			ProcessInitializeOnLoadAttributes (431ms)
			ProcessInitializeOnLoadMethodAttributes (66ms)
			AfterProcessingInitializeOnLoad (8ms)
			EditorAssembliesLoaded (0ms)
		ExecutionOrderSort2 (0ms)
		AwakeInstancesAfterBackupRestoration (18ms)
Shader Hidden/ProbeVolume/VoxelizeScene is not supported: GPU does not support conservative rasterization
Refreshing native plugins compatible for Editor in 1.52 ms, found 3 plugins.
Preloading 0 native plugins for Editor in 0.00 ms.
Unloading 14 Unused Serialized files (Serialized files now loaded: 0)
Unloading 6559 unused Assets / (4.6 MB). Loaded Objects now: 7432.
Memory consumption went from 162.9 MB to 158.3 MB.
Total: 11.693300 ms (FindLiveObjects: 1.124200 ms CreateObjectMapping: 1.009600 ms MarkObjects: 6.445800 ms  DeleteObjects: 3.112500 ms)

Prepare: number of updated asset objects reloaded= 0
========================================================================
Received Prepare
Assembly reference Packages/com.unity.cinemachine/Editor/Samples/ExposeHDRPInternals/HDRP-Editor-ref.asmref has no target assembly definition
Assembly reference Packages/com.unity.cinemachine/Editor/Samples/ExposeHDRPInternals/HDRP-Editor-ref.asmref has no target assembly definition
Begin MonoManager ReloadAssembly
[Licensing::Client] Successfully resolved entitlement details
- Loaded All Assemblies, in  0.737 seconds
Assembly reference Packages/com.unity.cinemachine/Editor/Samples/ExposeHDRPInternals/HDRP-Editor-ref.asmref has no target assembly definition
'Packages/com.unity.cinemachine/Editor/Obsolete/CinemachineVirtualCameraBaseEditor.cs' contains partial class of Unity.Object, exactly 1 of the partial classes needs to be in a file with the same filename. This is to know the one that can be referenced from ie. GameObjects
'Packages/com.unity.cinemachine/Editor/Editors/CinemachineVirtualCameraBaseEditor.cs' contains partial class of Unity.Object, exactly 1 of the partial classes needs to be in a file with the same filename. This is to know the one that can be referenced from ie. GameObjects
Refreshing native plugins compatible for Editor in 1.31 ms, found 3 plugins.
Native extension for WindowsStandalone target not found
Assembly reference Packages/com.unity.cinemachine/Editor/Samples/ExposeHDRPInternals/HDRP-Editor-ref.asmref has no target assembly definition
[Package Manager] Failed to launch server process. Reason: Unity was launched with the -noUpm command-line argument
[Package Manager] Unable to send message (not connected to server process).
[Package Manager] Cannot connect to Unity Package Manager local server
[Package Manager] Failed to launch server process. Reason: Unity was launched with the -noUpm command-line argument
[Package Manager] Unable to send message (not connected to server process).
[Package Manager] Cannot connect to Unity Package Manager local server
Mono: successfully reloaded assembly
- Finished resetting the current domain, in  0.806 seconds
Domain Reload Profiling: 1544ms
	BeginReloadAssembly (211ms)
		ExecutionOrderSort (0ms)
		DisableScriptedObjects (6ms)
		BackupInstance (0ms)
		ReleaseScriptingObjects (0ms)
		CreateAndSetChildDomain (51ms)
	RebuildCommonClasses (35ms)
	RebuildNativeTypeToScriptingClass (12ms)
	initialDomainReloadingComplete (29ms)
	LoadAllAssembliesAndSetupDomain (450ms)
		LoadAssemblies (346ms)
		RebuildTransferFunctionScriptingTraits (0ms)
		AnalyzeDomain (201ms)
			TypeCache.Refresh (8ms)
				TypeCache.ScanAssembly (0ms)
			BuildScriptInfoCaches (175ms)
			ResolveRequiredComponents (13ms)
	FinalizeReload (806ms)
		ReleaseScriptCaches (0ms)
		RebuildScriptCaches (0ms)
		SetupLoadedEditorAssemblies (648ms)
			LogAssemblyErrors (0ms)
			InitializePlatformSupportModulesInManaged (2ms)
			SetLoadedEditorAssemblies (6ms)
			BeforeProcessingInitializeOnLoad (128ms)
			ProcessInitializeOnLoadAttributes (436ms)
			ProcessInitializeOnLoadMethodAttributes (66ms)
			AfterProcessingInitializeOnLoad (9ms)
			EditorAssembliesLoaded (0ms)
		ExecutionOrderSort2 (0ms)
		AwakeInstancesAfterBackupRestoration (17ms)
Shader Hidden/ProbeVolume/VoxelizeScene is not supported: GPU does not support conservative rasterization
Refreshing native plugins compatible for Editor in 1.44 ms, found 3 plugins.
Preloading 0 native plugins for Editor in 0.00 ms.
Unloading 14 Unused Serialized files (Serialized files now loaded: 0)
Unloading 6559 unused Assets / (4.3 MB). Loaded Objects now: 7435.
Memory consumption went from 162.9 MB to 158.7 MB.
Total: 10.039100 ms (FindLiveObjects: 0.756800 ms CreateObjectMapping: 0.667100 ms MarkObjects: 5.349800 ms  DeleteObjects: 3.264700 ms)

Prepare: number of updated asset objects reloaded= 0
========================================================================
Received Prepare
Assembly reference Packages/com.unity.cinemachine/Editor/Samples/ExposeHDRPInternals/HDRP-Editor-ref.asmref has no target assembly definition
Assembly reference Packages/com.unity.cinemachine/Editor/Samples/ExposeHDRPInternals/HDRP-Editor-ref.asmref has no target assembly definition
Begin MonoManager ReloadAssembly
- Loaded All Assemblies, in  0.710 seconds
Assembly reference Packages/com.unity.cinemachine/Editor/Samples/ExposeHDRPInternals/HDRP-Editor-ref.asmref has no target assembly definition
'Packages/com.unity.cinemachine/Editor/Obsolete/CinemachineVirtualCameraBaseEditor.cs' contains partial class of Unity.Object, exactly 1 of the partial classes needs to be in a file with the same filename. This is to know the one that can be referenced from ie. GameObjects
'Packages/com.unity.cinemachine/Editor/Editors/CinemachineVirtualCameraBaseEditor.cs' contains partial class of Unity.Object, exactly 1 of the partial classes needs to be in a file with the same filename. This is to know the one that can be referenced from ie. GameObjects
Refreshing native plugins compatible for Editor in 1.12 ms, found 3 plugins.
Native extension for WindowsStandalone target not found
Assembly reference Packages/com.unity.cinemachine/Editor/Samples/ExposeHDRPInternals/HDRP-Editor-ref.asmref has no target assembly definition
[Package Manager] Failed to launch server process. Reason: Unity was launched with the -noUpm command-line argument
[Package Manager] Unable to send message (not connected to server process).
[Package Manager] Cannot connect to Unity Package Manager local server
[Package Manager] Failed to launch server process. Reason: Unity was launched with the -noUpm command-line argument
[Package Manager] Unable to send message (not connected to server process).
[Package Manager] Cannot connect to Unity Package Manager local server
Mono: successfully reloaded assembly
- Finished resetting the current domain, in  0.715 seconds
Domain Reload Profiling: 1426ms
	BeginReloadAssembly (208ms)
		ExecutionOrderSort (0ms)
		DisableScriptedObjects (6ms)
		BackupInstance (0ms)
		ReleaseScriptingObjects (0ms)
		CreateAndSetChildDomain (54ms)
	RebuildCommonClasses (34ms)
	RebuildNativeTypeToScriptingClass (12ms)
	initialDomainReloadingComplete (29ms)
	LoadAllAssembliesAndSetupDomain (427ms)
		LoadAssemblies (337ms)
		RebuildTransferFunctionScriptingTraits (0ms)
		AnalyzeDomain (186ms)
			TypeCache.Refresh (6ms)
				TypeCache.ScanAssembly (0ms)
			BuildScriptInfoCaches (163ms)
			ResolveRequiredComponents (12ms)
	FinalizeReload (716ms)
		ReleaseScriptCaches (0ms)
		RebuildScriptCaches (0ms)
		SetupLoadedEditorAssemblies (566ms)
			LogAssemblyErrors (0ms)
			InitializePlatformSupportModulesInManaged (2ms)
			SetLoadedEditorAssemblies (5ms)
			BeforeProcessingInitializeOnLoad (124ms)
			ProcessInitializeOnLoadAttributes (365ms)
			ProcessInitializeOnLoadMethodAttributes (63ms)
			AfterProcessingInitializeOnLoad (7ms)
			EditorAssembliesLoaded (0ms)
		ExecutionOrderSort2 (0ms)
		AwakeInstancesAfterBackupRestoration (17ms)
Shader Hidden/ProbeVolume/VoxelizeScene is not supported: GPU does not support conservative rasterization
Refreshing native plugins compatible for Editor in 1.45 ms, found 3 plugins.
Preloading 0 native plugins for Editor in 0.00 ms.
Unloading 14 Unused Serialized files (Serialized files now loaded: 0)
Unloading 6559 unused Assets / (4.9 MB). Loaded Objects now: 7438.
Memory consumption went from 163.0 MB to 158.1 MB.
Total: 9.635700 ms (FindLiveObjects: 0.739400 ms CreateObjectMapping: 0.505100 ms MarkObjects: 5.353800 ms  DeleteObjects: 3.036500 ms)

Prepare: number of updated asset objects reloaded= 0
========================================================================
Received Prepare
Assembly reference Packages/com.unity.cinemachine/Editor/Samples/ExposeHDRPInternals/HDRP-Editor-ref.asmref has no target assembly definition
Assembly reference Packages/com.unity.cinemachine/Editor/Samples/ExposeHDRPInternals/HDRP-Editor-ref.asmref has no target assembly definition
Begin MonoManager ReloadAssembly
[Licensing::Client] Successfully resolved entitlement details
- Loaded All Assemblies, in  0.711 seconds
Assembly reference Packages/com.unity.cinemachine/Editor/Samples/ExposeHDRPInternals/HDRP-Editor-ref.asmref has no target assembly definition
'Packages/com.unity.cinemachine/Editor/Obsolete/CinemachineVirtualCameraBaseEditor.cs' contains partial class of Unity.Object, exactly 1 of the partial classes needs to be in a file with the same filename. This is to know the one that can be referenced from ie. GameObjects
'Packages/com.unity.cinemachine/Editor/Editors/CinemachineVirtualCameraBaseEditor.cs' contains partial class of Unity.Object, exactly 1 of the partial classes needs to be in a file with the same filename. This is to know the one that can be referenced from ie. GameObjects
Refreshing native plugins compatible for Editor in 0.99 ms, found 3 plugins.
Native extension for WindowsStandalone target not found
Assembly reference Packages/com.unity.cinemachine/Editor/Samples/ExposeHDRPInternals/HDRP-Editor-ref.asmref has no target assembly definition
[Package Manager] Failed to launch server process. Reason: Unity was launched with the -noUpm command-line argument
[Package Manager] Unable to send message (not connected to server process).
[Package Manager] Cannot connect to Unity Package Manager local server
[Package Manager] Failed to launch server process. Reason: Unity was launched with the -noUpm command-line argument
[Package Manager] Unable to send message (not connected to server process).
[Package Manager] Cannot connect to Unity Package Manager local server
Mono: successfully reloaded assembly
- Finished resetting the current domain, in  0.730 seconds
Domain Reload Profiling: 1443ms
	BeginReloadAssembly (203ms)
		ExecutionOrderSort (0ms)
		DisableScriptedObjects (7ms)
		BackupInstance (0ms)
		ReleaseScriptingObjects (0ms)
		CreateAndSetChildDomain (49ms)
	RebuildCommonClasses (34ms)
	RebuildNativeTypeToScriptingClass (13ms)
	initialDomainReloadingComplete (32ms)
	LoadAllAssembliesAndSetupDomain (430ms)
		LoadAssemblies (335ms)
		RebuildTransferFunctionScriptingTraits (0ms)
		AnalyzeDomain (185ms)
			TypeCache.Refresh (6ms)
				TypeCache.ScanAssembly (0ms)
			BuildScriptInfoCaches (163ms)
			ResolveRequiredComponents (12ms)
	FinalizeReload (731ms)
		ReleaseScriptCaches (0ms)
		RebuildScriptCaches (0ms)
		SetupLoadedEditorAssemblies (578ms)
			LogAssemblyErrors (0ms)
			InitializePlatformSupportModulesInManaged (2ms)
			SetLoadedEditorAssemblies (5ms)
			BeforeProcessingInitializeOnLoad (122ms)
			ProcessInitializeOnLoadAttributes (377ms)
			ProcessInitializeOnLoadMethodAttributes (64ms)
			AfterProcessingInitializeOnLoad (8ms)
			EditorAssembliesLoaded (1ms)
		ExecutionOrderSort2 (0ms)
		AwakeInstancesAfterBackupRestoration (18ms)
Shader Hidden/ProbeVolume/VoxelizeScene is not supported: GPU does not support conservative rasterization
Refreshing native plugins compatible for Editor in 1.33 ms, found 3 plugins.
Preloading 0 native plugins for Editor in 0.00 ms.
Unloading 14 Unused Serialized files (Serialized files now loaded: 0)
Unloading 6559 unused Assets / (4.6 MB). Loaded Objects now: 7441.
Memory consumption went from 163.0 MB to 158.5 MB.
Total: 10.407900 ms (FindLiveObjects: 0.783900 ms CreateObjectMapping: 1.059000 ms MarkObjects: 5.567200 ms  DeleteObjects: 2.996500 ms)

Prepare: number of updated asset objects reloaded= 0
========================================================================
Received Prepare
Assembly reference Packages/com.unity.cinemachine/Editor/Samples/ExposeHDRPInternals/HDRP-Editor-ref.asmref has no target assembly definition
Assembly reference Packages/com.unity.cinemachine/Editor/Samples/ExposeHDRPInternals/HDRP-Editor-ref.asmref has no target assembly definition
Begin MonoManager ReloadAssembly
[Licensing::Client] Successfully resolved entitlement details
- Loaded All Assemblies, in  0.727 seconds
Assembly reference Packages/com.unity.cinemachine/Editor/Samples/ExposeHDRPInternals/HDRP-Editor-ref.asmref has no target assembly definition
'Packages/com.unity.cinemachine/Editor/Obsolete/CinemachineVirtualCameraBaseEditor.cs' contains partial class of Unity.Object, exactly 1 of the partial classes needs to be in a file with the same filename. This is to know the one that can be referenced from ie. GameObjects
'Packages/com.unity.cinemachine/Editor/Editors/CinemachineVirtualCameraBaseEditor.cs' contains partial class of Unity.Object, exactly 1 of the partial classes needs to be in a file with the same filename. This is to know the one that can be referenced from ie. GameObjects
Refreshing native plugins compatible for Editor in 0.95 ms, found 3 plugins.
Native extension for WindowsStandalone target not found
Assembly reference Packages/com.unity.cinemachine/Editor/Samples/ExposeHDRPInternals/HDRP-Editor-ref.asmref has no target assembly definition
[Package Manager] Failed to launch server process. Reason: Unity was launched with the -noUpm command-line argument
[Package Manager] Unable to send message (not connected to server process).
[Package Manager] Cannot connect to Unity Package Manager local server
[Package Manager] Failed to launch server process. Reason: Unity was launched with the -noUpm command-line argument
[Package Manager] Unable to send message (not connected to server process).
[Package Manager] Cannot connect to Unity Package Manager local server
Mono: successfully reloaded assembly
- Finished resetting the current domain, in  0.726 seconds
Domain Reload Profiling: 1455ms
	BeginReloadAssembly (215ms)
		ExecutionOrderSort (0ms)
		DisableScriptedObjects (8ms)
		BackupInstance (0ms)
		ReleaseScriptingObjects (0ms)
		CreateAndSetChildDomain (53ms)
	RebuildCommonClasses (35ms)
	RebuildNativeTypeToScriptingClass (12ms)
	initialDomainReloadingComplete (29ms)
	LoadAllAssembliesAndSetupDomain (438ms)
		LoadAssemblies (351ms)
		RebuildTransferFunctionScriptingTraits (0ms)
		AnalyzeDomain (181ms)
			TypeCache.Refresh (8ms)
				TypeCache.ScanAssembly (0ms)
			BuildScriptInfoCaches (157ms)
			ResolveRequiredComponents (11ms)
	FinalizeReload (726ms)
		ReleaseScriptCaches (0ms)
		RebuildScriptCaches (0ms)
		SetupLoadedEditorAssemblies (574ms)
			LogAssemblyErrors (0ms)
			InitializePlatformSupportModulesInManaged (3ms)
			SetLoadedEditorAssemblies (6ms)
			BeforeProcessingInitializeOnLoad (121ms)
			ProcessInitializeOnLoadAttributes (373ms)
			ProcessInitializeOnLoadMethodAttributes (62ms)
			AfterProcessingInitializeOnLoad (8ms)
			EditorAssembliesLoaded (0ms)
		ExecutionOrderSort2 (0ms)
		AwakeInstancesAfterBackupRestoration (16ms)
Shader Hidden/ProbeVolume/VoxelizeScene is not supported: GPU does not support conservative rasterization
Refreshing native plugins compatible for Editor in 1.68 ms, found 3 plugins.
Preloading 0 native plugins for Editor in 0.00 ms.
Unloading 14 Unused Serialized files (Serialized files now loaded: 0)
Unloading 6559 unused Assets / (4.7 MB). Loaded Objects now: 7444.
Memory consumption went from 163.1 MB to 158.4 MB.
Total: 9.961100 ms (FindLiveObjects: 0.856400 ms CreateObjectMapping: 0.539600 ms MarkObjects: 5.120800 ms  DeleteObjects: 3.443200 ms)

Prepare: number of updated asset objects reloaded= 0
========================================================================
Received Prepare
Assembly reference Packages/com.unity.cinemachine/Editor/Samples/ExposeHDRPInternals/HDRP-Editor-ref.asmref has no target assembly definition
Assembly reference Packages/com.unity.cinemachine/Editor/Samples/ExposeHDRPInternals/HDRP-Editor-ref.asmref has no target assembly definition
Begin MonoManager ReloadAssembly
[Licensing::Client] Successfully resolved entitlement details
- Loaded All Assemblies, in  0.805 seconds
Assembly reference Packages/com.unity.cinemachine/Editor/Samples/ExposeHDRPInternals/HDRP-Editor-ref.asmref has no target assembly definition
'Packages/com.unity.cinemachine/Editor/Obsolete/CinemachineVirtualCameraBaseEditor.cs' contains partial class of Unity.Object, exactly 1 of the partial classes needs to be in a file with the same filename. This is to know the one that can be referenced from ie. GameObjects
'Packages/com.unity.cinemachine/Editor/Editors/CinemachineVirtualCameraBaseEditor.cs' contains partial class of Unity.Object, exactly 1 of the partial classes needs to be in a file with the same filename. This is to know the one that can be referenced from ie. GameObjects
Refreshing native plugins compatible for Editor in 1.14 ms, found 3 plugins.
Native extension for WindowsStandalone target not found
Assembly reference Packages/com.unity.cinemachine/Editor/Samples/ExposeHDRPInternals/HDRP-Editor-ref.asmref has no target assembly definition
[Package Manager] Failed to launch server process. Reason: Unity was launched with the -noUpm command-line argument
[Package Manager] Unable to send message (not connected to server process).
[Package Manager] Cannot connect to Unity Package Manager local server
[Package Manager] Failed to launch server process. Reason: Unity was launched with the -noUpm command-line argument
[Package Manager] Unable to send message (not connected to server process).
[Package Manager] Cannot connect to Unity Package Manager local server
Mono: successfully reloaded assembly
- Finished resetting the current domain, in  0.765 seconds
Domain Reload Profiling: 1570ms
	BeginReloadAssembly (213ms)
		ExecutionOrderSort (0ms)
		DisableScriptedObjects (6ms)
		BackupInstance (0ms)
		ReleaseScriptingObjects (0ms)
		CreateAndSetChildDomain (48ms)
	RebuildCommonClasses (36ms)
	RebuildNativeTypeToScriptingClass (12ms)
	initialDomainReloadingComplete (34ms)
	LoadAllAssembliesAndSetupDomain (510ms)
		LoadAssemblies (416ms)
		RebuildTransferFunctionScriptingTraits (0ms)
		AnalyzeDomain (195ms)
			TypeCache.Refresh (7ms)
				TypeCache.ScanAssembly (0ms)
			BuildScriptInfoCaches (170ms)
			ResolveRequiredComponents (12ms)
	FinalizeReload (765ms)
		ReleaseScriptCaches (0ms)
		RebuildScriptCaches (0ms)
		SetupLoadedEditorAssemblies (608ms)
			LogAssemblyErrors (0ms)
			InitializePlatformSupportModulesInManaged (2ms)
			SetLoadedEditorAssemblies (5ms)
			BeforeProcessingInitializeOnLoad (126ms)
			ProcessInitializeOnLoadAttributes (402ms)
			ProcessInitializeOnLoadMethodAttributes (65ms)
			AfterProcessingInitializeOnLoad (7ms)
			EditorAssembliesLoaded (0ms)
		ExecutionOrderSort2 (0ms)
		AwakeInstancesAfterBackupRestoration (17ms)
Shader Hidden/ProbeVolume/VoxelizeScene is not supported: GPU does not support conservative rasterization
Refreshing native plugins compatible for Editor in 1.29 ms, found 3 plugins.
Preloading 0 native plugins for Editor in 0.00 ms.
Unloading 14 Unused Serialized files (Serialized files now loaded: 0)
Unloading 6559 unused Assets / (4.5 MB). Loaded Objects now: 7447.
Memory consumption went from 163.1 MB to 158.5 MB.
Total: 11.838700 ms (FindLiveObjects: 1.327100 ms CreateObjectMapping: 0.990400 ms MarkObjects: 6.460900 ms  DeleteObjects: 3.059000 ms)

Prepare: number of updated asset objects reloaded= 0
========================================================================
Received Import Request.
  Time since last request: 1327.654632 seconds.
  path: Assets/Scripts/DebugHUD.cs
  artifactKey: Guid(29db65423c4445442b8359c5320e13fe) Importer(2089858483,192608db42251d675da83286b1cce702)
Start importing Assets/Scripts/DebugHUD.cs using Guid(29db65423c4445442b8359c5320e13fe) Importer(2089858483,192608db42251d675da83286b1cce702) (ScriptedImporter) -> (artifact id: 'b4de705b807754d1aa62b4e46375960b') in 0.1756638 seconds
Number of updated asset objects reloaded before import = 0Number of asset objects unloaded after import = 0

========================================================================
Received Import Request.
  Time since last request: 0.000023 seconds.
  path: Assets/Scenes/LevelInit.unity
  artifactKey: Guid(62d9f1f7f8ad8d8468f1d93df4ed59fa) Importer(2089858483,192608db42251d675da83286b1cce702)
Start importing Assets/Scenes/LevelInit.unity using Guid(62d9f1f7f8ad8d8468f1d93df4ed59fa) Importer(2089858483,192608db42251d675da83286b1cce702) (ScriptedImporter) -> (artifact id: '94efb62c964ea71d7ed914ef186fa8cc') in 0.0541417 seconds
Number of updated asset objects reloaded before import = 0Number of asset objects unloaded after import = 1

========================================================================
Received Prepare
'Packages/com.unity.cinemachine/Editor/Obsolete/CinemachineVirtualCameraBaseEditor.cs' contains partial class of Unity.Object, exactly 1 of the partial classes needs to be in a file with the same filename. This is to know the one that can be referenced from ie. GameObjects
'Packages/com.unity.cinemachine/Editor/Editors/CinemachineVirtualCameraBaseEditor.cs' contains partial class of Unity.Object, exactly 1 of the partial classes needs to be in a file with the same filename. This is to know the one that can be referenced from ie. GameObjects
Shader Hidden/ProbeVolume/VoxelizeScene is not supported: GPU does not support conservative rasterization
Refreshing native plugins compatible for Editor in 1.30 ms, found 3 plugins.
Preloading 0 native plugins for Editor in 0.00 ms.
Unloading 14 Unused Serialized files (Serialized files now loaded: 0)
Unloading 6554 unused Assets / (4.4 MB). Loaded Objects now: 7448.
Memory consumption went from 163.3 MB to 158.9 MB.
Total: 11.530300 ms (FindLiveObjects: 1.062400 ms CreateObjectMapping: 0.590600 ms MarkObjects: 6.996100 ms  DeleteObjects: 2.879700 ms)

Prepare: number of updated asset objects reloaded= 0
========================================================================
Received Import Request.
  Time since last request: 7.090240 seconds.
  path: Assets/Scripts/ShopItem.cs
  artifactKey: Guid(eb746a07639585b4282e4c1d3984a4c1) Importer(815301076,1909f56bfc062723c751e8b465ee728b)
Start importing Assets/Scripts/ShopItem.cs using Guid(eb746a07639585b4282e4c1d3984a4c1) Importer(815301076,1909f56bfc062723c751e8b465ee728b) (PreviewImporter) -> (artifact id: 'd2d0037debd215e0b63021d990c7f38c') in 0.0007001 seconds
Number of updated asset objects reloaded before import = 0Number of asset objects unloaded after import = 0

========================================================================
Received Prepare
'Packages/com.unity.cinemachine/Editor/Obsolete/CinemachineVirtualCameraBaseEditor.cs' contains partial class of Unity.Object, exactly 1 of the partial classes needs to be in a file with the same filename. This is to know the one that can be referenced from ie. GameObjects
'Packages/com.unity.cinemachine/Editor/Editors/CinemachineVirtualCameraBaseEditor.cs' contains partial class of Unity.Object, exactly 1 of the partial classes needs to be in a file with the same filename. This is to know the one that can be referenced from ie. GameObjects
Shader Hidden/ProbeVolume/VoxelizeScene is not supported: GPU does not support conservative rasterization
Refreshing native plugins compatible for Editor in 1.36 ms, found 3 plugins.
Preloading 0 native plugins for Editor in 0.00 ms.
Unloading 14 Unused Serialized files (Serialized files now loaded: 0)
Unloading 6554 unused Assets / (4.2 MB). Loaded Objects now: 7448.
Memory consumption went from 163.3 MB to 159.1 MB.
Total: 10.362300 ms (FindLiveObjects: 1.113700 ms CreateObjectMapping: 0.509700 ms MarkObjects: 5.952900 ms  DeleteObjects: 2.785200 ms)

Prepare: number of updated asset objects reloaded= 0
========================================================================
Received Import Request.
  Time since last request: 14.639776 seconds.
  path: Assets/Scripts/ShopItem.cs
  artifactKey: Guid(eb746a07639585b4282e4c1d3984a4c1) Importer(815301076,1909f56bfc062723c751e8b465ee728b)
Start importing Assets/Scripts/ShopItem.cs using Guid(eb746a07639585b4282e4c1d3984a4c1) Importer(815301076,1909f56bfc062723c751e8b465ee728b) (PreviewImporter) -> (artifact id: 'a9112d93ca743b9586e51e677a140137') in 0.0007347 seconds
Number of updated asset objects reloaded before import = 0Number of asset objects unloaded after import = 0

========================================================================
Received Prepare
Assembly reference Packages/com.unity.cinemachine/Editor/Samples/ExposeHDRPInternals/HDRP-Editor-ref.asmref has no target assembly definition
Assembly reference Packages/com.unity.cinemachine/Editor/Samples/ExposeHDRPInternals/HDRP-Editor-ref.asmref has no target assembly definition
Begin MonoManager ReloadAssembly
[Licensing::Client] Successfully resolved entitlement details
- Loaded All Assemblies, in  0.742 seconds
Assembly reference Packages/com.unity.cinemachine/Editor/Samples/ExposeHDRPInternals/HDRP-Editor-ref.asmref has no target assembly definition
'Packages/com.unity.cinemachine/Editor/Obsolete/CinemachineVirtualCameraBaseEditor.cs' contains partial class of Unity.Object, exactly 1 of the partial classes needs to be in a file with the same filename. This is to know the one that can be referenced from ie. GameObjects
'Packages/com.unity.cinemachine/Editor/Editors/CinemachineVirtualCameraBaseEditor.cs' contains partial class of Unity.Object, exactly 1 of the partial classes needs to be in a file with the same filename. This is to know the one that can be referenced from ie. GameObjects
Refreshing native plugins compatible for Editor in 1.03 ms, found 3 plugins.
Native extension for WindowsStandalone target not found
Assembly reference Packages/com.unity.cinemachine/Editor/Samples/ExposeHDRPInternals/HDRP-Editor-ref.asmref has no target assembly definition
[Package Manager] Failed to launch server process. Reason: Unity was launched with the -noUpm command-line argument
[Package Manager] Unable to send message (not connected to server process).
[Package Manager] Cannot connect to Unity Package Manager local server
[Package Manager] Failed to launch server process. Reason: Unity was launched with the -noUpm command-line argument
[Package Manager] Unable to send message (not connected to server process).
[Package Manager] Cannot connect to Unity Package Manager local server
Mono: successfully reloaded assembly
- Finished resetting the current domain, in  0.710 seconds
Domain Reload Profiling: 1453ms
	BeginReloadAssembly (233ms)
		ExecutionOrderSort (0ms)
		DisableScriptedObjects (9ms)
		BackupInstance (0ms)
		ReleaseScriptingObjects (0ms)
		CreateAndSetChildDomain (68ms)
	RebuildCommonClasses (35ms)
	RebuildNativeTypeToScriptingClass (12ms)
	initialDomainReloadingComplete (30ms)
	LoadAllAssembliesAndSetupDomain (433ms)
		LoadAssemblies (345ms)
		RebuildTransferFunctionScriptingTraits (0ms)
		AnalyzeDomain (184ms)
			TypeCache.Refresh (10ms)
				TypeCache.ScanAssembly (1ms)
			BuildScriptInfoCaches (159ms)
			ResolveRequiredComponents (11ms)
	FinalizeReload (711ms)
		ReleaseScriptCaches (0ms)
		RebuildScriptCaches (0ms)
		SetupLoadedEditorAssemblies (560ms)
			LogAssemblyErrors (0ms)
			InitializePlatformSupportModulesInManaged (3ms)
			SetLoadedEditorAssemblies (5ms)
			BeforeProcessingInitializeOnLoad (126ms)
			ProcessInitializeOnLoadAttributes (364ms)
			ProcessInitializeOnLoadMethodAttributes (55ms)
			AfterProcessingInitializeOnLoad (6ms)
			EditorAssembliesLoaded (0ms)
		ExecutionOrderSort2 (0ms)
		AwakeInstancesAfterBackupRestoration (13ms)
Shader Hidden/ProbeVolume/VoxelizeScene is not supported: GPU does not support conservative rasterization
Refreshing native plugins compatible for Editor in 1.10 ms, found 3 plugins.
Preloading 0 native plugins for Editor in 0.00 ms.
Unloading 14 Unused Serialized files (Serialized files now loaded: 0)
Unloading 6560 unused Assets / (4.3 MB). Loaded Objects now: 7451.
Memory consumption went from 163.1 MB to 158.8 MB.
Total: 7.543800 ms (FindLiveObjects: 0.680300 ms CreateObjectMapping: 0.391600 ms MarkObjects: 4.362200 ms  DeleteObjects: 2.109000 ms)

Prepare: number of updated asset objects reloaded= 0
========================================================================
Received Import Request.
  Time since last request: 16.529846 seconds.
  path: Assets/Scripts/ShopItem.cs
  artifactKey: Guid(eb746a07639585b4282e4c1d3984a4c1) Importer(815301076,1909f56bfc062723c751e8b465ee728b)
Start importing Assets/Scripts/ShopItem.cs using Guid(eb746a07639585b4282e4c1d3984a4c1) Importer(815301076,1909f56bfc062723c751e8b465ee728b) (PreviewImporter) -> (artifact id: '5e21c59191bec3fee92aa1f87c59e8a9') in 0.0020548 seconds
Number of updated asset objects reloaded before import = 0Number of asset objects unloaded after import = 0

========================================================================
Received Prepare
'Packages/com.unity.cinemachine/Editor/Obsolete/CinemachineVirtualCameraBaseEditor.cs' contains partial class of Unity.Object, exactly 1 of the partial classes needs to be in a file with the same filename. This is to know the one that can be referenced from ie. GameObjects
'Packages/com.unity.cinemachine/Editor/Editors/CinemachineVirtualCameraBaseEditor.cs' contains partial class of Unity.Object, exactly 1 of the partial classes needs to be in a file with the same filename. This is to know the one that can be referenced from ie. GameObjects
Shader Hidden/ProbeVolume/VoxelizeScene is not supported: GPU does not support conservative rasterization
Refreshing native plugins compatible for Editor in 1.14 ms, found 3 plugins.
Preloading 0 native plugins for Editor in 0.00 ms.
Unloading 14 Unused Serialized files (Serialized files now loaded: 0)
Unloading 6555 unused Assets / (4.3 MB). Loaded Objects now: 7452.
Memory consumption went from 163.3 MB to 159.0 MB.
Total: 8.482700 ms (FindLiveObjects: 0.744500 ms CreateObjectMapping: 0.668500 ms MarkObjects: 4.309000 ms  DeleteObjects: 2.760100 ms)

Prepare: number of updated asset objects reloaded= 0
========================================================================
Received Import Request.
  Time since last request: 16.064353 seconds.
  path: Assets/Scripts/ChapuceroShop.cs
  artifactKey: Guid(682148fc5f9ada345850f9aaac945329) Importer(815301076,1909f56bfc062723c751e8b465ee728b)
Start importing Assets/Scripts/ChapuceroShop.cs using Guid(682148fc5f9ada345850f9aaac945329) Importer(815301076,1909f56bfc062723c751e8b465ee728b) (PreviewImporter) -> (artifact id: 'a3d70bcbf084fa21e1556a6882b0b95e') in 0.0010451 seconds
Number of updated asset objects reloaded before import = 0Number of asset objects unloaded after import = 0

========================================================================
Received Prepare
'Packages/com.unity.cinemachine/Editor/Obsolete/CinemachineVirtualCameraBaseEditor.cs' contains partial class of Unity.Object, exactly 1 of the partial classes needs to be in a file with the same filename. This is to know the one that can be referenced from ie. GameObjects
'Packages/com.unity.cinemachine/Editor/Editors/CinemachineVirtualCameraBaseEditor.cs' contains partial class of Unity.Object, exactly 1 of the partial classes needs to be in a file with the same filename. This is to know the one that can be referenced from ie. GameObjects
Shader Hidden/ProbeVolume/VoxelizeScene is not supported: GPU does not support conservative rasterization
Refreshing native plugins compatible for Editor in 1.18 ms, found 3 plugins.
Preloading 0 native plugins for Editor in 0.00 ms.
Unloading 14 Unused Serialized files (Serialized files now loaded: 0)
Unloading 6555 unused Assets / (4.4 MB). Loaded Objects now: 7452.
Memory consumption went from 163.3 MB to 158.9 MB.
Total: 9.265500 ms (FindLiveObjects: 0.738300 ms CreateObjectMapping: 0.634300 ms MarkObjects: 4.420300 ms  DeleteObjects: 3.471600 ms)

Prepare: number of updated asset objects reloaded= 0
========================================================================
Received Import Request.
  Time since last request: 36.582997 seconds.
  path: Assets/Scripts/ChapuceroShop.cs
  artifactKey: Guid(682148fc5f9ada345850f9aaac945329) Importer(815301076,1909f56bfc062723c751e8b465ee728b)
Start importing Assets/Scripts/ChapuceroShop.cs using Guid(682148fc5f9ada345850f9aaac945329) Importer(815301076,1909f56bfc062723c751e8b465ee728b) (PreviewImporter) -> (artifact id: '3453d18f6c6ff7198aa903d35d6eac8b') in 0.0006053 seconds
Number of updated asset objects reloaded before import = 0Number of asset objects unloaded after import = 0

========================================================================
Received Prepare
'Packages/com.unity.cinemachine/Editor/Obsolete/CinemachineVirtualCameraBaseEditor.cs' contains partial class of Unity.Object, exactly 1 of the partial classes needs to be in a file with the same filename. This is to know the one that can be referenced from ie. GameObjects
'Packages/com.unity.cinemachine/Editor/Editors/CinemachineVirtualCameraBaseEditor.cs' contains partial class of Unity.Object, exactly 1 of the partial classes needs to be in a file with the same filename. This is to know the one that can be referenced from ie. GameObjects
Shader Hidden/ProbeVolume/VoxelizeScene is not supported: GPU does not support conservative rasterization
Refreshing native plugins compatible for Editor in 1.07 ms, found 3 plugins.
Preloading 0 native plugins for Editor in 0.00 ms.
Unloading 14 Unused Serialized files (Serialized files now loaded: 0)
Unloading 6556 unused Assets / (4.2 MB). Loaded Objects now: 7453.
Memory consumption went from 163.3 MB to 159.1 MB.
Total: 11.595700 ms (FindLiveObjects: 0.916800 ms CreateObjectMapping: 1.916700 ms MarkObjects: 6.405400 ms  DeleteObjects: 2.356000 ms)

Prepare: number of updated asset objects reloaded= 0
========================================================================
Received Import Request.
  Time since last request: 39.270730 seconds.
  path: Assets/Scripts/ChapuceroInteractable.cs
  artifactKey: Guid(b801e73fd6b991a4f9d7a0b0c7837278) Importer(815301076,1909f56bfc062723c751e8b465ee728b)
Start importing Assets/Scripts/ChapuceroInteractable.cs using Guid(b801e73fd6b991a4f9d7a0b0c7837278) Importer(815301076,1909f56bfc062723c751e8b465ee728b) (PreviewImporter) -> (artifact id: '3a1765fe811ccef61ef11d8caefae8e4') in 0.000655 seconds
Number of updated asset objects reloaded before import = 0Number of asset objects unloaded after import = 0

========================================================================
Received Prepare
'Packages/com.unity.cinemachine/Editor/Obsolete/CinemachineVirtualCameraBaseEditor.cs' contains partial class of Unity.Object, exactly 1 of the partial classes needs to be in a file with the same filename. This is to know the one that can be referenced from ie. GameObjects
'Packages/com.unity.cinemachine/Editor/Editors/CinemachineVirtualCameraBaseEditor.cs' contains partial class of Unity.Object, exactly 1 of the partial classes needs to be in a file with the same filename. This is to know the one that can be referenced from ie. GameObjects
Shader Hidden/ProbeVolume/VoxelizeScene is not supported: GPU does not support conservative rasterization
Refreshing native plugins compatible for Editor in 1.44 ms, found 3 plugins.
Preloading 0 native plugins for Editor in 0.00 ms.
Unloading 14 Unused Serialized files (Serialized files now loaded: 0)
Unloading 6556 unused Assets / (4.5 MB). Loaded Objects now: 7453.
Memory consumption went from 163.3 MB to 158.8 MB.
Total: 11.145400 ms (FindLiveObjects: 1.197000 ms CreateObjectMapping: 0.916500 ms MarkObjects: 5.806900 ms  DeleteObjects: 3.223800 ms)

Prepare: number of updated asset objects reloaded= 0
========================================================================
Received Import Request.
  Time since last request: 222.774216 seconds.
  path: Assets/Art/MenuArt/botones portada credutos.png
  artifactKey: Guid(890c08d4da855bd4d92fb301c30ec826) Importer(815301076,1909f56bfc062723c751e8b465ee728b)
Start importing Assets/Art/MenuArt/botones portada credutos.png using Guid(890c08d4da855bd4d92fb301c30ec826) Importer(815301076,1909f56bfc062723c751e8b465ee728b) (PreviewImporter) -> (artifact id: '7ea6bba33844a2193408e6aadbf4607d') in 0.0810464 seconds
Number of updated asset objects reloaded before import = 0Number of asset objects unloaded after import = 3

========================================================================
Received Import Request.
  Time since last request: 0.000020 seconds.
  path: Assets/Art/MenuArt/menu Credios 2.png
  artifactKey: Guid(b9ce8d21f0bb1c04f8a249b8800419f9) Importer(815301076,1909f56bfc062723c751e8b465ee728b)
Start importing Assets/Art/MenuArt/menu Credios 2.png using Guid(b9ce8d21f0bb1c04f8a249b8800419f9) Importer(815301076,1909f56bfc062723c751e8b465ee728b) (PreviewImporter) -> (artifact id: '8d10d80431e2f1e0e253ec0ac65456d3') in 0.0176785 seconds
Number of updated asset objects reloaded before import = 0Number of asset objects unloaded after import = 3

========================================================================
Received Import Request.
  Time since last request: 0.000023 seconds.
  path: Assets/Art/MenuArt/menu pmuerte.jpg
  artifactKey: Guid(c98585252f6639e4780b981af339d5ed) Importer(815301076,1909f56bfc062723c751e8b465ee728b)
Start importing Assets/Art/MenuArt/menu pmuerte.jpg using Guid(c98585252f6639e4780b981af339d5ed) Importer(815301076,1909f56bfc062723c751e8b465ee728b) (PreviewImporter) -> (artifact id: 'fab104189377c158a824eb0d14e48528') in 0.020306 seconds
Number of updated asset objects reloaded before import = 0Number of asset objects unloaded after import = 3

========================================================================
Received Import Request.
  Time since last request: 0.000018 seconds.
  path: Assets/Art/MenuArt/botones portadas seleccionado controles.png
  artifactKey: Guid(971fac2e9de4fe341a3fc3b2bcd773bd) Importer(815301076,1909f56bfc062723c751e8b465ee728b)
Start importing Assets/Art/MenuArt/botones portadas seleccionado controles.png using Guid(971fac2e9de4fe341a3fc3b2bcd773bd) Importer(815301076,1909f56bfc062723c751e8b465ee728b) (PreviewImporter) -> (artifact id: '35cd7906935d63076a4992edafe54dcc') in 0.0172311 seconds
Number of updated asset objects reloaded before import = 0Number of asset objects unloaded after import = 3

========================================================================
Received Import Request.
  Time since last request: 1.933010 seconds.
  path: Assets/Art/MenuArt/pñay normal.png
  artifactKey: Guid(be604d8238010524d895632f4062d022) Importer(815301076,1909f56bfc062723c751e8b465ee728b)
Start importing Assets/Art/MenuArt/pñay normal.png using Guid(be604d8238010524d895632f4062d022) Importer(815301076,1909f56bfc062723c751e8b465ee728b) (PreviewImporter) -> (artifact id: '51fd502cf0aef23f742c2388216a7278') in 0.0159709 seconds
Number of updated asset objects reloaded before import = 0Number of asset objects unloaded after import = 3

========================================================================
Received Import Request.
  Time since last request: 0.129506 seconds.
  path: Assets/Art/MenuArt/Salir noaml.png
  artifactKey: Guid(19a7d47d14913024dabea054e8f63e55) Importer(815301076,1909f56bfc062723c751e8b465ee728b)
Start importing Assets/Art/MenuArt/Salir noaml.png using Guid(19a7d47d14913024dabea054e8f63e55) Importer(815301076,1909f56bfc062723c751e8b465ee728b) (PreviewImporter) -> (artifact id: 'ca4bca153f16c15643a748f63655d5fb') in 0.0144315 seconds
Number of updated asset objects reloaded before import = 0Number of asset objects unloaded after import = 3

========================================================================
Received Import Request.
  Time since last request: 0.216950 seconds.
  path: Assets/Art/QuikEvent/SK - HORIZONTAL - Base.png
  artifactKey: Guid(475567f84b1730a438881962eb25b842) Importer(815301076,1909f56bfc062723c751e8b465ee728b)
Start importing Assets/Art/QuikEvent/SK - HORIZONTAL - Base.png using Guid(475567f84b1730a438881962eb25b842) Importer(815301076,1909f56bfc062723c751e8b465ee728b) (PreviewImporter) -> (artifact id: '09dc712c26138cba7a4497cc6a1f94e4') in 0.0181521 seconds
Number of updated asset objects reloaded before import = 0Number of asset objects unloaded after import = 3

========================================================================
Received Import Request.
  Time since last request: 0.152167 seconds.
  path: Assets/Art/QuikEvent/SK - HORIZONTAL - movimiento.png
  artifactKey: Guid(de83d1d81e028a043a47490fd455d118) Importer(815301076,1909f56bfc062723c751e8b465ee728b)
Start importing Assets/Art/QuikEvent/SK - HORIZONTAL - movimiento.png using Guid(de83d1d81e028a043a47490fd455d118) Importer(815301076,1909f56bfc062723c751e8b465ee728b) (PreviewImporter) -> (artifact id: 'a4064f386726f3d118fe6cd8135426d0') in 0.0175359 seconds
Number of updated asset objects reloaded before import = 0Number of asset objects unloaded after import = 3

========================================================================
Received Import Request.
  Time since last request: 0.250008 seconds.
  path: Assets/Art/QuikEvent/SK - VERTICAL - fijo.png
  artifactKey: Guid(fc3eef1f66aee5246a8fed911b3235eb) Importer(815301076,1909f56bfc062723c751e8b465ee728b)
Start importing Assets/Art/QuikEvent/SK - VERTICAL - fijo.png using Guid(fc3eef1f66aee5246a8fed911b3235eb) Importer(815301076,1909f56bfc062723c751e8b465ee728b) (PreviewImporter) -> (artifact id: '010cb514e629c90a608f996c801eb04f') in 0.0169583 seconds
Number of updated asset objects reloaded before import = 0Number of asset objects unloaded after import = 3

Editor requested this worker to shutdown with reason: Scaling down because of idle timeout
AssetImportWorker is now disconnected from the server
Process exiting
Exiting without the bug reporter. Application will terminate with return code 0